started solver summary thread
Log started at 02.05.2025	10:58:44
Number of used processors (NPROC): 12.
Number of mesh partitions (NPART): 12.
Computer name:	MSI
Operating system:	Windows 11 (or higher) (Version 10.0.26100)
Commandline:	"C:\Program Files\SOLIDWORKS Corp\SOLIDWORKS Flow Simulation\BINCFW\efdsolver.exe" /config:"D:\Mobile\Pdf\3D Model\210180104009_Bhaskar-Bhatt\SolodWorks Files\Nozzle\2\2.xmlconfig" /guid:0dfcb2d3-28df-4cee-a6c2-e0f7b2687b3f /processors:max /m /s /prjnamelm:"Flow Simulation 2024" /prjnamehabout:"Flow Simulation 2024" /companyname:"COSMOS Applications" /prjaliasid:1002 /lang:English /port:64399
Total Physical Memory = 7.37 Gb, Available Physical Memory = 1.28 Gb
-----------------------------------------------------------------------
Memory Working Set Current = 40.89 Mb, Memory Working Set Peak = 158.18 Mb
Memory Private Bytes Current = 46.57 Mb, Memory Private Bytes Peak = 175.63 Mb
Process Threads Number: 8
-----------------------------------------------------------------------
CPU:	AuthenticAMD, Stepping ID = 1, Model = 8, Family = 15, Extended model = 6, Extended family = 8, MMX SSE SSE2 Hyper-Threading Technology SSE3
CPU Brand String: AMD Ryzen 5 5500U with Radeon Graphics         
Cache Line Size = 64, L2 Associativity = 6, Cache Size = 512K
Number of cores: 12, Processor type: 8664, Active processor mask: 4095, Page size: 4096 bites
Package 0 [ ProcessorGroup 0 [ 0 1 2 3 4 5 6 7 8 9 10 11 ] ]
NUMA Node 0: Available Memory = 1.28 Gb. ProcessorGroup 0 [ 0 1 2 3 4 5 6 7 8 9 10 11 ]
std::thread::hardware_concurrency = 12
No NUMA support
OpenMP enabled (spec=200203). max_threads = 12, num_procs = 12.

SOLIDWORKS 2024 SP1.0
D:\Mobile\Pdf\3D Model\210180104009_Bhaskar-Bhatt\SolodWorks Files\Nozzle\2\2.fld
Configuration name:	Default
Project name:	Nozzle
/*******************************************/
/*         Project Summary                 */
/*******************************************/
Analysis type:						CFD
Problem type:						internal
Result resolution:					6
Minimum gap size:					0.00520317
Minimum wall thickness:				0.00520317
Manual refinement:					Off
Fluid substances count				1

		Advanced capabilities
Heat transfer						Off
Transient						Off
Gravitation						On
Laminar flow						Off
Compressibility					Off
Default wall condition				adiabatic wall
Roughness:						0

************************************************
Flow Simulation 2024  x64 / 6234 / SOLVER ver. efd_dev.5608_04.02.2022+HMN_Inlet_Rework_V1+HMN_Inlet_Rework_V2 
BRANCH: git--efd_2306.6234_23.10.2023



STATIONARY


LAM-BREMHORST K-EPSILON TURBULENCE MODEL
EXTERNAL=0  CHT=0  FROZEN=0  RADIATION=0  HVAC_COMFORT_PARAMETERS=0
Solver mode: normal
X_STACK_LIST::read_x_stack_list4: started...
X_STACK_LIST::read_x_stack_list4: finished in 0.003 s
X_STACK_LIST::write_x_stack_list4: started...
X_STACK_LIST::write_x_stack_list4: finished in 0.008 s
Memory Status before reading BCF:
-----------------------------------------------------------------------
Memory Working Set Current = 43.13 Mb, Memory Working Set Peak = 158.18 Mb
Memory Private Bytes Current = 46.55 Mb, Memory Private Bytes Peak = 175.63 Mb
Process Threads Number: 19
-----------------------------------------------------------------------
bcf::mesh::read_bcf_mesh: started...
Read section 436 takes 0.000 s
Read section 101 takes 0.000 s
Read section 400 takes 0.005 s
Read section 437 takes 0.003 s
Read section 408 takes 0.014 s
Read section 427 takes 0.003 s
Read section 446 takes 0.000 s
Read section 516 takes 0.000 s
Read section 406 takes 0.010 s
Read section 405 takes 0.001 s
Read section 401 takes 0.006 s
Read section 402 takes 0.006 s
Adding faces to av takes 0.006 s
Read section 407 takes 0.002 s
Read section 421 takes 0.010 s
Read section 404 takes 0.001 s
Read section 416 takes 0.001 s
Read section 411 takes 0.001 s
Read section 413 takes 0.000 s
Read section 432 takes 0.000 s

-----------------------------------------------------------------------
BCF CHECKSUM DATA (Mesh 0):

BRICK |Level1| Sum:               51272
FACE_A Area Sum:   G.Fluid        0.0117817431737387
FACE_A Area Sum:   G.Solid        0.0132352125286887
FACE_W Area Sum:                  0.0024525278686187
FACE_W Nb   Sum:                  131956
FACE_W min curvatures sum:        -2458095.47554016
FACE_W max curvatures sum:        516511.79901741
AV Max Disbalance(Const) :        1.27511e-09 (cid=57766, t={35, 35, 30}, avid=44123, pid=11500)
AV Max Disbalance(Linear):        3.61714e-09 (cid=57766, t={35, 35, 30}, avid=44123, pid=11500)
-----------------------------------------------------------------------


-----------------------------------------------------------------------
MESHER TOPOLOGY DATA:

BRICKS: Total                 66463
BRICKS: Fluid                 48321
BRICKS: Fluid Partial         13193
BRICKS: Type 1                13193
BRICKS: Max AV number         2
BRICKS: |level1| sum          51272


AV:     G.Total               79656
AV:     G.Fluid               48321
AV:     G.Solid               31335

AV:     G.Fluid Thin Profile    0.00 % (0)
AV:     G.Solid Thin Profile    0.00 % (0)

AV:     G.Fluid Thin For Mega   0.00 % (0)
AV:     G.Solid Thin For Mega   0.00 % (0)

AV:     G.Fluid Non-Convex      4.79 % (2316)
AV:     G.Solid Non-Convex      9.98 % (3126)

AV:     G.Fluid Non-Ess-Convex      0.29 % (139)
AV:     G.Solid Non-Ess-Convex      0.71 % (222)

FACE_A: G.Fluid          (af) 140339 (partially opened 26468)
FACE_A: G.Solid          (as) 89384 (partially opened 26468)

FACE_W: G.Total                 19447       Brick/Bound
FACE_W: G.Fluid/Solid    (fs_g) 13553       0           
FACE_W: G.Fluid/Fluid    (ff_g) 0           0           
FACE_W: G.Solid/Solid    (ss_g) 0           0           
FACE_W: G.Fluid/Void     (fv_g) 0           0           
FACE_W: G.Fluid/External (fe_g) 0
FACE_W: G.Solid/External (se_g) 5894

AV/CV max fa count (on brick side):5
AV/CV max fw count:                5
AV/CV max fw poly count:           6

MEMORY: Total                   23.238 MB
MEMORY: Per Brick               0.358 KB
-----------------------------------------------------------------------

-----------------------------------------------------------------------
Memory Working Set Current = 104.11 Mb, Memory Working Set Peak = 158.18 Mb
Memory Private Bytes Current = 107.07 Mb, Memory Private Bytes Peak = 175.63 Mb
Process Threads Number: 20
-----------------------------------------------------------------------
----------------------------------------------------------
BCF --> BCF.GEOMSUBDOM (bridge arrays):
MESH (0):
	Front spread algorithm. Partition count = 12
	Time (front spread): 0.004 s
	Fluid Subdom Constructor: 1 subdom(s).
	Front spread algorithm. Partition count = 12
	Time (front spread): 0.003 s
	Solid Subdom Constructor: 2 subdom(s).
	Front spread algorithm. Partition count = 12
	Time (front spread): 0.001 s
	Net Asm Subdom Constructor: 0 subdom(s).
	GEOMSUBDOM (0): gi=0 Fluid av=48321 cv=47399 fa=140339 fw=13553 V=1.363705e-06
	Cache data...OK
	GEOMSUBDOM (1): gi=1 Solid av=28954 cv=28954 fa=82714 fw=17919 V=2.246481e-06
	Cache data...OK
	GEOMSUBDOM (2): gi=1 Solid av=2381 cv=2381 fa=6670 fw=1528 V=6.505233e-08
	Cache data...OK
	Setting nb of w-faces...OK (0.003 s).
	Correcting nb of w-faces...
	Time(correct_fw_nb)=0.003 s

MESH (0) checking:
	GEOMSUBDOM (0):fa_s=0.0117817431737387 fw_s=0.0008833417580843 fw_nb=108212
	              :d_const(30546)=8.86886e-10 d_linear(30546)=2.31475e-09
	GEOMSUBDOM (1):fa_s=0.0127261388727616 fw_s=0.0023742247218879 fw_nb=119748
	              :d_const(3328)=9.55051e-10 d_linear(3328)=3.30222e-09
	GEOMSUBDOM (2):fa_s=0.0005090736559271 fw_s=0.0000783031467308 fw_nb=12208
	              :d_const(2370)=1.95648e-16 d_linear(107)=1.51371e-12
MESH (0) checking: OK.
Time (MDS): 	0.065 s
----------------------------------------------------------
-----------------------------------------------------------------------
Memory Working Set Current = 130.11 Mb, Memory Working Set Peak = 158.18 Mb
Memory Private Bytes Current = 133.57 Mb, Memory Private Bytes Peak = 175.63 Mb
Process Threads Number: 20
-----------------------------------------------------------------------
Read section 448 takes 0.000 s
bcf::mesh::read_bcf_mesh: finished in 0.161 s
Memory Status after reading BCF:
-----------------------------------------------------------------------
Memory Working Set Current = 130.12 Mb, Memory Working Set Peak = 158.18 Mb
Memory Private Bytes Current = 133.57 Mb, Memory Private Bytes Peak = 175.63 Mb
Process Threads Number: 20
-----------------------------------------------------------------------
Total read CPT took 0.18 sec.
Save msh-format to file...Write section 408 takes 0.032 s
Write section 427 takes 0.006 s
OK (0.047 s).
MMP (msh): locals=12, allc_sz=9.44 MB, used_sz=8.34 MB, blks-min-max=10/14
MMP (brx): locals=0, allc_sz=0.00 MB, used_sz=0.00 MB, blks-min-max=0/0
MMP (bcf): locals=13, allc_sz=37.57 MB, used_sz=35.78 MB, blks-min-max=8/39
MMP (xsl): locals=0, allc_sz=0.00 MB, used_sz=0.00 MB, blks-min-max=0/0
MESH::Bricks: Total=66463

-----------------------------------------------------------------------
Mesh dimensions:
				I[0 ]=54
				I[1 ]=20
				I[2 ]=20
Solver refinement level	I[47]=0

Comp. domain size:
				a[0  ]=0.000144565
				a[1  ]=0.0298554
				a[2  ]=-0.00570451
				a[3  ]=0.00543689
				a[4  ]=-0.00539828
				a[5  ]=0.00570447
Wall thickness		a[231]=0
Gap size			a[232]=1
-----------------------------------------------------------------------
Gravity vector:
				gx(a[234])=0
				gy(a[235])=-9.81
				gz(a[236])=0
-----------------------------------------------------------------------
Preparing for calculations started at	2.5.2025	10:58:44
CD X0= 0.000144564572969, X1= 0.029855435427, Y0= -0.00570450877554, Y1= 0.00543689105114, Z0= -0.00539827528739, Z1= 0.00570447019836
Update time step in solids: STATIONARY IN SOLIDS
FLUID SUBDOMAIN   0 LC =1 LAMTURB=1 NONNEWTON=0  STEAM=0  CAVITATION=0 IT=6 NT=2 NC=1 U_DIM_EXT=15

===ThermodynamicsHolder:===
Subdom 0 Ideal gas thermodynamics
	substance 0 type=fwGas, guid=083ADD60A00611D4BBB70050040086B8, name=Oxygen
===ThermodynamicsHolder:===
114 parameter(s) in list of scalar parameters
7 parameter(s) in list of vector parameters
-----------------------------------------------------------------------
Loading mesh settings (global/local/SAR)...
Setting regions (66463 / 66463)...OK (0.001 s)
Max SAR level = 0
-----------------------------------------------------------------------

CollectIndata: Initialize stored in U[] parameters (pressure,momentum,dens,..)... OK(CPU=0.010 s)

THERMODYNAMICS: Initialize stored in U[] parameters (T,Cp,Pr,..)
                and switch to Y-shifted Total Enthalpy:
OK: U[] is initialized.

Collect Virtual Surface Sources...OK
Collect Surface Goals...
Received 0 wall face(s) and 0 virtual face(s)...
 OK
Total CPU time 1 s
Collect Unused surface area...OK
MWS estimation...
Subdomain number =   0 V_indata_max =          0, v_max_from_mf_on_BC =     4.96485, v_max_from_pressure_opening =           0, MWS =    1.24121

There is 1 subdomain in fluid:
subdomain   0: LOW COMPRESSIBLE, MONOTONIC H,   47399 CVs, LAMINAR-TURBULENT TRANSITION
NPROC = 12, nested_parallelization = 0
NPART = 12

/-----------------------------------------------------------/
SOLVER TOPOLOGY DATA:

BRICKS: |level1| sum         51272

CV:     Total               47399
CV:     Fluid               47399
CV:     Solid               0

Fluid:
CV Max Disbalance(Const):                8.86886e-10 (ncv=30546)
CV Max Disbalance(Linear):                2.31475e-09 (ncv=30546, nsd=0)
CV:     G.Fluid Thin Profile    0.00 % (0)
CV:     G.Solid Thin Profile    0.00 % (0)

CV:     G.Fluid Non-Convex      4.84 % (2293)
CV:     G.Solid Non-Convex      0.00 % (0)

FACE_A: Fluid          (af) 140339
FACE_A: Max number placed on a brick-face in cv: 5
FACE_A: Solid          (as) 89384

FACE_W: Total               19447
FACE_W: Fluid/Fluid    (ff) 0
FACE_W: Max number placed in cv: 4
/-----------------------------------------------------------/

  nsd=  0: min rho=1.33006, var Kin E=204.91
Create solver core
 MDS: Converting solver problem ...
MDS: OK
slv : Calculations at run start
slv : Create sub-domains supervisors:
slv : 	Fluid subdom 0(IMS) gsd_ind=0
slv : 	1 fluid
slv : Create sub-domains mesh connectivity supervisors:
slv : Collect slices by phenomena...
slv : 	fluid flow slices were created:	1
slv : 	heat transfer slices were created:	1
slv : 	electric current flow slices were created:	0
slv : 	radiation slices were created:	0
slv : Creating meshes proxies for multigrid...
slv : Convert MESH[0] to multigrid mesh proxy...
slv : 66463 bricks are accounted by implicit methods(100% of total)
slv : max tree bricks count = 8
alg : MG: create topological coarsening...
alg : Mesh 0  OK
slv : Building views for fluid flow...
slv : 1 views are created
slv : Building views for heat transfer...
slv : 1 views are created
slv : Building fluid flow views schemes...
slv : View   0: Implicit scheme in fluid
slv : Building heat transfer views schemes...
slv : PrecalcAtStart views for fluid flow...
=== Fluid sub-domain nsd=0 ========================
Pre-calculations at run start, Implicit Scheme:
fflow count=657
BC re-definition: Real Wall to Ideal Wall: 0 w-faces

MARK CVs, A-FACEs and W-FACEs WITH/NEAR GEOMETRICAL PECULIARITIES:

  FW_VERY_SMALL_AREA: very small areas detected in 65 FWs (0.479599% of all FWs, 0.479599% of FWs that are not skipped in area calculations).
  Skip the artificial force suppressing Un (Ksi_wall) on w-faces = 1509 (11.1341% of w-faces),
  CV_BAD_GEOM_FOR_DERIVATIVES: bad CV geometry for numerical calculation of derivatives detected in partial cvs = 138 (0.291145% of all cvs, 1.12451% of partial cvs),
    (by  presence of degraded to CUp_1st a-faces = 0)
    (by  curvature condition = 138),
    (by  MEGA G-TYPE condition = 0),
    (THRESHOLD_ANGLE_BAD_DERIVATIVES = 47).
  A-faces placed opposite External boundary with Symmetry BC: N_face_ns=0 (0%)
frw count=12896
(nsd = 0) Nfa = 140339, W2P A-face approximations: 36808 stored, 1 failed value weights optimization,
  basis quality levels = { 50374 (68.43%) excellent, 15145 (20.57%) very high, 4924 (6.69%) high, 3110 (4.22%) medium, 63 (0.09%) satisfactory },
  derivative traits = { [2]: 1534, [5]: 15, [6]: 1 },
  value traits = { [0]: 1, [2]: 2, [5]: 3, [6]: 1 }.
(nsd = 0) Ncv = 47399, W2P CV approximations: 24081 stored,
  basis quality levels = { 17854 (74.14%) excellent, 3489 (14.49%) very high, 1728 (7.18%) high, 989 (4.11%) medium, 21 (0.09%) satisfactory },
  gradient[X] traits = { [5]: 634 },
  gradient[Y] traits = { [5]: 529 },
  gradient[Z] traits = { [5]: 471 }.
mgl = 31 size = 47399
mgl = 30 size =  7059
mgl = 29 size =  1296

mgl = 31 size = 47399
mgl = 30 size =  7059

mgl = 31 size = 47399
mgl = 30 size =  7059

CreateGrOperatorsPortraits: CVs with extended (3D) portrait / total CVs = 11759 / 47399 (24.809%).
mgl = 31 size = 47399
mgl = 30 size =  7059

slv : PrecalcAtStart views for heat transfer...
Creating view scheme...
	Alg view 0 aggregates:
mgl = 31 size = 47399
mgl = 30 size =  7059

1 heat transfer algebraic views are created
slv : PrecalcAtStart views for electric current flow...
slv : PrecalcAtStart views for radiation...
Calculate gap size: 
	Min gap size       6.798062e-04 (id=6915)
	Max gap size       1.033565e-02 (id=6603)
	Enlarged by r_d_cv 0
GapSize time = 0.006451 s
slv : Finite volume method GLOBAL MESH METRICS:
slv : eps_const_function  [cv] = MAX_{i}{ SUM( S[f] * n[f][i] ) / SUM( |S[f] * n[f][i]| ) },
slv : eps_linear_function [cv] = | MAX_{i}{ SUM( S[f] * n[f][i] * crd[f][i] ) } - MIN_{i}{ SUM( S[f] * n[f][i] * crd[f][i] ) } | / V[cv],
slv : eps_cv_volume       [cv] = | SUM_{i}{ SUM( S[f] * n[f][i] * crd[f][i] ) } / 3 - V[cv] | / V[cv],
slv :                            where "i" is axis (x, y, z) and "f" is cv's face (of any type),
slv :                            crd[f] is coordinate of face "f" in cv-centered coordinate system, i.e. shifted by -crd[cv].
slv : 	FLUID:
slv : 		    1 GEOMSUBDOM(s):   Ncv =      47399, eps_const_function = 5.0e-09, eps_linear_function = 2.3e-09, eps_cv_volume = 1.2e-09.
slv : 	SOLID:
slv : 		    2 GEOMSUBDOM(s):   Ncv =      31335, eps_const_function = 7.2e-09, eps_linear_function = 3.3e-09, eps_cv_volume = 2.0e-09.

SDS: Re-define MWS=max(mws_sd) over fluid-flow sub-domains in view:
SDS: nsd=  0: mws(view value)=1.2412117759623      
slv : ------------ Start of Preliminary step at Calculation start ------------
<Dynamic P> on nsd = 0 {openings (inlet / outlet)}:
  (SP = Static Pressure, EP = Environment Pressure, TP = Total Pressure, E = External)
  {#1, SP, (0.000000e+00 / 0.000000e+00)}
WALL_DISTANCE: 1 algebraic views were taken from pressure algebraic views 
+------+--------+--------------+--------------+--------------+--------------+--------------+------+----+-+-+--+------+
|Name  |alg view| Initial res  | Initial resL1| Target res   | Final res    | Final res L1 |Visits|Iter|R|F|CL|Status|
|  WD  |       0|  1.077729e-16|  0.000000e+00|  1.077729e-32|  1.685288e-34|  1.160772e-15|    20|  90|1|n|30|  OK  |
nsd = 0, n_opening = 0, hn_averaged = 5.1997553322388984e-04, area_of_opening = 7.8386670685171603e-05
nsd = 0, n_opening = 1, hn_averaged = 2.9236920377487854e-04, area_of_opening = 1.9602076849140895e-05
slv : Fluid subdom(new) 0
slv : P static (new)                 : min(  27396) = 101324.93555626      , max(   5730) = 101325.06437058      
slv : P_static - Rho*g*h (new)       : min(   4653) = 101325               , max(  29802) = 101325.00000002      
slv : Density (new)                  : min(  27396) = 1.3300606171493      , max(   5730) = 1.3300623080544      
slv : Velocity (new)                 : min(      0) = 0                    , max(      0) = 0                    
slv : Mach number (new)              : min(      0) = 0                    , max(      0) = 0                    
slv : Turbulent k (new)              : min(      0) = 0.00092436400367245  , max(      0) = 0.00092436400367245  
slv : Turbulent e (new)              : min(      0) = 0.038435571154814    , max(      0) = 0.038435571154814    
slv : Temperature (new)              : min(      0) = 293.2                , max(      0) = 293.2                
slv : Total enthalpy, Y-shifted (new): min(      0) = 0.00092436588602141  , max(      0) = 0.00092436588602141  
slv : ------------ End of Preliminary step at Calculation start ------------
Collecting Reference Parameters... OK

----------------------------------------------------------
BCF checking (solver)...
----------------------------------------------------------

Estimated cfld size=14.75 Mb
Writing cfld file "D:\Mobile\Pdf\3D Model\210180104009_Bhaskar-Bhatt\SolodWorks Files\Nozzle\2\cflC200.tmp"...
Write section 433 takes 0.005 s
Write section 404 takes 0.002 s
store res: FILE SAVED: cflC200.tmp. Total save cfld took 0.02 sec.
real cfld size=0.37 Mb
CPT size=4.386 MB (4598850 bytes).
CPT size=4.386 MB (4598850 bytes)
CCFLDFileManager::MergeCFLDToCPT: FILE COPIED : "D:\Mobile\Pdf\3D Model\210180104009_Bhaskar-Bhatt\SolodWorks Files\Nozzle\2\2.cpt" -> "D:\Mobile\Pdf\3D Model\210180104009_Bhaskar-Bhatt\SolodWorks Files\Nozzle\2\2.cpt.lock"
CCFLDFileManager::MergeCFLDToCPT: FILE MERGED : "D:\Mobile\Pdf\3D Model\210180104009_Bhaskar-Bhatt\SolodWorks Files\Nozzle\2\cflC200.tmp" -> "D:\Mobile\Pdf\3D Model\210180104009_Bhaskar-Bhatt\SolodWorks Files\Nozzle\2\2.cpt.lock"
CCFLDFileManager::MergeCFLDToCPT: FILE RENAMED: "D:\Mobile\Pdf\3D Model\210180104009_Bhaskar-Bhatt\SolodWorks Files\Nozzle\2\2.cpt.lock" -> "D:\Mobile\Pdf\3D Model\210180104009_Bhaskar-Bhatt\SolodWorks Files\Nozzle\2\2.cpt"
CPT size=4.689 MB (4916785 bytes)
CCFLDFileManager::MergeCFLDToCPT: FILE REMOVED: "D:\Mobile\Pdf\3D Model\210180104009_Bhaskar-Bhatt\SolodWorks Files\Nozzle\2\cflC200.tmp"
OK
Estimated fld size=9.97 Mb
Writing fld file "D:\Mobile\Pdf\3D Model\210180104009_Bhaskar-Bhatt\SolodWorks Files\Nozzle\2\r_000000.fld"...
**************   CHeatPathCalculator report ******************
Temperatures
	0 (Vol 1.36371e-06; Tmin 293.2; Tav 293.2; Tmax 293.2)
Total Energy Balance [W]
	0
**************   CHeatPathCalculator report end******************
store res: FILE SAVED: r_000000.fld. Total save fld took 0.11 sec.
real fld size=2.78 Mb
CPT size=4.689 MB (4916785 bytes).
OK
Init simple interpolator... OK (0.046 sec)
BC 'Inlet Velocity 1' is on 376 faces (AS area=7.83867e-05, CAD area=7.85398e-05, difference=-0.2%)
BC 'Static Pressure 2' is on 281 faces (AS area=1.96021e-05, CAD area=1.9635e-05, difference=-0.2%)

Preview parameters:
	Density (Fluid)
	Pressure
	Temperature
	Temperature (Fluid)
	Velocity
	Velocity (X)
	Velocity (Y)
	Velocity (Z)
	Mach Number
	Dynamic Pressure
	Total Pressure
	Dynamic Viscosity
	Prandtl Number
	Sonic Speed
	Specific Heat (Cp)
	Stagnation Density
	Absolute Total Enthalpy
	Total Temperature
	Volumetric Heat Generation Rate
	Turbulence Intensity
	Turbulence Length
	Turbulent Dissipation
	Turbulent Energy
	Turbulent Time
	Turbulent Viscosity
	Acoustic Power
	Acoustic Power Level
27 parameter(s) in preview list of parameters

Calculation started at	2.5.2025	10:58:49
Total CPU time 5 s
//-------------------------Isotermic task-------------------//

================== Tstep=0 ===================
Boundary layer settings:
	Separation tau    on
	Enable 3D effects on
BL MODEL         	0
	Ignore compressibility  off
	BL on porous body  off
	Separ. tau corr factor 0
	Separ. tau kappa 0.1
	Separ. tau KV0 0.1
	Max hn for engineering models 7
	Laminar Temperature Profile Order 4
	Max Film Thickness 0
------------------------
NumCore Turbulent Model settings:
	Min typical size					1
	Zero vel ht factor				0.006
	C_mju_turb_min                   0.01
	Threshold value for K-E filter   0.000110894
	C_mju                            0.09
	C_eps1                           1.44
	C_eps2                           1.92
	Sigma_k                          1
	Sigma_eps                        1.3
	Sigma_c                          0.9
	Approx mode                      2nd order
-------------
NumCoreFESSettings:
	Maximum possible Mach	0
	Turbulent Prandtl		0.9
-------------
slv : Implicit schemes in fluid settings:
slv : INPR	: rel_resid=0.00790569
slv : BACKGROUND	: rel_resid=0.00790569
slv : DVGR	: rel_resid=0.00790569
slv : MOMENTUM	: rel_resid=0.00790569
slv : CHT	: rel_resid=0.00790569
slv : Y_TD	: rel_resid=0.00790569
slv : Y_TURB	: rel_resid=0.00790569
slv : LMA	: rel_resid=0.00790569
slv : UVGI	: rel_resid=0.00790569
slv : NOx	: rel_resid=0.00790569
slv : VOL_FRAC_IM_PHASE	: rel_resid=0.00790569
slv : (null)	: rel_resid=0.00790569
slv : Disable wall motion impact into H threshold=10
slv : Relax par ring =0.05
slv : Isothermal cavitation CF corrector = 1
slv : Isothermal cavitation pseudo transient corrector = -1
slv : Isothermal cavitation forced time step in cavitated regions = -1
slv : force_free_surface_VOF = -1
slv : SLV_SINGLE_P_WALL = 1
slv : Weighted 2-Point 2nd order experimental features = 0
slv : Stationary with Outer Iterations for Non-Newton:
slv :     forced_global_timestep = -1.79769e+308
slv :     timestep_accel_initial_coeff = 0.01
slv :     timestep_accel_base = 1
slv :     timestep_accel_max_coeff = 50
slv :     timestep_accel_steps_divider = 1
slv : ---------------------------------------
------Solid settings---
Approximation mode = 2'nd order && thin_profiles && weighted_2p_2nd (selectively)
Solid temperature eps_abs scaling factor: 0.001
number dofs per absorptive face: 9
subgrid ratio: 0.500000
------------------------------
slv : Iterations settings:
slv : Max number of outer iter = 1
slv : Max number of Mass&Energy iter = 1
slv : Conservation laws tolerance residuals:
slv : 	MASS	0.005
slv : 	MOMENTUM	0.005
slv : 	ENERGY	0.005
slv : 	SPECIES	0.005
slv : 	TURBULENCE	0.005
slv : 	MASS_AFTER_CALC_RHO	0.005
slv : ---------------------------------------
slv : Scheme blocks settings:
slv : INPR	: stop_crit=residAbs_AND_residRel 
slv : BACKGROUND	: stop_crit=residAbs_AND_residRel 
slv : DVGR	: stop_crit=residAbs_AND_residRel 
slv : MOMENTUM	: stop_crit=residAbs_AND_residRel 
slv : CHT	: stop_crit=residAbs_AND_residRel 
slv : Y_TD	: stop_crit=residAbs_AND_residRel 
slv : Y_TURB	: stop_crit=residAbs_AND_residRel 
slv : LMA	: stop_crit=residAbs_AND_residRel 
slv : UVGI	: stop_crit=residAbs_AND_residRel 
slv : NOx	: stop_crit=residAbs_AND_residRel 
slv : VOL_FRAC_IM_PHASE	: stop_crit=residAbs_AND_residRel 
slv : (null)	: stop_crit=residAbs_AND_residRel 
slv : ---------------------------------------
slv : Big local tau flattener = disabled
Accuracy scale coeff =1
slv : Max Courant factor = 25
nslice = 0; reset pressure calculator:  Rho_ref_grav_new = 1.33006
nslice = 0  P_ref = 101325
nslice = 0  Rho_ref_grav_old = 1.33006, Rho_ref_grav_new = 1.33006
 fluid-flow view[  0]: rho_ref_grav_averaged_in_view = 1.3300614779491       
<Dynamic P> on nsd = 0 {openings (inlet / outlet)}:
  (SP = Static Pressure, EP = Environment Pressure, TP = Total Pressure, E = External)
  {#1, SP, (0.000000e+00 / 0.000000e+00)}
  MWS[  0]=1.24118
tau_viscous_averaged = 0.00391543 
dt(mass,momentum; nsd=  0): min dt/dtG(ncv=   2667)=1.00 , max dt/dtG(ncv=   2017)=3.3    , dtG=2.22352e-05
Flow alg-view 0 in phys-view 0 isn't Neumann (not Multi Phase treating)
Face Momentum (sd=  0): max value of div(mf) (cv=7576) = 2.042150e-06
Flow alg-view 0 is not Neumann (not for Phase Change + Nested Iters)
+----+----+--------------+--------------+--------------+--------------+--------------+------+----+-+-+--+------+
|Name|view| Initial res  | Initial resL1| Target res   | Final res    | Final res L1 |Visits|Iter|R|F|CL|Status|
| BG |   0|  2.966120e-10|  2.606477e-04|  1.925181e-18|  1.457249e-18|  1.334375e-07|    17|  63|1|n|30|  OK  |
Face Momentum (sd=  0): max value of div(mf) (cv=39468) = 1.050143e-10
	norm_L2 of div(momentum) = 1.334262e-09.
Flow alg-view 0 in phys-view 0 isn't Neumann (not Multi Phase treating)
dt(mass,momentum; nsd=  0): min dt/dtG(ncv=   2667)=1.00 , max dt/dtG(ncv=   2017)=3.3    , dtG=2.22352e-05
LOG: number of a-faces with weighted approximations in 0 subdomain: 11.2848 percent
LOG: Rate of a-faces corrected to CUp1st in 0 subdomain: 1.39228 %
slv : SolveBL stage
|nsd|Real WF|NormalF|Cycle F|CriticF| EdgeF |CyclBrF|ExtParF|RWFnumSt|StLvlNum|  nfw  |  alp_U_min  |  nfw  |  alp_U_max  |  nfw  |  alp_T_min  |  nfw  |  alp_T_max  |  nfw  |  BL_s_min   |  nfw  |   BL_s_max  |
|  0|  12896|      0|      0|  12885|     11|      0|      0|   12896|       1|    727|0.0441086    |   6475|2.12089      |    727|78.0603      |   6475|3753.4       |      0|0            |      0|0            |
Face Momentum (sd=  0): max value of div(mf) (cv=39468) = 1.050143e-10
	norm_L2 of div(momentum) = 1.334262e-09.
slv : 3m: nsd = 0 
slv :  3m: ROTATION = NO 
slv :  3m: gravity_vector     = {	 0 	 -9.81 	 0	 }  
slv :  3m: gravity_vector_LCS = {	 0 	 -9.81 	 0	 }  
slv :  +----+----+----+--------------+--------------+--------------+--------------+--------------+------+----+-+-+--+------+
|Name|view| n_y| Initial res  | Initial resL1| Target res   | Final res    | Final res L1 |Visits|Iter|R|F|CL|Status|
+----+----+----+--------------+--------------+--------------+--------------+--------------+------+----+-+-+--+------+
| 3M |   0|   0|  9.645398e-09|  1.300936e-03|  1.112720e-15|  8.725076e-16|  4.824109e-07|     1|   3|0|n|29|  OK  |
Velocity (predicted):
        (local) sd   0: min(  19729)=5.0198499827262e-16  , max(   7571)=2.3975093995891      
slv : 
slv : NUMBER OF INNER ITERATIONS = 1
slv : 
Flow alg-view 0 is not Neumann (not for Phase Change + Nested Iters)
+----+----+--------------+--------------+--------------+--------------+--------------+------+----+-+-+--+------+
|Name|view| Initial res  | Initial resL1| Target res   | Final res    | Final res L1 |Visits|Iter|R|F|CL|Status|
|DVGR|   0|  4.770500e-10|  3.969110e-04|  1.925181e-18|  1.526003e-18|  1.570016e-07|    15|  45|0|n|30|  OK  |
PRESSURE SOLVER(geom_index=  0): sum_C_dp=8.05047e-08
Face Momentum (sd=  0): max value of div(mf) (cv=39406) = 8.040196e-11
	norm_L2 of div(momentum) = 1.431397e-09.
nsd = 0 min_dtHy = 2.22394e-05 (nCV =	7845 ) max_dtHy = 7.44133e-05 (nCV =	2315 ) 
+----+----+--------------+--------------+--------------+--------------+--------------+------+----+-+-+--+------+
|Name|view| Initial res  | Initial resL1| Target res   | Final res    | Final res L1 |Visits|Iter|R|F|CL|Status|
|CHT |   0|  2.356620e-08|  5.676818e-03|  1.472887e-12|  1.390855e-19|  3.319511e-09|     1|   9|0|n|30|  OK  |
nsd = 0 min_dtke = 2.20687e-05 (nCV =	7845 ) max_dtke = 7.32796e-05 (nCV =	2236 ) 
+----+----+----+--------------+--------------+--------------+--------------+--------------+------+----+-+-+--+------+
|Name|view| n_y| Initial res  | Initial resL1| Target res   | Final res    | Final res L1 |Visits|Iter|R|F|CL|Status|
+----+----+----+--------------+--------------+--------------+--------------+--------------+------+----+-+-+--+------+
|turb|   0|   0|  3.291384e-16|  8.271778e-07|  2.057115e-20|  7.466221e-22|  9.651044e-10|     1|   6|0|n|30|  OK  |
|turb|   0|   1|  5.763187e-13|  3.632156e-05|  3.601992e-17|  1.767768e-18|  4.854658e-08|     1|   6|0|n|30|  OK  |
Filter: K,E,momentum: sd =   0 isolating K from zero=      0 E from zero=  31347 E from infinity=      0
slv : Fluid subdom(new) 0
slv : P static (new)                 : min(  44686) = 101412.37872448      , max(   7562) = 107267.78091632      
slv : P_static - Rho*g*h (new)       : min(  44686) = 101412.38860076      , max(   7562) = 107267.78098952      
slv : Density (new)                  : min(  46678) = 1.3312108476463      , max(   7562) = 1.4080848927592      
slv : Velocity (new)                 : min(   5213) = 0.0078311482557549   , max(  45767) = 19.23787189733       
slv : Mach number (new)              : min(   5213) = 2.4024441875732e-05  , max(  45767) = 0.05903822744538     
slv : Turbulent k (new)              : min(      0) = 1e-40                , max(  22393) = 0.00097290898058252  
slv : Turbulent e (new)              : min(   5226) = 3.8968837639658e-38  , max(  22545) = 1.5081937565078      
slv : Temperature (new)              : min(  45767) = 292.99959065733      , max(  26359) = 293.20000059973      
slv : Total enthalpy, Y-shifted (new): min(  47211) = -0.89074077757277    , max(   7571) = 4.6271106485272      
slv : MASS FLUXES AT OPENINGS: MF=-0.000260648, AP=0.000260564
slv : DvGr statistics: min alpha=0.110042(nfa=88066, geom_slice=0)
slv : +----------------------------------+------------+-------+------------+------------+
slv : |          Collector name          | Total Time | Count |  Avg Time  |  Max Time  |
slv : +----------------------------------+------------+-------+------------+------------+
slv : | Calculate_inc                    |       0.000|      0|       0.000|       0.000|
slv : | CollectEMT_Results               |       0.000|      1|       0.000|       0.000|
slv : | HeatPathCalculator_Dynamic       |       0.017|      1|       0.017|       0.017|
slv : | LiSy_make_portrait               |       0.050|     17|       0.003|       0.016|
slv : | build_sl_ordering_CHT            |       0.005|      1|       0.005|       0.005|
slv : | build_sl_ordering_MDS            |       0.013|      1|       0.013|       0.013|
slv : | build_sl_ordering_fluid          |       0.013|      1|       0.013|       0.013|
slv : | calc_Convolutions_MDS            |       0.018|      1|       0.018|       0.018|
slv : | calc_wall_dist                   |       2.275|      1|       2.275|       2.275|
slv : | create_Gr_operators_MDS          |       0.016|      1|       0.016|       0.016|
slv : | create_Gr_operators_portrait_MDS |       0.004|      1|       0.004|       0.004|
slv : | init_Hy_group_MDS                |       0.009|      1|       0.009|       0.009|
slv : | perform_stage_total              |       3.020|     35|       0.086|       2.275|
slv : | precalc_at_start_MDS             |       1.593|      2|       0.796|       1.564|
slv : | solve_3M_MDS                     |       0.045|      1|       0.045|       0.045|
slv : | solve_3M_alg_MDS                 |       0.016|      1|       0.016|       0.016|
slv : | solve_BG_MDS                     |       0.061|      1|       0.061|       0.061|
slv : | solve_BG_alg_MDS                 |       0.055|      1|       0.055|       0.055|
slv : | solve_BL_MDS                     |       0.242|      1|       0.242|       0.242|
slv : | solve_CHT                        |       0.031|      1|       0.031|       0.031|
slv : | solve_CHT_MDS                    |       0.020|      1|       0.020|       0.020|
slv : | solve_CHT_alg_MDS                |       0.006|      1|       0.006|       0.006|
slv : | solve_DvGr_MDS                   |       0.207|      1|       0.207|       0.207|
slv : | solve_DvGr_alg_MDS               |       0.161|      1|       0.161|       0.161|
slv : | solve_INPR_MDS                   |       0.000|      1|       0.000|       0.000|
slv : | solve_PS+QJ                      |       0.000|      0|       0.000|       0.000|
slv : | solve_YLMA_MDS                   |       0.000|      1|       0.000|       0.000|
slv : | solve_YNOx_MDS                   |       0.000|      1|       0.000|       0.000|
slv : | solve_YTd_MDS                    |       0.000|      1|       0.000|       0.000|
slv : | solve_YTurb_MDS                  |       0.088|      1|       0.088|       0.088|
slv : | solve_YTurb_alg_MDS              |       0.022|      2|       0.011|       0.012|
slv : | update_BC_MDS                    |       0.000|      2|       0.000|       0.000|
slv : | update_Mf_after_DvGr             |       0.009|      1|       0.009|       0.009|
slv : | update_VelPressure_MDS           |       0.003|      1|       0.003|       0.003|
slv : +----------------------------------+------------+-------+------------+------------+
-----------------------------------------------------------------------
Memory Working Set Current = 333.60 Mb, Memory Working Set Peak = 333.60 Mb
Memory Private Bytes Current = 359.84 Mb, Memory Private Bytes Peak = 359.84 Mb
Process Threads Number: 31
-----------------------------------------------------------------------
Algebra Pool      : mem_usage = 153.31 Mb, allocated count = 1862

================== Tstep=1 ===================
nslice = 0; reset pressure calculator:  Rho_ref_grav_new = 1.39241
nslice = 0  P_ref = 101325
nslice = 0  Rho_ref_grav_old = 1.33006, Rho_ref_grav_new = 1.39241
 fluid-flow view[  0]: rho_ref_grav_averaged_in_view = 1.3924131545806       
<Dynamic P> on nsd = 0 {openings (inlet / outlet)}:
  (SP = Static Pressure, EP = Environment Pressure, TP = Total Pressure, E = External)
  {#1, SP, (0.000000e+00 / 6.884072e+01)}
  MWS[  0]=1.24102
tau_viscous_averaged = 0.00457168 
dt(mass,momentum; nsd=  0): min dt/dtG(ncv=  46078)=1.00 , max dt/dtG(ncv=   2282)=11.0   , dtG=5.47047e-06
Flow alg-view 0 in phys-view 0 isn't Neumann (not Multi Phase treating)
Face Momentum (sd=  0): max value of div(mf) (cv=7576) = 5.986768e-09
Flow alg-view 0 is not Neumann (not for Phase Change + Nested Iters)
+----+----+--------------+--------------+--------------+--------------+--------------+------+----+-+-+--+------+
|Name|view| Initial res  | Initial resL1| Target res   | Final res    | Final res L1 |Visits|Iter|R|F|CL|Status|
| BG |   0|  2.528542e-15|  9.526837e-07|  1.580338e-19|  1.169736e-19|  4.315109e-08|    13|  39|0|n|30|  OK  |
Face Momentum (sd=  0): max value of div(mf) (cv=41704) = 1.715784e-11
	norm_L2 of div(momentum) = 3.424819e-10.
Flow alg-view 0 in phys-view 0 isn't Neumann (not Multi Phase treating)
LOG: number of a-faces with weighted approximations in 0 subdomain: 13.8194 percent
LOG: Rate of a-faces corrected to CUp1st in 0 subdomain: 2.0893 %
slv : SolveBL stage
|nsd|Real WF|NormalF|Cycle F|CriticF| EdgeF |CyclBrF|ExtParF|RWFnumSt|StLvlNum|  nfw  |  alp_U_min  |  nfw  |  alp_U_max  |  nfw  |  alp_T_min  |  nfw  |  alp_T_max  |  nfw  |  BL_s_min   |  nfw  |   BL_s_max  |
|  0|  12896|  12821|      0|      3|     72|      0|      0|   12896|     121|   2055|0            |  11069|273.41       |  12487|0.0160487    |   7681|167556       |  11382|-27.7759     |   1221|0            |
Face Momentum (sd=  0): max value of div(mf) (cv=41704) = 1.715784e-11
	norm_L2 of div(momentum) = 3.424819e-10.
slv : 3m: nsd = 0 
slv :  3m: ROTATION = NO 
slv :  3m: gravity_vector     = {	 0 	 -9.81 	 0	 }  
slv :  3m: gravity_vector_LCS = {	 0 	 -9.81 	 0	 }  
slv :  +----+----+----+--------------+--------------+--------------+--------------+--------------+------+----+-+-+--+------+
|Name|view| n_y| Initial res  | Initial resL1| Target res   | Final res    | Final res L1 |Visits|Iter|R|F|CL|Status|
+----+----+----+--------------+--------------+--------------+--------------+--------------+------+----+-+-+--+------+
| 3M |   0|   0|  1.247965e-06|  2.029670e-01|  4.384286e-15|  9.281184e-22|  7.498991e-10|     2|   6|0|n|29|  OK  |
Velocity (predicted):
        (local) sd   0: min(   8666)=0.0053361481122441   , max(  45768)=21.040963266215      
Flow alg-view 0 is not Neumann (not for Phase Change + Nested Iters)
+----+----+--------------+--------------+--------------+--------------+--------------+------+----+-+-+--+------+
|Name|view| Initial res  | Initial resL1| Target res   | Final res    | Final res L1 |Visits|Iter|R|F|CL|Status|
|DVGR|   0|  2.085585e-10|  1.032420e-03|  5.940287e-19|  2.067946e-19|  6.283589e-08|    15|  45|0|n|30|  OK  |
PRESSURE SOLVER(geom_index=  0): sum_C_dp=-1.93761e-07
Face Momentum (sd=  0): max value of div(mf) (cv=39754) = 6.997742e-11
	norm_L2 of div(momentum) = 1.447924e-09.
nsd = 0 min_dtHy = 5.47066e-06 (nCV =	46214 ) max_dtHy = 6.0284e-05 (nCV =	2282 ) 
+----+----+--------------+--------------+--------------+--------------+--------------+------+----+-+-+--+------+
|Name|view| Initial res  | Initial resL1| Target res   | Final res    | Final res L1 |Visits|Iter|R|F|CL|Status|
|CHT |   0|  1.246653e-08|  3.527307e-03|  7.791579e-13|  1.222895e-33|  6.220836e-16|     1|   9|0|n|30|  OK  |
nsd = 0 min_dtke = 5.46165e-06 (nCV =	46212 ) max_dtke = 5.22663e-05 (nCV =	27307 ) 
+----+----+----+--------------+--------------+--------------+--------------+--------------+------+----+-+-+--+------+
|Name|view| n_y| Initial res  | Initial resL1| Target res   | Final res    | Final res L1 |Visits|Iter|R|F|CL|Status|
+----+----+----+--------------+--------------+--------------+--------------+--------------+------+----+-+-+--+------+
|turb|   0|   0|  3.552531e-12|  3.688462e-05|  5.443329e-19|  4.271982e-26|  2.091716e-12|     1|   6|0|n|30|  OK  |
|turb|   0|   1|  1.038271e-05|  6.169294e-02|  2.948178e-13|  1.217723e-19|  3.512206e-09|     1|   6|0|n|30|  OK  |
Filter: K,E,momentum: sd =   0 isolating K from zero=    190 E from zero=  12532 E from infinity=  12286
slv : Fluid subdom(new) 0
slv : P static (new)                 : min(  46118) = 101271.23751543      , max(   7582) = 101954.00587081      
slv : P_static - Rho*g*h (new)       : min(  46118) = 101271.2394944       , max(   7582) = 101954.01355678      
slv : Density (new)                  : min(  46118) = 1.3297147875123      , max(   7582) = 1.3383501971715      
slv : Velocity (new)                 : min(  12556) = 0.0028268971359997   , max(  45767) = 18.717313818635      
slv : Mach number (new)              : min(  12556) = 8.6723725186749e-06  , max(  45767) = 0.05743965808151     
slv : Turbulent k (new)              : min(    221) = 1e-40                , max(  29742) = 0.81051219521351     
slv : Turbulent e (new)              : min(  30099) = 1.086852389692e-38   , max(  29742) = 1421.5049447068      
slv : Temperature (new)              : min(  45767) = 293.01033150328      , max(  26359) = 293.20000050016      
slv : Total enthalpy, Y-shifted (new): min(  47224) = -1.0505630519462     , max(   7571) = 5.9467099206428      
slv : MASS FLUXES AT OPENINGS: MF=-0.000261403, AP=0.000261598
slv : DvGr statistics: min alpha=0.117464(nfa=88066, geom_slice=0)
slv : +----------------------------------+------------+-------+------------+------------+
slv : |          Collector name          | Total Time | Count |  Avg Time  |  Max Time  |
slv : +----------------------------------+------------+-------+------------+------------+
slv : | Calculate_inc                    |       0.799|      1|       0.799|       0.799|
slv : | CollectEMT_Results               |       0.000|      2|       0.000|       0.000|
slv : | HeatPathCalculator_Dynamic       |       0.017|      1|       0.017|       0.017|
slv : | LiSy_make_portrait               |       0.064|     23|       0.003|       0.016|
slv : | Results_processing               |       0.063|      1|       0.063|       0.063|
slv : | build_sl_ordering_CHT            |       0.010|      2|       0.005|       0.005|
slv : | build_sl_ordering_MDS            |       0.027|      2|       0.013|       0.014|
slv : | build_sl_ordering_fluid          |       0.027|      2|       0.013|       0.014|
slv : | calc_Convolutions_MDS            |       0.034|      2|       0.017|       0.018|
slv : | calc_wall_dist                   |       2.275|      1|       2.275|       2.275|
slv : | create_Gr_operators_MDS          |       0.032|      2|       0.016|       0.016|
slv : | create_Gr_operators_portrait_MDS |       0.010|      2|       0.005|       0.005|
slv : | init_Hy_group_MDS                |       0.018|      2|       0.009|       0.009|
slv : | perform_stage_total              |       3.560|     62|       0.057|       2.275|
slv : | precalc_at_start_MDS             |       1.593|      2|       0.796|       1.564|
slv : | solve_3M_MDS                     |       0.123|      2|       0.061|       0.078|
slv : | solve_3M_alg_MDS                 |       0.068|      2|       0.034|       0.052|
slv : | solve_BG_MDS                     |       0.114|      2|       0.057|       0.061|
slv : | solve_BG_alg_MDS                 |       0.101|      2|       0.050|       0.055|
slv : | solve_BL_MDS                     |       0.326|      2|       0.163|       0.242|
slv : | solve_CHT                        |       0.061|      2|       0.030|       0.031|
slv : | solve_CHT_MDS                    |       0.040|      2|       0.020|       0.020|
slv : | solve_CHT_alg_MDS                |       0.013|      2|       0.006|       0.006|
slv : | solve_DvGr_MDS                   |       0.385|      2|       0.193|       0.207|
slv : | solve_DvGr_alg_MDS               |       0.293|      2|       0.146|       0.161|
slv : | solve_INPR_MDS                   |       0.000|      1|       0.000|       0.000|
slv : | solve_PS+QJ                      |       0.000|      0|       0.000|       0.000|
slv : | solve_YLMA_MDS                   |       0.000|      2|       0.000|       0.000|
slv : | solve_YNOx_MDS                   |       0.000|      2|       0.000|       0.000|
slv : | solve_YTd_MDS                    |       0.000|      2|       0.000|       0.000|
slv : | solve_YTurb_MDS                  |       0.174|      2|       0.087|       0.088|
slv : | solve_YTurb_alg_MDS              |       0.043|      4|       0.011|       0.012|
slv : | update_BC_MDS                    |       0.000|      3|       0.000|       0.000|
slv : | update_Mf_after_DvGr             |       0.019|      2|       0.010|       0.010|
slv : | update_VelPressure_MDS           |       0.006|      2|       0.003|       0.003|
slv : +----------------------------------+------------+-------+------------+------------+
-----------------------------------------------------------------------
Memory Working Set Current = 350.44 Mb, Memory Working Set Peak = 350.44 Mb
Memory Private Bytes Current = 375.75 Mb, Memory Private Bytes Peak = 375.75 Mb
Process Threads Number: 31
-----------------------------------------------------------------------
Algebra Pool      : mem_usage = 168.69 Mb, allocated count = 2012

================== Tstep=2 ===================
nslice = 0; reset pressure calculator:  Rho_ref_grav_new = 1.33624
nslice = 0  P_ref = 101325
nslice = 0  Rho_ref_grav_old = 1.39241, Rho_ref_grav_new = 1.33624
 fluid-flow view[  0]: rho_ref_grav_averaged_in_view = 1.3362379255404       
<Dynamic P> on nsd = 0 {openings (inlet / outlet)}:
  (SP = Static Pressure, EP = Environment Pressure, TP = Total Pressure, E = External)
  {#1, SP, (0.000000e+00 / 6.916420e+01)}
  MWS[  0]=1.23978
tau_viscous_averaged = 0.00425598 
dt(mass,momentum; nsd=  0): min dt/dtG(ncv=  46180)=1.00 , max dt/dtG(ncv=   2282)=11.0   , dtG=5.52921e-06
Flow alg-view 0 in phys-view 0 isn't Neumann (not Multi Phase treating)
Face Momentum (sd=  0): max value of div(mf) (cv=7576) = 2.779869e-10
Flow alg-view 0 is not Neumann (not for Phase Change + Nested Iters)
+----+----+--------------+--------------+--------------+--------------+--------------+------+----+-+-+--+------+
|Name|view| Initial res  | Initial resL1| Target res   | Final res    | Final res L1 |Visits|Iter|R|F|CL|Status|
| BG |   0|  5.973706e-18|  2.272680e-07|  5.940287e-21|  3.302976e-21|  6.399367e-09|    13|  39|0|n|30|  OK  |
log10(resTarget_Lim / resTarget_Orig): 1.2 
Face Momentum (sd=  0): max value of div(mf) (cv=41704) = 3.037343e-12
	norm_L2 of div(momentum) = 5.755381e-11.
Flow alg-view 0 in phys-view 0 isn't Neumann (not Multi Phase treating)
LOG: number of a-faces with weighted approximations in 0 subdomain: 17.4456 percent
LOG: Rate of a-faces corrected to CUp1st in 0 subdomain: 3.03768 %
slv : SolveBL stage
|nsd|Real WF|NormalF|Cycle F|CriticF| EdgeF |CyclBrF|ExtParF|RWFnumSt|StLvlNum|  nfw  |  alp_U_min  |  nfw  |  alp_U_max  |  nfw  |  alp_T_min  |  nfw  |  alp_T_max  |  nfw  |  BL_s_min   |  nfw  |   BL_s_max  |
|  0|  12896|  12821|      0|      3|     72|      0|      0|   12896|     119|   2057|0            |   3138|1629.79      |   7251|0.00734075   |   7077|63483.9      |  11547|-8.91511     |   1221|0            |
Face Momentum (sd=  0): max value of div(mf) (cv=41704) = 3.037343e-12
	norm_L2 of div(momentum) = 5.755381e-11.
slv : 3m: nsd = 0 
slv :  3m: ROTATION = NO 
slv :  3m: gravity_vector     = {	 0 	 -9.81 	 0	 }  
slv :  3m: gravity_vector_LCS = {	 0 	 -9.81 	 0	 }  
slv :  +----+----+----+--------------+--------------+--------------+--------------+--------------+------+----+-+-+--+------+
|Name|view| n_y| Initial res  | Initial resL1| Target res   | Final res    | Final res L1 |Visits|Iter|R|F|CL|Status|
+----+----+----+--------------+--------------+--------------+--------------+--------------+------+----+-+-+--+------+
| 3M |   0|   0|  5.537728e-08|  3.076119e-02|  4.328137e-15|  4.152639e-15|  2.064222e-06|     1|   3|0|n|29|  OK  |
Velocity (predicted):
        (local) sd   0: min(  28095)=0.004862340686698    , max(  46117)=19.219736273693      
Flow alg-view 0 is not Neumann (not for Phase Change + Nested Iters)
+----+----+--------------+--------------+--------------+--------------+--------------+------+----+-+-+--+------+
|Name|view| Initial res  | Initial resL1| Target res   | Final res    | Final res L1 |Visits|Iter|R|F|CL|Status|
|DVGR|   0|  2.086926e-10|  8.606493e-04|  5.105515e-19|  3.219011e-19|  7.693331e-08|    11|  33|0|n|30|  OK  |
PRESSURE SOLVER(geom_index=  0): sum_C_dp=-1.4409e-08
Face Momentum (sd=  0): max value of div(mf) (cv=12595) = 2.764328e-11
	norm_L2 of div(momentum) = 5.988679e-10.
nsd = 0 min_dtHy = 5.52942e-06 (nCV =	46146 ) max_dtHy = 6.07768e-05 (nCV =	2282 ) 
+----+----+--------------+--------------+--------------+--------------+--------------+------+----+-+-+--+------+
|Name|view| Initial res  | Initial resL1| Target res   | Final res    | Final res L1 |Visits|Iter|R|F|CL|Status|
|CHT |   0|  1.056670e-08|  3.178182e-03|  6.604189e-13|  1.616676e-33|  6.550592e-16|     1|   9|0|n|30|  OK  |
nsd = 0 min_dtke = 5.50133e-06 (nCV =	46200 ) max_dtke = 5.255e-05 (nCV =	2282 ) 
+----+----+----+--------------+--------------+--------------+--------------+--------------+------+----+-+-+--+------+
|Name|view| n_y| Initial res  | Initial resL1| Target res   | Final res    | Final res L1 |Visits|Iter|R|F|CL|Status|
+----+----+----+--------------+--------------+--------------+--------------+--------------+------+----+-+-+--+------+
|turb|   0|   0|  4.515625e-12|  5.590341e-05|  4.740039e-19|  4.250592e-26|  1.967221e-12|     1|   6|0|n|30|  OK  |
|turb|   0|   1|  1.317988e-05|  8.316227e-02|  2.428334e-13|  1.190669e-19|  3.253828e-09|     1|   6|0|n|30|  OK  |
Filter: K,E,momentum: sd =   0 isolating K from zero=    120 E from zero=  16761 E from infinity=  12285
slv : Fluid subdom(new) 0
slv : P static (new)                 : min(  45901) = 101280.35356009      , max(   7582) = 101506.62329466      
slv : P_static - Rho*g*h (new)       : min(  45901) = 101280.34815687      , max(   7582) = 101506.63067055      
slv : Density (new)                  : min(  46098) = 1.3298088961498      , max(   7582) = 1.3324805248119      
slv : Velocity (new)                 : min(   8752) = 0.011076363617841    , max(  45767) = 18.186902538018      
slv : Mach number (new)              : min(   8752) = 3.3980132454333e-05  , max(  45767) = 0.055810918242708    
slv : Turbulent k (new)              : min(   9910) = 1e-40                , max(  29750) = 1.0105502029486      
slv : Turbulent e (new)              : min(  34728) = 7.7465178194976e-39  , max(  29750) = 1893.7538768608      
slv : Temperature (new)              : min(  45767) = 293.02098974792      , max(  26359) = 293.20000041614      
slv : Total enthalpy, Y-shifted (new): min(  46770) = -1.2265667688842     , max(   7571) = 7.0411992907041      
slv : MASS FLUXES AT OPENINGS: MF=-0.000261442, AP=0.000261457
slv : DvGr statistics: min alpha=0.118725(nfa=88066, geom_slice=0)
slv : +----------------------------------+------------+-------+------------+------------+
slv : |          Collector name          | Total Time | Count |  Avg Time  |  Max Time  |
slv : +----------------------------------+------------+-------+------------+------------+
slv : | Calculate_inc                    |       1.418|      2|       0.709|       0.799|
slv : | CollectEMT_Results               |       0.000|      3|       0.000|       0.000|
slv : | HeatPathCalculator_Dynamic       |       0.017|      1|       0.017|       0.017|
slv : | LiSy_make_portrait               |       0.078|     29|       0.003|       0.016|
slv : | Results_processing               |       0.138|      2|       0.069|       0.075|
slv : | build_sl_ordering_CHT            |       0.015|      3|       0.005|       0.005|
slv : | build_sl_ordering_MDS            |       0.041|      3|       0.014|       0.014|
slv : | build_sl_ordering_fluid          |       0.041|      3|       0.014|       0.014|
slv : | calc_Convolutions_MDS            |       0.053|      3|       0.018|       0.019|
slv : | calc_wall_dist                   |       2.275|      1|       2.275|       2.275|
slv : | create_Gr_operators_MDS          |       0.051|      3|       0.017|       0.019|
slv : | create_Gr_operators_portrait_MDS |       0.015|      3|       0.005|       0.005|
slv : | init_Hy_group_MDS                |       0.026|      3|       0.009|       0.009|
slv : | perform_stage_total              |       4.021|     89|       0.045|       2.275|
slv : | precalc_at_start_MDS             |       1.593|      2|       0.796|       1.564|
slv : | solve_3M_MDS                     |       0.163|      3|       0.054|       0.078|
slv : | solve_3M_alg_MDS                 |       0.082|      3|       0.027|       0.052|
slv : | solve_BG_MDS                     |       0.162|      3|       0.054|       0.061|
slv : | solve_BG_alg_MDS                 |       0.141|      3|       0.047|       0.055|
slv : | solve_BL_MDS                     |       0.409|      3|       0.136|       0.242|
slv : | solve_CHT                        |       0.088|      3|       0.029|       0.031|
slv : | solve_CHT_MDS                    |       0.057|      3|       0.019|       0.020|
slv : | solve_CHT_alg_MDS                |       0.019|      3|       0.006|       0.006|
slv : | solve_DvGr_MDS                   |       0.530|      3|       0.177|       0.207|
slv : | solve_DvGr_alg_MDS               |       0.390|      3|       0.130|       0.161|
slv : | solve_INPR_MDS                   |       0.000|      1|       0.000|       0.000|
slv : | solve_PS+QJ                      |       0.000|      0|       0.000|       0.000|
slv : | solve_YLMA_MDS                   |       0.000|      3|       0.000|       0.000|
slv : | solve_YNOx_MDS                   |       0.000|      3|       0.000|       0.000|
slv : | solve_YTd_MDS                    |       0.000|      3|       0.000|       0.000|
slv : | solve_YTurb_MDS                  |       0.256|      3|       0.085|       0.088|
slv : | solve_YTurb_alg_MDS              |       0.064|      6|       0.011|       0.012|
slv : | update_BC_MDS                    |       0.000|      4|       0.000|       0.000|
slv : | update_Mf_after_DvGr             |       0.029|      3|       0.010|       0.010|
slv : | update_VelPressure_MDS           |       0.008|      3|       0.003|       0.003|
slv : +----------------------------------+------------+-------+------------+------------+
-----------------------------------------------------------------------
Memory Working Set Current = 350.97 Mb, Memory Working Set Peak = 350.97 Mb
Memory Private Bytes Current = 375.93 Mb, Memory Private Bytes Peak = 375.93 Mb
Process Threads Number: 31
-----------------------------------------------------------------------
Algebra Pool      : mem_usage = 168.69 Mb, allocated count = 2015

================== Tstep=3 ===================
nslice = 0; reset pressure calculator:  Rho_ref_grav_new = 1.33189
nslice = 0  P_ref = 101325
nslice = 0  Rho_ref_grav_old = 1.33624, Rho_ref_grav_new = 1.33189
 fluid-flow view[  0]: rho_ref_grav_averaged_in_view = 1.3318914899936       
<Dynamic P> on nsd = 0 {openings (inlet / outlet)}:
  (SP = Static Pressure, EP = Environment Pressure, TP = Total Pressure, E = External)
  {#1, SP, (0.000000e+00 / 6.923436e+01)}
  MWS[  0]=1.23045
tau_viscous_averaged = 0.00424366 
dt(mass,momentum; nsd=  0): min dt/dtG(ncv=  46078)=1.00 , max dt/dtG(ncv=   2282)=10.7   , dtG=5.7187e-06
Flow alg-view 0 in phys-view 0 isn't Neumann (not Multi Phase treating)
Face Momentum (sd=  0): max value of div(mf) (cv=7548) = 1.566324e-10
Flow alg-view 0 is not Neumann (not for Phase Change + Nested Iters)
+----+----+--------------+--------------+--------------+--------------+--------------+------+----+-+-+--+------+
|Name|view| Initial res  | Initial resL1| Target res   | Final res    | Final res L1 |Visits|Iter|R|F|CL|Status|
| BG |   0|  2.109110e-18|  9.856836e-08|  5.105515e-21|  2.979808e-21|  7.045067e-09|    11|  33|0|n|30|  OK  |
log10(resTarget_Lim / resTarget_Orig): 1.6 
Face Momentum (sd=  0): max value of div(mf) (cv=43883) = 2.662481e-12
	norm_L2 of div(momentum) = 5.459854e-11.
Flow alg-view 0 in phys-view 0 isn't Neumann (not Multi Phase treating)
LOG: number of a-faces with weighted approximations in 0 subdomain: 15.6364 percent
LOG: Rate of a-faces corrected to CUp1st in 0 subdomain: 2.12831 %
slv : SolveBL stage
|nsd|Real WF|NormalF|Cycle F|CriticF| EdgeF |CyclBrF|ExtParF|RWFnumSt|StLvlNum|  nfw  |  alp_U_min  |  nfw  |  alp_U_max  |  nfw  |  alp_T_min  |  nfw  |  alp_T_max  |  nfw  |  BL_s_min   |  nfw  |   BL_s_max  |
|  0|  12896|  12823|      0|      1|     72|      0|      0|   12896|     119|   2056|0            |   5617|1829.72      |   7753|0.00753821   |   7990|89407.6      |  10333|-6.10019     |   1221|0            |
Face Momentum (sd=  0): max value of div(mf) (cv=43883) = 2.662481e-12
	norm_L2 of div(momentum) = 5.459854e-11.
slv : 3m: nsd = 0 
slv :  3m: ROTATION = NO 
slv :  3m: gravity_vector     = {	 0 	 -9.81 	 0	 }  
slv :  3m: gravity_vector_LCS = {	 0 	 -9.81 	 0	 }  
slv :  +----+----+----+--------------+--------------+--------------+--------------+--------------+------+----+-+-+--+------+
|Name|view| n_y| Initial res  | Initial resL1| Target res   | Final res    | Final res L1 |Visits|Iter|R|F|CL|Status|
+----+----+----+--------------+--------------+--------------+--------------+--------------+------+----+-+-+--+------+
| 3M |   0|   0|  5.400355e-08|  1.578556e-02|  4.071598e-15|  1.438786e-15|  9.768696e-07|     1|   3|0|n|29|  OK  |
Velocity (predicted):
        (local) sd   0: min(  16331)=0.0075860175044129   , max(  45767)=17.844100091835      
Flow alg-view 0 is not Neumann (not for Phase Change + Nested Iters)
+----+----+--------------+--------------+--------------+--------------+--------------+------+----+-+-+--+------+
|Name|view| Initial res  | Initial resL1| Target res   | Final res    | Final res L1 |Visits|Iter|R|F|CL|Status|
|DVGR|   0|  8.893293e-11|  5.236928e-04|  4.563497e-19|  3.561359e-19|  7.302482e-08|     9|  27|0|n|30|  OK  |
PRESSURE SOLVER(geom_index=  0): sum_C_dp=-1.15132e-09
Face Momentum (sd=  0): max value of div(mf) (cv=39406) = 5.229635e-11
	norm_L2 of div(momentum) = 5.996126e-10.
nsd = 0 min_dtHy = 5.71893e-06 (nCV =	46200 ) max_dtHy = 6.11878e-05 (nCV =	2282 ) 
+----+----+--------------+--------------+--------------+--------------+--------------+------+----+-+-+--+------+
|Name|view| Initial res  | Initial resL1| Target res   | Final res    | Final res L1 |Visits|Iter|R|F|CL|Status|
|CHT |   0|  9.170470e-09|  3.087646e-03|  5.731544e-13|  3.628387e-33|  9.184667e-16|     1|   9|0|n|30|  OK  |
nsd = 0 min_dtke = 5.66082e-06 (nCV =	46180 ) max_dtke = 5.24989e-05 (nCV =	2282 ) 
+----+----+----+--------------+--------------+--------------+--------------+--------------+------+----+-+-+--+------+
|Name|view| n_y| Initial res  | Initial resL1| Target res   | Final res    | Final res L1 |Visits|Iter|R|F|CL|Status|
+----+----+----+--------------+--------------+--------------+--------------+--------------+------+----+-+-+--+------+
|turb|   0|   0|  8.736790e-12|  9.293709e-05|  4.205122e-19|  3.648925e-26|  2.392971e-12|     1|   6|0|n|30|  OK  |
|turb|   0|   1|  2.724926e-05|  1.492024e-01|  2.033035e-13|  1.005480e-19|  3.840757e-09|     1|   6|0|n|30|  OK  |
Filter: K,E,momentum: sd =   0 isolating K from zero=    135 E from zero=  16509 E from infinity=  11798
slv : Fluid subdom(new) 0
slv : P static (new)                 : min(  45795) = 101305.66074246      , max(   8107) = 101461.69209398      
slv : P_static - Rho*g*h (new)       : min(  46152) = 101305.6629551       , max(   8107) = 101461.72492096      
slv : Density (new)                  : min(  46193) = 1.3300188497693      , max(   8107) = 1.3318673871776      
slv : Velocity (new)                 : min(   8752) = 0.0046384623852218   , max(  46117) = 18.118231535672      
slv : Mach number (new)              : min(   8752) = 1.4229901817274e-05  , max(  46117) = 0.055600033661947    
slv : Turbulent k (new)              : min(   9910) = 1e-40                , max(  15636) = 1.2180523195383      
slv : Turbulent e (new)              : min(  23979) = 5.9491914340587e-39  , max(  15636) = 2571.134608561       
slv : Temperature (new)              : min(  46117) = 293.02258157029      , max(  26359) = 293.20000032572      
slv : Total enthalpy, Y-shifted (new): min(  46770) = -1.4081094022318     , max(   7584) = 7.9411436074318      
slv : MASS FLUXES AT OPENINGS: MF=-0.000261424, AP=0.000261426
slv : DvGr statistics: min alpha=0.117018(nfa=88066, geom_slice=0)
slv : +----------------------------------+------------+-------+------------+------------+
slv : |          Collector name          | Total Time | Count |  Avg Time  |  Max Time  |
slv : +----------------------------------+------------+-------+------------+------------+
slv : | Calculate_inc                    |       1.956|      3|       0.652|       0.799|
slv : | CollectEMT_Results               |       0.000|      4|       0.000|       0.000|
slv : | HeatPathCalculator_Dynamic       |       0.017|      1|       0.017|       0.017|
slv : | LiSy_make_portrait               |       0.088|     33|       0.003|       0.016|
slv : | Results_processing               |       0.215|      3|       0.072|       0.077|
slv : | build_sl_ordering_CHT            |       0.015|      4|       0.004|       0.005|
slv : | build_sl_ordering_MDS            |       0.041|      4|       0.010|       0.014|
slv : | build_sl_ordering_fluid          |       0.041|      4|       0.010|       0.014|
slv : | calc_Convolutions_MDS            |       0.070|      4|       0.017|       0.019|
slv : | calc_wall_dist                   |       2.275|      1|       2.275|       2.275|
slv : | create_Gr_operators_MDS          |       0.067|      4|       0.017|       0.019|
slv : | create_Gr_operators_portrait_MDS |       0.020|      4|       0.005|       0.005|
slv : | init_Hy_group_MDS                |       0.034|      4|       0.009|       0.009|
slv : | perform_stage_total              |       4.454|    116|       0.038|       2.275|
slv : | precalc_at_start_MDS             |       1.593|      2|       0.796|       1.564|
slv : | solve_3M_MDS                     |       0.205|      4|       0.051|       0.078|
slv : | solve_3M_alg_MDS                 |       0.097|      4|       0.024|       0.052|
slv : | solve_BG_MDS                     |       0.207|      4|       0.052|       0.061|
slv : | solve_BG_alg_MDS                 |       0.179|      4|       0.045|       0.055|
slv : | solve_BL_MDS                     |       0.495|      4|       0.124|       0.242|
slv : | solve_CHT                        |       0.115|      4|       0.029|       0.031|
slv : | solve_CHT_MDS                    |       0.078|      4|       0.020|       0.021|
slv : | solve_CHT_alg_MDS                |       0.025|      4|       0.006|       0.006|
slv : | solve_DvGr_MDS                   |       0.660|      4|       0.165|       0.207|
slv : | solve_DvGr_alg_MDS               |       0.474|      4|       0.119|       0.161|
slv : | solve_INPR_MDS                   |       0.000|      1|       0.000|       0.000|
slv : | solve_PS+QJ                      |       0.000|      0|       0.000|       0.000|
slv : | solve_YLMA_MDS                   |       0.000|      4|       0.000|       0.000|
slv : | solve_YNOx_MDS                   |       0.000|      4|       0.000|       0.000|
slv : | solve_YTd_MDS                    |       0.000|      4|       0.000|       0.000|
slv : | solve_YTurb_MDS                  |       0.339|      4|       0.085|       0.088|
slv : | solve_YTurb_alg_MDS              |       0.086|      8|       0.011|       0.012|
slv : | update_BC_MDS                    |       0.000|      5|       0.000|       0.000|
slv : | update_Mf_after_DvGr             |       0.038|      4|       0.010|       0.010|
slv : | update_VelPressure_MDS           |       0.011|      4|       0.003|       0.003|
slv : +----------------------------------+------------+-------+------------+------------+
-----------------------------------------------------------------------
Memory Working Set Current = 351.15 Mb, Memory Working Set Peak = 351.15 Mb
Memory Private Bytes Current = 363.66 Mb, Memory Private Bytes Peak = 375.93 Mb
Process Threads Number: 31
-----------------------------------------------------------------------
Algebra Pool      : mem_usage = 168.69 Mb, allocated count = 2012

================== Tstep=4 ===================
nslice = 0; reset pressure calculator:  Rho_ref_grav_new = 1.33151
nslice = 0  P_ref = 101325
nslice = 0  Rho_ref_grav_old = 1.33189, Rho_ref_grav_new = 1.33151
 fluid-flow view[  0]: rho_ref_grav_averaged_in_view = 1.3315114860325       
<Dynamic P> on nsd = 0 {openings (inlet / outlet)}:
  (SP = Static Pressure, EP = Environment Pressure, TP = Total Pressure, E = External)
  {#1, SP, (0.000000e+00 / 6.934716e+01)}
  MWS[  0]=1.16961
tau_viscous_averaged = 0.00426808 
dt(mass,momentum; nsd=  0): min dt/dtG(ncv=  46078)=1.00 , max dt/dtG(ncv=   2282)=10.9   , dtG=5.86803e-06
Flow alg-view 0 in phys-view 0 isn't Neumann (not Multi Phase treating)
Face Momentum (sd=  0): max value of div(mf) (cv=7576) = 1.828535e-10
Flow alg-view 0 is not Neumann (not for Phase Change + Nested Iters)
+----+----+--------------+--------------+--------------+--------------+--------------+------+----+-+-+--+------+
|Name|view| Initial res  | Initial resL1| Target res   | Final res    | Final res L1 |Visits|Iter|R|F|CL|Status|
| BG |   0|  2.704439e-18|  9.601863e-08|  4.563497e-21|  1.304367e-21|  4.792101e-09|    11|  33|0|n|30|  OK  |
log10(resTarget_Lim / resTarget_Orig): 1.4 
Face Momentum (sd=  0): max value of div(mf) (cv=43883) = 1.721977e-12
	norm_L2 of div(momentum) = 3.612303e-11.
Flow alg-view 0 in phys-view 0 isn't Neumann (not Multi Phase treating)
LOG: number of a-faces with weighted approximations in 0 subdomain: 17.2817 percent
LOG: Rate of a-faces corrected to CUp1st in 0 subdomain: 2.98015 %
slv : SolveBL stage
|nsd|Real WF|NormalF|Cycle F|CriticF| EdgeF |CyclBrF|ExtParF|RWFnumSt|StLvlNum|  nfw  |  alp_U_min  |  nfw  |  alp_U_max  |  nfw  |  alp_T_min  |  nfw  |  alp_T_max  |  nfw  |  BL_s_min   |  nfw  |   BL_s_max  |
|  0|  12896|  12823|      0|      1|     72|      0|      0|   12896|     119|   2056|0            |   5747|10767.2      |   7252|0.00770955   |   7488|76323        |  11789|-5.98815     |   1221|0            |
Face Momentum (sd=  0): max value of div(mf) (cv=43883) = 1.721977e-12
	norm_L2 of div(momentum) = 3.612303e-11.
slv : 3m: nsd = 0 
slv :  3m: ROTATION = NO 
slv :  3m: gravity_vector     = {	 0 	 -9.81 	 0	 }  
slv :  3m: gravity_vector_LCS = {	 0 	 -9.81 	 0	 }  
slv :  +----+----+----+--------------+--------------+--------------+--------------+--------------+------+----+-+-+--+------+
|Name|view| n_y| Initial res  | Initial resL1| Target res   | Final res    | Final res L1 |Visits|Iter|R|F|CL|Status|
+----+----+----+--------------+--------------+--------------+--------------+--------------+------+----+-+-+--+------+
| 3M |   0|   0|  1.440064e-08|  1.234639e-02|  3.908323e-15|  8.421348e-16|  7.211160e-07|     1|   3|0|n|29|  OK  |
Velocity (predicted):
        (local) sd   0: min(   8752)=0.0031537497461012   , max(  46083)=18.205204233286      
Flow alg-view 0 is not Neumann (not for Phase Change + Nested Iters)
+----+----+--------------+--------------+--------------+--------------+--------------+------+----+-+-+--+------+
|Name|view| Initial res  | Initial resL1| Target res   | Final res    | Final res L1 |Visits|Iter|R|F|CL|Status|
|DVGR|   0|  5.187891e-11|  4.116947e-04|  4.730210e-19|  1.187800e-19|  4.160721e-08|     9|  27|0|n|30|  OK  |
PRESSURE SOLVER(geom_index=  0): sum_C_dp=-3.06385e-10
Face Momentum (sd=  0): max value of div(mf) (cv=7276) = 2.278554e-11
	norm_L2 of div(momentum) = 3.470104e-10.
nsd = 0 min_dtHy = 5.86827e-06 (nCV =	46200 ) max_dtHy = 6.4096e-05 (nCV =	2282 ) 
+----+----+--------------+--------------+--------------+--------------+--------------+------+----+-+-+--+------+
|Name|view| Initial res  | Initial resL1| Target res   | Final res    | Final res L1 |Visits|Iter|R|F|CL|Status|
|CHT |   0|  8.103487e-09|  2.974733e-03|  5.064679e-13|  3.470978e-33|  8.964594e-16|     1|   9|0|n|30|  OK  |
nsd = 0 min_dtke = 5.80942e-06 (nCV =	46180 ) max_dtke = 5.45986e-05 (nCV =	2282 ) 
+----+----+----+--------------+--------------+--------------+--------------+--------------+------+----+-+-+--+------+
|Name|view| n_y| Initial res  | Initial resL1| Target res   | Final res    | Final res L1 |Visits|Iter|R|F|CL|Status|
+----+----+----+--------------+--------------+--------------+--------------+--------------+------+----+-+-+--+------+
|turb|   0|   0|  9.017078e-12|  1.033475e-04|  4.016932e-19|  2.436251e-26|  1.988435e-12|     1|   6|0|n|30|  OK  |
|turb|   0|   1|  2.782542e-05|  1.600526e-01|  1.927415e-13|  6.793498e-20|  3.157593e-09|     1|   6|0|n|30|  OK  |
Filter: K,E,momentum: sd =   0 isolating K from zero=     92 E from zero=  15340 E from infinity=  11812
slv : Fluid subdom(new) 0
slv : P static (new)                 : min(  46152) = 101291.9312839       , max(   5212) = 101454.54487768      
slv : P_static - Rho*g*h (new)       : min(  46152) = 101291.92589979      , max(   5212) = 101454.57897263      
slv : Density (new)                  : min(  47390) = 1.3300555824916      , max(   5212) = 1.3317620013937      
slv : Velocity (new)                 : min(  34251) = 0.0097841413866056   , max(  46083) = 17.847820264645      
slv : Mach number (new)              : min(  34251) = 3.001585071729e-05   , max(  46083) = 0.054769717678621    
slv : Turbulent k (new)              : min(   9910) = 1e-40                , max(  15636) = 1.3732390644082      
slv : Turbulent e (new)              : min(  34228) = 6.851847846729e-39   , max(  15636) = 2898.0735754641      
slv : Temperature (new)              : min(  46083) = 293.02788775677      , max(  26359) = 293.20000024784      
slv : Total enthalpy, Y-shifted (new): min(  46770) = -1.5899649616033     , max(   7584) = 8.6888598197777      
slv : MASS FLUXES AT OPENINGS: MF=-0.000261401, AP=0.000261402
slv : DvGr statistics: min alpha=0.117098(nfa=88066, geom_slice=0)
slv : +----------------------------------+------------+-------+------------+------------+
slv : |          Collector name          | Total Time | Count |  Avg Time  |  Max Time  |
slv : +----------------------------------+------------+-------+------------+------------+
slv : | Calculate_inc                    |       2.462|      4|       0.615|       0.799|
slv : | CollectEMT_Results               |       0.000|      5|       0.000|       0.000|
slv : | HeatPathCalculator_Dynamic       |       0.017|      1|       0.017|       0.017|
slv : | LiSy_make_portrait               |       0.099|     37|       0.003|       0.016|
slv : | Results_processing               |       0.282|      4|       0.071|       0.077|
slv : | build_sl_ordering_CHT            |       0.015|      5|       0.003|       0.005|
slv : | build_sl_ordering_MDS            |       0.041|      5|       0.008|       0.014|
slv : | build_sl_ordering_fluid          |       0.041|      5|       0.008|       0.014|
slv : | calc_Convolutions_MDS            |       0.087|      5|       0.017|       0.019|
slv : | calc_wall_dist                   |       2.275|      1|       2.275|       2.275|
slv : | create_Gr_operators_MDS          |       0.083|      5|       0.017|       0.019|
slv : | create_Gr_operators_portrait_MDS |       0.024|      5|       0.005|       0.005|
slv : | init_Hy_group_MDS                |       0.043|      5|       0.009|       0.009|
slv : | perform_stage_total              |       4.891|    143|       0.034|       2.275|
slv : | precalc_at_start_MDS             |       1.593|      2|       0.796|       1.564|
slv : | solve_3M_MDS                     |       0.244|      5|       0.049|       0.078|
slv : | solve_3M_alg_MDS                 |       0.111|      5|       0.022|       0.052|
slv : | solve_BG_MDS                     |       0.249|      5|       0.050|       0.061|
slv : | solve_BG_alg_MDS                 |       0.214|      5|       0.043|       0.055|
slv : | solve_BL_MDS                     |       0.584|      5|       0.117|       0.242|
slv : | solve_CHT                        |       0.140|      5|       0.028|       0.031|
slv : | solve_CHT_MDS                    |       0.099|      5|       0.020|       0.021|
slv : | solve_CHT_alg_MDS                |       0.031|      5|       0.006|       0.006|
slv : | solve_DvGr_MDS                   |       0.791|      5|       0.158|       0.207|
slv : | solve_DvGr_alg_MDS               |       0.560|      5|       0.112|       0.161|
slv : | solve_INPR_MDS                   |       0.000|      1|       0.000|       0.000|
slv : | solve_PS+QJ                      |       0.000|      0|       0.000|       0.000|
slv : | solve_YLMA_MDS                   |       0.000|      5|       0.000|       0.000|
slv : | solve_YNOx_MDS                   |       0.000|      5|       0.000|       0.000|
slv : | solve_YTd_MDS                    |       0.000|      5|       0.000|       0.000|
slv : | solve_YTurb_MDS                  |       0.426|      5|       0.085|       0.088|
slv : | solve_YTurb_alg_MDS              |       0.108|     10|       0.011|       0.012|
slv : | update_BC_MDS                    |       0.000|      6|       0.000|       0.000|
slv : | update_Mf_after_DvGr             |       0.048|      5|       0.010|       0.010|
slv : | update_VelPressure_MDS           |       0.014|      5|       0.003|       0.003|
slv : +----------------------------------+------------+-------+------------+------------+
Interpolator cache: total calls 64727, optimised calls 25402 (39.2 %)
-----------------------------------------------------------------------
Memory Working Set Current = 351.24 Mb, Memory Working Set Peak = 351.24 Mb
Memory Private Bytes Current = 375.93 Mb, Memory Private Bytes Peak = 375.93 Mb
Process Threads Number: 31
-----------------------------------------------------------------------
Iteration : time = 3.42366 , count = 5 , time/count = 0.684731
Calculate_inc() : time = 2.98774 , count = 5 , time/count = 0.597548
TreatFlowEvolution() : time = 0.353355 , count = 5 , time/count = 0.070671
SolverPreview : time = 0 , count = 6 , time/count = 0
TreatGoals : time = 0.34729 , count = 5 , time/count = 0.069458
PrepareForCalculation : time = 4.52357 , count = 1 , time/count = 4.52357
Algebra Pool      : mem_usage = 168.69 Mb, allocated count = 2014

================== Tstep=5 ===================
nslice = 0; reset pressure calculator:  Rho_ref_grav_new = 1.33144
nslice = 0  P_ref = 101325
nslice = 0  Rho_ref_grav_old = 1.33151, Rho_ref_grav_new = 1.33144
 fluid-flow view[  0]: rho_ref_grav_averaged_in_view = 1.3314398177294       
<Dynamic P> on nsd = 0 {openings (inlet / outlet)}:
  (SP = Static Pressure, EP = Environment Pressure, TP = Total Pressure, E = External)
  {#1, SP, (0.000000e+00 / 6.944226e+01)}
  MWS[  0]=0.936113
tau_viscous_averaged = 0.00426643 
dt(mass,momentum; nsd=  0): min dt/dtG(ncv=  46178)=1.00 , max dt/dtG(ncv=   2282)=12.3   , dtG=9.2918e-06
Flow alg-view 0 in phys-view 0 isn't Neumann (not Multi Phase treating)
Face Momentum (sd=  0): max value of div(mf) (cv=7576) = 1.781043e-10
Flow alg-view 0 is not Neumann (not for Phase Change + Nested Iters)
+----+----+--------------+--------------+--------------+--------------+--------------+------+----+-+-+--+------+
|Name|view| Initial res  | Initial resL1| Target res   | Final res    | Final res L1 |Visits|Iter|R|F|CL|Status|
| BG |   0|  2.229196e-18|  6.344101e-08|  4.730210e-21|  3.596493e-21|  7.529254e-09|    10|  30|0|n|30|  OK  |
log10(resTarget_Lim / resTarget_Orig): 1.5 
Face Momentum (sd=  0): max value of div(mf) (cv=39627) = 2.962295e-12
	norm_L2 of div(momentum) = 5.997230e-11.
Flow alg-view 0 in phys-view 0 isn't Neumann (not Multi Phase treating)
LOG: number of a-faces with weighted approximations in 0 subdomain: 15.8965 percent
LOG: Rate of a-faces corrected to CUp1st in 0 subdomain: 2.30398 %
slv : SolveBL stage
|nsd|Real WF|NormalF|Cycle F|CriticF| EdgeF |CyclBrF|ExtParF|RWFnumSt|StLvlNum|  nfw  |  alp_U_min  |  nfw  |  alp_U_max  |  nfw  |  alp_T_min  |  nfw  |  alp_T_max  |  nfw  |  BL_s_min   |  nfw  |   BL_s_max  |
|  0|  12896|  12823|      0|      1|     72|      0|      0|   12896|     119|   2056|0            |   5747|1392.65      |   7252|0.00396113   |   7078|107371       |  11789|-5.86977     |   1221|0            |
Face Momentum (sd=  0): max value of div(mf) (cv=39627) = 2.962295e-12
	norm_L2 of div(momentum) = 5.997230e-11.
slv : 3m: nsd = 0 
slv :  3m: ROTATION = NO 
slv :  3m: gravity_vector     = {	 0 	 -9.81 	 0	 }  
slv :  3m: gravity_vector_LCS = {	 0 	 -9.81 	 0	 }  
slv :  +----+----+----+--------------+--------------+--------------+--------------+--------------+------+----+-+-+--+------+
|Name|view| n_y| Initial res  | Initial resL1| Target res   | Final res    | Final res L1 |Visits|Iter|R|F|CL|Status|
+----+----+----+--------------+--------------+--------------+--------------+--------------+------+----+-+-+--+------+
| 3M |   0|   0|  1.963104e-08|  1.140922e-02|  1.834028e-15|  8.186894e-22|  7.693127e-10|     2|   6|0|n|29|  OK  |
Velocity (predicted):
        (local) sd   0: min(  34251)=0.0040571456975501   , max(  46151)=17.613066811992      
Flow alg-view 0 is not Neumann (not for Phase Change + Nested Iters)
+----+----+--------------+--------------+--------------+--------------+--------------+------+----+-+-+--+------+
|Name|view| Initial res  | Initial resL1| Target res   | Final res    | Final res L1 |Visits|Iter|R|F|CL|Status|
|DVGR|   0|  7.300408e-11|  4.552962e-04|  1.224932e-18|  6.750660e-19|  1.003994e-07|     8|  24|0|n|30|  OK  |
PRESSURE SOLVER(geom_index=  0): sum_C_dp=-1.8001e-10
Face Momentum (sd=  0): max value of div(mf) (cv=7276) = 5.442554e-11
	norm_L2 of div(momentum) = 8.227938e-10.
nsd = 0 min_dtHy = 9.29219e-06 (nCV =	46178 ) max_dtHy = 0.000114709 (nCV =	2282 ) 
+----+----+--------------+--------------+--------------+--------------+--------------+------+----+-+-+--+------+
|Name|view| Initial res  | Initial resL1| Target res   | Final res    | Final res L1 |Visits|Iter|R|F|CL|Status|
|CHT |   0|  7.296162e-09|  3.004335e-03|  4.560101e-13|  1.303839e-29|  6.405425e-14|     1|   9|0|n|30|  OK  |
nsd = 0 min_dtke = 9.1526e-06 (nCV =	46178 ) max_dtke = 8.97344e-05 (nCV =	27307 ) 
+----+----+----+--------------+--------------+--------------+--------------+--------------+------+----+-+-+--+------+
|Name|view| n_y| Initial res  | Initial resL1| Target res   | Final res    | Final res L1 |Visits|Iter|R|F|CL|Status|
+----+----+----+--------------+--------------+--------------+--------------+--------------+------+----+-+-+--+------+
|turb|   0|   0|  6.066471e-12|  8.895669e-05|  1.882865e-19|  2.957161e-24|  2.704722e-11|     1|   6|0|n|30|  OK  |
|turb|   0|   1|  1.972257e-05|  1.404990e-01|  8.773936e-14|  4.195158e-18|  3.201235e-08|     1|   6|0|n|30|  OK  |
Filter: K,E,momentum: sd =   0 isolating K from zero=     57 E from zero=  14638 E from infinity=  11965
slv : Fluid subdom(new) 0
slv : P static (new)                 : min(  45811) = 101311.45283376      , max(   5112) = 101448.76553492      
slv : P_static - Rho*g*h (new)       : min(  45811) = 101311.46382123      , max(   5112) = 101448.77893032      
slv : Density (new)                  : min(  45040) = 1.3300483430205      , max(   5112) = 1.331686194204       
slv : Velocity (new)                 : min(   8752) = 0.0067770514522091   , max(  46151) = 17.770326438732      
slv : Mach number (new)              : min(   8752) = 2.0790678040093e-05  , max(  46151) = 0.054531769449354    
slv : Turbulent k (new)              : min(   9910) = 1e-40                , max(  15636) = 1.4537947094674      
slv : Turbulent e (new)              : min(  34713) = 5.3146316846754e-39  , max(  15636) = 3058.8446602978      
slv : Temperature (new)              : min(  46151) = 293.02941913909      , max(  26359) = 293.20000012267      
slv : Total enthalpy, Y-shifted (new): min(  46770) = -1.8675969441933     , max(   7584) = 9.5603446062246      
slv : MASS FLUXES AT OPENINGS: MF=-0.000261379, AP=0.00026138
slv : DvGr statistics: min alpha=0.117301(nfa=88066, geom_slice=0)
slv : +----------------------------------+------------+-------+------------+------------+
slv : |          Collector name          | Total Time | Count |  Avg Time  |  Max Time  |
slv : +----------------------------------+------------+-------+------------+------------+
slv : | Calculate_inc                    |       2.973|      5|       0.595|       0.799|
slv : | CollectEMT_Results               |       0.000|      6|       0.000|       0.000|
slv : | HeatPathCalculator_Dynamic       |       0.017|      1|       0.017|       0.017|
slv : | LiSy_make_portrait               |       0.109|     41|       0.003|       0.016|
slv : | Results_processing               |       0.362|      5|       0.072|       0.080|
slv : | build_sl_ordering_CHT            |       0.015|      6|       0.003|       0.005|
slv : | build_sl_ordering_MDS            |       0.042|      6|       0.007|       0.014|
slv : | build_sl_ordering_fluid          |       0.041|      6|       0.007|       0.014|
slv : | calc_Convolutions_MDS            |       0.104|      6|       0.017|       0.019|
slv : | calc_wall_dist                   |       2.275|      1|       2.275|       2.275|
slv : | create_Gr_operators_MDS          |       0.098|      6|       0.016|       0.019|
slv : | create_Gr_operators_portrait_MDS |       0.029|      6|       0.005|       0.005|
slv : | init_Hy_group_MDS                |       0.055|      6|       0.009|       0.011|
slv : | perform_stage_total              |       5.338|    170|       0.031|       2.275|
slv : | precalc_at_start_MDS             |       1.593|      2|       0.796|       1.564|
slv : | solve_3M_MDS                     |       0.304|      6|       0.051|       0.078|
slv : | solve_3M_alg_MDS                 |       0.146|      6|       0.024|       0.052|
slv : | solve_BG_MDS                     |       0.291|      6|       0.048|       0.061|
slv : | solve_BG_alg_MDS                 |       0.248|      6|       0.041|       0.055|
slv : | solve_BL_MDS                     |       0.673|      6|       0.112|       0.242|
slv : | solve_CHT                        |       0.164|      6|       0.027|       0.031|
slv : | solve_CHT_MDS                    |       0.118|      6|       0.020|       0.021|
slv : | solve_CHT_alg_MDS                |       0.037|      6|       0.006|       0.006|
slv : | solve_DvGr_MDS                   |       0.912|      6|       0.152|       0.207|
slv : | solve_DvGr_alg_MDS               |       0.635|      6|       0.106|       0.161|
slv : | solve_INPR_MDS                   |       0.000|      1|       0.000|       0.000|
slv : | solve_PS+QJ                      |       0.000|      0|       0.000|       0.000|
slv : | solve_YLMA_MDS                   |       0.000|      6|       0.000|       0.000|
slv : | solve_YNOx_MDS                   |       0.000|      6|       0.000|       0.000|
slv : | solve_YTd_MDS                    |       0.000|      6|       0.000|       0.000|
slv : | solve_YTurb_MDS                  |       0.513|      6|       0.086|       0.088|
slv : | solve_YTurb_alg_MDS              |       0.130|     12|       0.011|       0.012|
slv : | update_BC_MDS                    |       0.000|      7|       0.000|       0.000|
slv : | update_Mf_after_DvGr             |       0.057|      6|       0.010|       0.010|
slv : | update_VelPressure_MDS           |       0.017|      6|       0.003|       0.003|
slv : +----------------------------------+------------+-------+------------+------------+
-----------------------------------------------------------------------
Memory Working Set Current = 351.35 Mb, Memory Working Set Peak = 351.35 Mb
Memory Private Bytes Current = 351.45 Mb, Memory Private Bytes Peak = 375.93 Mb
Process Threads Number: 31
-----------------------------------------------------------------------
Algebra Pool      : mem_usage = 168.69 Mb, allocated count = 2015

================== Tstep=6 ===================
nslice = 0; reset pressure calculator:  Rho_ref_grav_new = 1.33133
nslice = 0  P_ref = 101325
nslice = 0  Rho_ref_grav_old = 1.33144, Rho_ref_grav_new = 1.33133
 fluid-flow view[  0]: rho_ref_grav_averaged_in_view = 1.3313339648605       
<Dynamic P> on nsd = 0 {openings (inlet / outlet)}:
  (SP = Static Pressure, EP = Environment Pressure, TP = Total Pressure, E = External)
  {#1, SP, (0.000000e+00 / 6.981620e+01)}
  MWS[  0]=0.701337
tau_viscous_averaged = 0.00426101 
dt(mass,momentum; nsd=  0): min dt/dtG(ncv=  46178)=1.00 , max dt/dtG(ncv=   2282)=14.3   , dtG=9.97055e-06
Flow alg-view 0 in phys-view 0 isn't Neumann (not Multi Phase treating)
Face Momentum (sd=  0): max value of div(mf) (cv=7576) = 1.788330e-10
Flow alg-view 0 is not Neumann (not for Phase Change + Nested Iters)
+----+----+--------------+--------------+--------------+--------------+--------------+------+----+-+-+--+------+
|Name|view| Initial res  | Initial resL1| Target res   | Final res    | Final res L1 |Visits|Iter|R|F|CL|Status|
| BG |   0|  2.894028e-18|  1.227235e-07|  1.224932e-20|  4.143138e-21|  8.656300e-09|    10|  30|0|n|30|  OK  |
log10(resTarget_Lim / resTarget_Orig): 1.8 
Face Momentum (sd=  0): max value of div(mf) (cv=39627) = 3.099122e-12
	norm_L2 of div(momentum) = 6.436866e-11.
Flow alg-view 0 in phys-view 0 isn't Neumann (not Multi Phase treating)
LOG: number of a-faces with weighted approximations in 0 subdomain: 16.8036 percent
LOG: Rate of a-faces corrected to CUp1st in 0 subdomain: 2.81371 %
slv : SolveBL stage
|nsd|Real WF|NormalF|Cycle F|CriticF| EdgeF |CyclBrF|ExtParF|RWFnumSt|StLvlNum|  nfw  |  alp_U_min  |  nfw  |  alp_U_max  |  nfw  |  alp_T_min  |  nfw  |  alp_T_max  |  nfw  |  BL_s_min   |  nfw  |   BL_s_max  |
|  0|  12896|  12821|      0|      3|     72|      0|      0|   12896|     119|   2056|0            |   2923|1013.43      |   7252|0.00438238   |   7159|388808       |  11789|-5.92627     |   1221|0            |
Face Momentum (sd=  0): max value of div(mf) (cv=39627) = 3.099122e-12
	norm_L2 of div(momentum) = 6.436866e-11.
slv : 3m: nsd = 0 
slv :  3m: ROTATION = NO 
slv :  3m: gravity_vector     = {	 0 	 -9.81 	 0	 }  
slv :  3m: gravity_vector_LCS = {	 0 	 -9.81 	 0	 }  
slv :  +----+----+----+--------------+--------------+--------------+--------------+--------------+------+----+-+-+--+------+
|Name|view| n_y| Initial res  | Initial resL1| Target res   | Final res    | Final res L1 |Visits|Iter|R|F|CL|Status|
+----+----+----+--------------+--------------+--------------+--------------+--------------+------+----+-+-+--+------+
| 3M |   0|   0|  5.344423e-09|  8.341703e-03|  1.599992e-15|  8.741909e-22|  8.937160e-10|     2|   6|0|n|29|  OK  |
Velocity (predicted):
        (local) sd   0: min(   8752)=0.0070725595267538   , max(  46151)=17.707998068926      
Flow alg-view 0 is not Neumann (not for Phase Change + Nested Iters)
+----+----+--------------+--------------+--------------+--------------+--------------+------+----+-+-+--+------+
|Name|view| Initial res  | Initial resL1| Target res   | Final res    | Final res L1 |Visits|Iter|R|F|CL|Status|
|DVGR|   0|  3.251161e-11|  3.645906e-04|  1.517550e-18|  1.509589e-18|  1.435728e-07|     7|  21|0|n|30|  OK  |
PRESSURE SOLVER(geom_index=  0): sum_C_dp=-1.93617e-10
Face Momentum (sd=  0): max value of div(mf) (cv=41783) = 1.002134e-10
	norm_L2 of div(momentum) = 1.229459e-09.
nsd = 0 min_dtHy = 9.971e-06 (nCV =	46178 ) max_dtHy = 0.000142561 (nCV =	2282 ) 
+----+----+--------------+--------------+--------------+--------------+--------------+------+----+-+-+--+------+
|Name|view| Initial res  | Initial resL1| Target res   | Final res    | Final res L1 |Visits|Iter|R|F|CL|Status|
|CHT |   0|  6.175632e-09|  2.872460e-03|  3.859770e-13|  5.928047e-29|  1.355736e-13|     1|   9|0|n|30|  OK  |
nsd = 0 min_dtke = 9.79729e-06 (nCV =	46178 ) max_dtke = 0.000106347 (nCV =	27307 ) 
+----+----+----+--------------+--------------+--------------+--------------+--------------+------+----+-+-+--+------+
|Name|view| n_y| Initial res  | Initial resL1| Target res   | Final res    | Final res L1 |Visits|Iter|R|F|CL|Status|
+----+----+----+--------------+--------------+--------------+--------------+--------------+------+----+-+-+--+------+
|turb|   0|   0|  6.078952e-12|  9.214253e-05|  1.640458e-19|  8.551668e-24|  5.039355e-11|     1|   6|0|n|30|  OK  |
|turb|   0|   1|  2.227200e-05|  1.549264e-01|  7.581236e-14|  7.755472e-18|  4.916116e-08|     1|   6|0|n|30|  OK  |
Filter: K,E,momentum: sd =   0 isolating K from zero=     42 E from zero=  14165 E from infinity=  12078
slv : Fluid subdom(new) 0
slv : P static (new)                 : min(  46152) = 101303.44957723      , max(   5212) = 101438.77304586      
slv : P_static - Rho*g*h (new)       : min(  46152) = 101303.44419383      , max(   5212) = 101438.80713627      
slv : Density (new)                  : min(  46670) = 1.3300522626346      , max(   5212) = 1.3315550518452      
slv : Velocity (new)                 : min(   8752) = 0.0083217921087978   , max(  46151) = 17.623974166132      
slv : Mach number (new)              : min(   8752) = 2.5529642788435e-05  , max(  46151) = 0.05408239459747     
slv : Turbulent k (new)              : min(  10245) = 1e-40                , max(  15636) = 1.4335900984258      
slv : Turbulent e (new)              : min(  45367) = 1.5587635396532e-37  , max(  15636) = 2994.7489997502      
slv : Temperature (new)              : min(  46151) = 293.03227981825      , max(  26359) = 293.20000000134      
slv : Total enthalpy, Y-shifted (new): min(  46770) = -2.1520534766655     , max(   7584) = 10.235230701215      
slv : MASS FLUXES AT OPENINGS: MF=-0.000261357, AP=0.000261357
slv : DvGr statistics: min alpha=0.117426(nfa=88066, geom_slice=0)
slv : +----------------------------------+------------+-------+------------+------------+
slv : |          Collector name          | Total Time | Count |  Avg Time  |  Max Time  |
slv : +----------------------------------+------------+-------+------------+------------+
slv : | Calculate_inc                    |       3.492|      6|       0.582|       0.799|
slv : | CollectEMT_Results               |       0.000|      7|       0.000|       0.000|
slv : | HeatPathCalculator_Dynamic       |       0.017|      1|       0.017|       0.017|
slv : | LiSy_make_portrait               |       0.120|     45|       0.003|       0.016|
slv : | Results_processing               |       0.424|      6|       0.071|       0.080|
slv : | build_sl_ordering_CHT            |       0.015|      7|       0.002|       0.005|
slv : | build_sl_ordering_MDS            |       0.042|      7|       0.006|       0.014|
slv : | build_sl_ordering_fluid          |       0.042|      7|       0.006|       0.014|
slv : | calc_Convolutions_MDS            |       0.120|      7|       0.017|       0.019|
slv : | calc_wall_dist                   |       2.275|      1|       2.275|       2.275|
slv : | create_Gr_operators_MDS          |       0.113|      7|       0.016|       0.019|
slv : | create_Gr_operators_portrait_MDS |       0.034|      7|       0.005|       0.005|
slv : | init_Hy_group_MDS                |       0.063|      7|       0.009|       0.011|
slv : | perform_stage_total              |       5.778|    197|       0.029|       2.275|
slv : | precalc_at_start_MDS             |       1.593|      2|       0.796|       1.564|
slv : | solve_3M_MDS                     |       0.364|      7|       0.052|       0.078|
slv : | solve_3M_alg_MDS                 |       0.181|      7|       0.026|       0.052|
slv : | solve_BG_MDS                     |       0.332|      7|       0.047|       0.061|
slv : | solve_BG_alg_MDS                 |       0.282|      7|       0.040|       0.055|
slv : | solve_BL_MDS                     |       0.762|      7|       0.109|       0.242|
slv : | solve_CHT                        |       0.190|      7|       0.027|       0.031|
slv : | solve_CHT_MDS                    |       0.138|      7|       0.020|       0.021|
slv : | solve_CHT_alg_MDS                |       0.043|      7|       0.006|       0.006|
slv : | solve_DvGr_MDS                   |       1.028|      7|       0.147|       0.207|
slv : | solve_DvGr_alg_MDS               |       0.706|      7|       0.101|       0.161|
slv : | solve_INPR_MDS                   |       0.000|      1|       0.000|       0.000|
slv : | solve_PS+QJ                      |       0.000|      0|       0.000|       0.000|
slv : | solve_YLMA_MDS                   |       0.000|      7|       0.000|       0.000|
slv : | solve_YNOx_MDS                   |       0.000|      7|       0.000|       0.000|
slv : | solve_YTd_MDS                    |       0.000|      7|       0.000|       0.000|
slv : | solve_YTurb_MDS                  |       0.600|      7|       0.086|       0.088|
slv : | solve_YTurb_alg_MDS              |       0.151|     14|       0.011|       0.012|
slv : | update_BC_MDS                    |       0.000|      8|       0.000|       0.000|
slv : | update_Mf_after_DvGr             |       0.066|      7|       0.009|       0.010|
slv : | update_VelPressure_MDS           |       0.019|      7|       0.003|       0.003|
slv : +----------------------------------+------------+-------+------------+------------+
-----------------------------------------------------------------------
Memory Working Set Current = 351.64 Mb, Memory Working Set Peak = 351.64 Mb
Memory Private Bytes Current = 375.99 Mb, Memory Private Bytes Peak = 375.99 Mb
Process Threads Number: 31
-----------------------------------------------------------------------
Algebra Pool      : mem_usage = 168.69 Mb, allocated count = 2008

================== Tstep=7 ===================
nslice = 0; reset pressure calculator:  Rho_ref_grav_new = 1.33124
nslice = 0  P_ref = 101325
nslice = 0  Rho_ref_grav_old = 1.33133, Rho_ref_grav_new = 1.33124
 fluid-flow view[  0]: rho_ref_grav_averaged_in_view = 1.3312362966091       
<Dynamic P> on nsd = 0 {openings (inlet / outlet)}:
  (SP = Static Pressure, EP = Environment Pressure, TP = Total Pressure, E = External)
  {#1, SP, (0.000000e+00 / 6.986885e+01)}
  MWS[  0]=0.634217
tau_viscous_averaged = 0.00425376 
dt(mass,momentum; nsd=  0): min dt/dtG(ncv=  46178)=1.00 , max dt/dtG(ncv=   2282)=14.9   , dtG=1.01959e-05
Flow alg-view 0 in phys-view 0 isn't Neumann (not Multi Phase treating)
Face Momentum (sd=  0): max value of div(mf) (cv=7576) = 1.756216e-10
Flow alg-view 0 is not Neumann (not for Phase Change + Nested Iters)
+----+----+--------------+--------------+--------------+--------------+--------------+------+----+-+-+--+------+
|Name|view| Initial res  | Initial resL1| Target res   | Final res    | Final res L1 |Visits|Iter|R|F|CL|Status|
| BG |   0|  3.668164e-18|  1.654261e-07|  1.517550e-20|  4.946346e-21|  8.420872e-09|    10|  30|0|n|30|  OK  |
log10(resTarget_Lim / resTarget_Orig): 1.8 
Face Momentum (sd=  0): max value of div(mf) (cv=39627) = 3.596123e-12
	norm_L2 of div(momentum) = 7.033158e-11.
Flow alg-view 0 in phys-view 0 isn't Neumann (not Multi Phase treating)
LOG: number of a-faces with weighted approximations in 0 subdomain: 15.8245 percent
LOG: Rate of a-faces corrected to CUp1st in 0 subdomain: 2.30227 %
slv : SolveBL stage
|nsd|Real WF|NormalF|Cycle F|CriticF| EdgeF |CyclBrF|ExtParF|RWFnumSt|StLvlNum|  nfw  |  alp_U_min  |  nfw  |  alp_U_max  |  nfw  |  alp_T_min  |  nfw  |  alp_T_max  |  nfw  |  BL_s_min   |  nfw  |   BL_s_max  |
|  0|  12896|  12823|      0|      1|     72|      0|      0|   12896|     119|   2056|0            |   3904|1158.15      |   3002|0.0160506    |   2033|19576.2      |  11750|-5.825       |   1221|0            |
Face Momentum (sd=  0): max value of div(mf) (cv=39627) = 3.596123e-12
	norm_L2 of div(momentum) = 7.033158e-11.
slv : 3m: nsd = 0 
slv :  3m: ROTATION = NO 
slv :  3m: gravity_vector     = {	 0 	 -9.81 	 0	 }  
slv :  3m: gravity_vector_LCS = {	 0 	 -9.81 	 0	 }  
slv :  +----+----+----+--------------+--------------+--------------+--------------+--------------+------+----+-+-+--+------+
|Name|view| n_y| Initial res  | Initial resL1| Target res   | Final res    | Final res L1 |Visits|Iter|R|F|CL|Status|
+----+----+----+--------------+--------------+--------------+--------------+--------------+------+----+-+-+--+------+
| 3M |   0|   0|  5.507916e-09|  7.431087e-03|  1.515141e-15|  9.309249e-22|  9.960501e-10|     2|   6|0|n|29|  OK  |
Velocity (predicted):
        (local) sd   0: min(   8752)=0.0066948124845186   , max(  46151)=17.470688942545      
Flow alg-view 0 is not Neumann (not for Phase Change + Nested Iters)
+----+----+--------------+--------------+--------------+--------------+--------------+------+----+-+-+--+------+
|Name|view| Initial res  | Initial resL1| Target res   | Final res    | Final res L1 |Visits|Iter|R|F|CL|Status|
|DVGR|   0|  2.630025e-11|  3.109401e-04|  1.576726e-18|  5.862635e-19|  8.988323e-08|     7|  21|0|n|30|  OK  |
PRESSURE SOLVER(geom_index=  0): sum_C_dp=-5.32502e-12
Face Momentum (sd=  0): max value of div(mf) (cv=39754) = 5.609073e-11
	norm_L2 of div(momentum) = 7.661501e-10.
nsd = 0 min_dtHy = 1.01963e-05 (nCV =	46178 ) max_dtHy = 0.000152427 (nCV =	2282 ) 
+----+----+--------------+--------------+--------------+--------------+--------------+------+----+-+-+--+------+
|Name|view| Initial res  | Initial resL1| Target res   | Final res    | Final res L1 |Visits|Iter|R|F|CL|Status|
|CHT |   0|  5.301902e-09|  2.834894e-03|  3.313689e-13|  1.327638e-28|  1.946235e-13|     1|   9|0|n|30|  OK  |
nsd = 0 min_dtke = 1.00033e-05 (nCV =	46178 ) max_dtke = 0.000113373 (nCV =	27307 ) 
+----+----+----+--------------+--------------+--------------+--------------+--------------+------+----+-+-+--+------+
|Name|view| n_y| Initial res  | Initial resL1| Target res   | Final res    | Final res L1 |Visits|Iter|R|F|CL|Status|
+----+----+----+--------------+--------------+--------------+--------------+--------------+------+----+-+-+--+------+
|turb|   0|   0|  6.578938e-12|  9.824685e-05|  1.533126e-19|  1.962654e-23|  7.087748e-11|     1|   6|0|n|30|  OK  |
|turb|   0|   1|  2.756803e-05|  1.754833e-01|  6.970285e-14|  7.480718e-18|  5.806903e-08|     1|   6|0|n|30|  OK  |
Filter: K,E,momentum: sd =   0 isolating K from zero=     42 E from zero=  13925 E from infinity=  12079
slv : Fluid subdom(new) 0
slv : P static (new)                 : min(  46180) = 101318.77537855      , max(  23210) = 101440.12666675      
slv : P_static - Rho*g*h (new)       : min(  46180) = 101318.7718143       , max(  23210) = 101440.13624862      
slv : Density (new)                  : min(  46670) = 1.3300529019575      , max(  23210) = 1.3315730246318      
slv : Velocity (new)                 : min(   8752) = 0.0064480384039836   , max(  46151) = 17.411341205055      
slv : Mach number (new)              : min(   8752) = 1.9781330401307e-05  , max(  46151) = 0.053429518636774    
slv : Turbulent k (new)              : min(  13771) = 1e-40                , max(  15636) = 1.4283751736427      
slv : Turbulent e (new)              : min(  46690) = 1.5586543487781e-37  , max(  15636) = 2975.0190124274      
slv : Temperature (new)              : min(  46151) = 293.03637000967      , max(  26359) = 293.1999998765       
slv : Total enthalpy, Y-shifted (new): min(  46770) = -2.4308033860418     , max(   7584) = 10.705877437034      
slv : MASS FLUXES AT OPENINGS: MF=-0.000261335, AP=0.000261335
slv : DvGr statistics: min alpha=0.117275(nfa=88066, geom_slice=0)
slv : +----------------------------------+------------+-------+------------+------------+
slv : |          Collector name          | Total Time | Count |  Avg Time  |  Max Time  |
slv : +----------------------------------+------------+-------+------------+------------+
slv : | Calculate_inc                    |       4.003|      7|       0.572|       0.799|
slv : | CollectEMT_Results               |       0.000|      8|       0.000|       0.000|
slv : | HeatPathCalculator_Dynamic       |       0.017|      1|       0.017|       0.017|
slv : | LiSy_make_portrait               |       0.130|     49|       0.003|       0.016|
slv : | Results_processing               |       0.486|      7|       0.069|       0.080|
slv : | build_sl_ordering_CHT            |       0.015|      8|       0.002|       0.005|
slv : | build_sl_ordering_MDS            |       0.042|      8|       0.005|       0.014|
slv : | build_sl_ordering_fluid          |       0.042|      8|       0.005|       0.014|
slv : | calc_Convolutions_MDS            |       0.136|      8|       0.017|       0.019|
slv : | calc_wall_dist                   |       2.275|      1|       2.275|       2.275|
slv : | create_Gr_operators_MDS          |       0.129|      8|       0.016|       0.019|
slv : | create_Gr_operators_portrait_MDS |       0.038|      8|       0.005|       0.005|
slv : | init_Hy_group_MDS                |       0.072|      8|       0.009|       0.011|
slv : | perform_stage_total              |       6.218|    224|       0.028|       2.275|
slv : | precalc_at_start_MDS             |       1.593|      2|       0.796|       1.564|
slv : | solve_3M_MDS                     |       0.426|      8|       0.053|       0.078|
slv : | solve_3M_alg_MDS                 |       0.217|      8|       0.027|       0.052|
slv : | solve_BG_MDS                     |       0.374|      8|       0.047|       0.061|
slv : | solve_BG_alg_MDS                 |       0.315|      8|       0.039|       0.055|
slv : | solve_BL_MDS                     |       0.851|      8|       0.106|       0.242|
slv : | solve_CHT                        |       0.212|      8|       0.027|       0.031|
slv : | solve_CHT_MDS                    |       0.156|      8|       0.019|       0.021|
slv : | solve_CHT_alg_MDS                |       0.050|      8|       0.006|       0.006|
slv : | solve_DvGr_MDS                   |       1.143|      8|       0.143|       0.207|
slv : | solve_DvGr_alg_MDS               |       0.774|      8|       0.097|       0.161|
slv : | solve_INPR_MDS                   |       0.000|      1|       0.000|       0.000|
slv : | solve_PS+QJ                      |       0.000|      0|       0.000|       0.000|
slv : | solve_YLMA_MDS                   |       0.000|      8|       0.000|       0.000|
slv : | solve_YNOx_MDS                   |       0.000|      8|       0.000|       0.000|
slv : | solve_YTd_MDS                    |       0.000|      8|       0.000|       0.000|
slv : | solve_YTurb_MDS                  |       0.685|      8|       0.086|       0.088|
slv : | solve_YTurb_alg_MDS              |       0.173|     16|       0.011|       0.012|
slv : | update_BC_MDS                    |       0.000|      9|       0.000|       0.000|
slv : | update_Mf_after_DvGr             |       0.076|      8|       0.009|       0.010|
slv : | update_VelPressure_MDS           |       0.022|      8|       0.003|       0.003|
slv : +----------------------------------+------------+-------+------------+------------+
-----------------------------------------------------------------------
Memory Working Set Current = 351.92 Mb, Memory Working Set Peak = 351.92 Mb
Memory Private Bytes Current = 375.99 Mb, Memory Private Bytes Peak = 375.99 Mb
Process Threads Number: 31
-----------------------------------------------------------------------
Algebra Pool      : mem_usage = 168.69 Mb, allocated count = 2014

================== Tstep=8 ===================
nslice = 0; reset pressure calculator:  Rho_ref_grav_new = 1.33122
nslice = 0  P_ref = 101325
nslice = 0  Rho_ref_grav_old = 1.33124, Rho_ref_grav_new = 1.33122
 fluid-flow view[  0]: rho_ref_grav_averaged_in_view = 1.3312234878518       
<Dynamic P> on nsd = 0 {openings (inlet / outlet)}:
  (SP = Static Pressure, EP = Environment Pressure, TP = Total Pressure, E = External)
  {#1, SP, (0.000000e+00 / 7.018770e+01)}
  MWS[  0]=0.617129
tau_viscous_averaged = 0.0042495 
dt(mass,momentum; nsd=  0): min dt/dtG(ncv=  46178)=1.00 , max dt/dtG(ncv=   2282)=15.0   , dtG=1.03079e-05
Flow alg-view 0 in phys-view 0 isn't Neumann (not Multi Phase treating)
Face Momentum (sd=  0): max value of div(mf) (cv=7576) = 1.649883e-10
Flow alg-view 0 is not Neumann (not for Phase Change + Nested Iters)
+----+----+--------------+--------------+--------------+--------------+--------------+------+----+-+-+--+------+
|Name|view| Initial res  | Initial resL1| Target res   | Final res    | Final res L1 |Visits|Iter|R|F|CL|Status|
| BG |   0|  2.611928e-18|  1.109518e-07|  1.576726e-20|  1.163756e-20|  1.487043e-08|     9|  27|0|n|30|  OK  |
log10(resTarget_Lim / resTarget_Orig): 2.0 
Face Momentum (sd=  0): max value of div(mf) (cv=39627) = 5.567376e-12
	norm_L2 of div(momentum) = 1.078787e-10.
Flow alg-view 0 in phys-view 0 isn't Neumann (not Multi Phase treating)
LOG: number of a-faces with weighted approximations in 0 subdomain: 16.3718 percent
LOG: Rate of a-faces corrected to CUp1st in 0 subdomain: 2.64634 %
slv : SolveBL stage
|nsd|Real WF|NormalF|Cycle F|CriticF| EdgeF |CyclBrF|ExtParF|RWFnumSt|StLvlNum|  nfw  |  alp_U_min  |  nfw  |  alp_U_max  |  nfw  |  alp_T_min  |  nfw  |  alp_T_max  |  nfw  |  BL_s_min   |  nfw  |   BL_s_max  |
|  0|  12896|  12823|      0|      1|     72|      0|      0|   12896|     120|   2056|0            |   2749|261.621      |   4735|0.0160505    |   7527|176790       |  11750|-6.16393     |   1221|0            |
Face Momentum (sd=  0): max value of div(mf) (cv=39627) = 5.567376e-12
	norm_L2 of div(momentum) = 1.078787e-10.
slv : 3m: nsd = 0 
slv :  3m: ROTATION = NO 
slv :  3m: gravity_vector     = {	 0 	 -9.81 	 0	 }  
slv :  3m: gravity_vector_LCS = {	 0 	 -9.81 	 0	 }  
slv :  +----+----+----+--------------+--------------+--------------+--------------+--------------+------+----+-+-+--+------+
|Name|view| n_y| Initial res  | Initial resL1| Target res   | Final res    | Final res L1 |Visits|Iter|R|F|CL|Status|
+----+----+----+--------------+--------------+--------------+--------------+--------------+------+----+-+-+--+------+
| 3M |   0|   0|  2.840944e-09|  6.321940e-03|  1.461487e-15|  5.817712e-22|  7.813116e-10|     2|   6|0|n|29|  OK  |
Velocity (predicted):
        (local) sd   0: min(   8752)=0.0049864959831912   , max(  46151)=17.295249878354      
Flow alg-view 0 is not Neumann (not for Phase Change + Nested Iters)
+----+----+--------------+--------------+--------------+--------------+--------------+------+----+-+-+--+------+
|Name|view| Initial res  | Initial resL1| Target res   | Final res    | Final res L1 |Visits|Iter|R|F|CL|Status|
|DVGR|   0|  1.379548e-11|  2.423520e-04|  1.535144e-18|  3.944396e-19|  7.283050e-08|     7|  21|0|n|30|  OK  |
PRESSURE SOLVER(geom_index=  0): sum_C_dp=-1.04039e-10
Face Momentum (sd=  0): max value of div(mf) (cv=41783) = 4.759807e-11
	norm_L2 of div(momentum) = 6.284057e-10.
nsd = 0 min_dtHy = 1.03084e-05 (nCV =	46178 ) max_dtHy = 0.000154708 (nCV =	2282 ) 
+----+----+--------------+--------------+--------------+--------------+--------------+------+----+-+-+--+------+
|Name|view| Initial res  | Initial resL1| Target res   | Final res    | Final res L1 |Visits|Iter|R|F|CL|Status|
|CHT |   0|  4.612377e-09|  2.737637e-03|  2.882736e-13|  1.341958e-28|  1.887223e-13|     1|   9|0|n|30|  OK  |
nsd = 0 min_dtke = 1.0076e-05 (nCV =	46178 ) max_dtke = 0.000115944 (nCV =	27307 ) 
+----+----+----+--------------+--------------+--------------+--------------+--------------+------+----+-+-+--+------+
|Name|view| n_y| Initial res  | Initial resL1| Target res   | Final res    | Final res L1 |Visits|Iter|R|F|CL|Status|
+----+----+----+--------------+--------------+--------------+--------------+--------------+------+----+-+-+--+------+
|turb|   0|   0|  7.175743e-12|  1.021813e-04|  1.446714e-19|  4.708863e-23|  8.849421e-11|     1|   6|0|n|30|  OK  |
|turb|   0|   1|  3.348224e-05|  1.906876e-01|  6.420711e-14|  1.000129e-17|  6.502984e-08|     1|   6|0|n|30|  OK  |
Filter: K,E,momentum: sd =   0 isolating K from zero=     25 E from zero=  13756 E from infinity=  12187
slv : Fluid subdom(new) 0
slv : P static (new)                 : min(  46152) = 101313.10777128      , max(  23210) = 101434.42298395      
slv : P_static - Rho*g*h (new)       : min(  46152) = 101313.10238834      , max(  23210) = 101434.43256572      
slv : Density (new)                  : min(  46670) = 1.3300534178122      , max(  23210) = 1.3314983855374      
slv : Velocity (new)                 : min(   8752) = 0.0076028562874746   , max(  46083) = 17.381386437997      
slv : Mach number (new)              : min(   8752) = 2.3324087886352e-05  , max(  46083) = 0.053337539952214    
slv : Turbulent k (new)              : min(  13771) = 1e-40                , max(  15636) = 1.4291771282215      
slv : Turbulent e (new)              : min(  46425) = 1.5586184042356e-37  , max(  15636) = 2974.0524096587      
slv : Temperature (new)              : min(  46151) = 293.03700067248      , max(  26359) = 293.19999977379      
slv : Total enthalpy, Y-shifted (new): min(  46770) = -2.7013515870283     , max(   7571) = 11.043473742995      
slv : MASS FLUXES AT OPENINGS: MF=-0.000261314, AP=0.000261314
slv : DvGr statistics: min alpha=0.117111(nfa=88066, geom_slice=0)
slv : +----------------------------------+------------+-------+------------+------------+
slv : |          Collector name          | Total Time | Count |  Avg Time  |  Max Time  |
slv : +----------------------------------+------------+-------+------------+------------+
slv : | Calculate_inc                    |       4.512|      8|       0.564|       0.799|
slv : | CollectEMT_Results               |       0.000|      9|       0.000|       0.000|
slv : | HeatPathCalculator_Dynamic       |       0.017|      1|       0.017|       0.017|
slv : | LiSy_make_portrait               |       0.140|     53|       0.003|       0.016|
slv : | Results_processing               |       0.563|      8|       0.070|       0.080|
slv : | build_sl_ordering_CHT            |       0.015|      9|       0.002|       0.005|
slv : | build_sl_ordering_MDS            |       0.043|      9|       0.005|       0.014|
slv : | build_sl_ordering_fluid          |       0.042|      9|       0.005|       0.014|
slv : | calc_Convolutions_MDS            |       0.153|      9|       0.017|       0.019|
slv : | calc_wall_dist                   |       2.275|      1|       2.275|       2.275|
slv : | create_Gr_operators_MDS          |       0.145|      9|       0.016|       0.019|
slv : | create_Gr_operators_portrait_MDS |       0.043|      9|       0.005|       0.005|
slv : | init_Hy_group_MDS                |       0.082|      9|       0.009|       0.011|
slv : | perform_stage_total              |       6.659|    251|       0.027|       2.275|
slv : | precalc_at_start_MDS             |       1.593|      2|       0.796|       1.564|
slv : | solve_3M_MDS                     |       0.487|      9|       0.054|       0.078|
slv : | solve_3M_alg_MDS                 |       0.253|      9|       0.028|       0.052|
slv : | solve_BG_MDS                     |       0.413|      9|       0.046|       0.061|
slv : | solve_BG_alg_MDS                 |       0.347|      9|       0.039|       0.055|
slv : | solve_BL_MDS                     |       0.941|      9|       0.105|       0.242|
slv : | solve_CHT                        |       0.235|      9|       0.026|       0.031|
slv : | solve_CHT_MDS                    |       0.173|      9|       0.019|       0.021|
slv : | solve_CHT_alg_MDS                |       0.056|      9|       0.006|       0.006|
slv : | solve_DvGr_MDS                   |       1.256|      9|       0.140|       0.207|
slv : | solve_DvGr_alg_MDS               |       0.841|      9|       0.093|       0.161|
slv : | solve_INPR_MDS                   |       0.000|      1|       0.000|       0.000|
slv : | solve_PS+QJ                      |       0.000|      0|       0.000|       0.000|
slv : | solve_YLMA_MDS                   |       0.000|      9|       0.000|       0.000|
slv : | solve_YNOx_MDS                   |       0.000|      9|       0.000|       0.000|
slv : | solve_YTd_MDS                    |       0.000|      9|       0.000|       0.000|
slv : | solve_YTurb_MDS                  |       0.775|      9|       0.086|       0.090|
slv : | solve_YTurb_alg_MDS              |       0.196|     18|       0.011|       0.012|
slv : | update_BC_MDS                    |       0.000|     10|       0.000|       0.000|
slv : | update_Mf_after_DvGr             |       0.086|      9|       0.010|       0.010|
slv : | update_VelPressure_MDS           |       0.025|      9|       0.003|       0.003|
slv : +----------------------------------+------------+-------+------------+------------+
-----------------------------------------------------------------------
Memory Working Set Current = 352.02 Mb, Memory Working Set Peak = 352.02 Mb
Memory Private Bytes Current = 375.99 Mb, Memory Private Bytes Peak = 375.99 Mb
Process Threads Number: 31
-----------------------------------------------------------------------
Algebra Pool      : mem_usage = 168.69 Mb, allocated count = 2011

================== Tstep=9 ===================
nslice = 0; reset pressure calculator:  Rho_ref_grav_new = 1.33117
nslice = 0  P_ref = 101325
nslice = 0  Rho_ref_grav_old = 1.33122, Rho_ref_grav_new = 1.33117
 fluid-flow view[  0]: rho_ref_grav_averaged_in_view = 1.331165044133        
<Dynamic P> on nsd = 0 {openings (inlet / outlet)}:
  (SP = Static Pressure, EP = Environment Pressure, TP = Total Pressure, E = External)
  {#1, SP, (0.000000e+00 / 7.017734e+01)}
  MWS[  0]=0.614733
tau_viscous_averaged = 0.00424421 
dt(mass,momentum; nsd=  0): min dt/dtG(ncv=  46078)=1.00 , max dt/dtG(ncv=   2282)=15.1   , dtG=1.02181e-05
Flow alg-view 0 in phys-view 0 isn't Neumann (not Multi Phase treating)
Face Momentum (sd=  0): max value of div(mf) (cv=7576) = 1.629638e-10
Flow alg-view 0 is not Neumann (not for Phase Change + Nested Iters)
+----+----+--------------+--------------+--------------+--------------+--------------+------+----+-+-+--+------+
|Name|view| Initial res  | Initial resL1| Target res   | Final res    | Final res L1 |Visits|Iter|R|F|CL|Status|
| BG |   0|  2.318494e-18|  9.342427e-08|  1.535144e-20|  1.344205e-20|  1.456108e-08|     9|  27|0|n|30|  OK  |
log10(resTarget_Lim / resTarget_Orig): 2.0 
Face Momentum (sd=  0): max value of div(mf) (cv=39627) = 6.401850e-12
	norm_L2 of div(momentum) = 1.159410e-10.
Flow alg-view 0 in phys-view 0 isn't Neumann (not Multi Phase treating)
LOG: number of a-faces with weighted approximations in 0 subdomain: 15.4697 percent
LOG: Rate of a-faces corrected to CUp1st in 0 subdomain: 2.2909 %
slv : SolveBL stage
|nsd|Real WF|NormalF|Cycle F|CriticF| EdgeF |CyclBrF|ExtParF|RWFnumSt|StLvlNum|  nfw  |  alp_U_min  |  nfw  |  alp_U_max  |  nfw  |  alp_T_min  |  nfw  |  alp_T_max  |  nfw  |  BL_s_min   |  nfw  |   BL_s_max  |
|  0|  12896|  12822|      0|      2|     72|      0|      0|   12896|     120|   2055|0            |  11508|266.445      |   4996|0.0160506    |   7568|21657.3      |  11750|-5.96744     |   1221|0            |
Face Momentum (sd=  0): max value of div(mf) (cv=39627) = 6.401850e-12
	norm_L2 of div(momentum) = 1.159410e-10.
slv : 3m: nsd = 0 
slv :  3m: ROTATION = NO 
slv :  3m: gravity_vector     = {	 0 	 -9.81 	 0	 }  
slv :  3m: gravity_vector_LCS = {	 0 	 -9.81 	 0	 }  
slv :  +----+----+----+--------------+--------------+--------------+--------------+--------------+------+----+-+-+--+------+
|Name|view| n_y| Initial res  | Initial resL1| Target res   | Final res    | Final res L1 |Visits|Iter|R|F|CL|Status|
+----+----+----+--------------+--------------+--------------+--------------+--------------+------+----+-+-+--+------+
| 3M |   0|   0|  2.316644e-09|  5.767612e-03|  1.452247e-15|  4.295306e-22|  7.183089e-10|     2|   6|0|n|29|  OK  |
Velocity (predicted):
        (local) sd   0: min(   8664)=0.0084872195396713   , max(  46083)=17.216274629644      
Flow alg-view 0 is not Neumann (not for Phase Change + Nested Iters)
+----+----+--------------+--------------+--------------+--------------+--------------+------+----+-+-+--+------+
|Name|view| Initial res  | Initial resL1| Target res   | Final res    | Final res L1 |Visits|Iter|R|F|CL|Status|
|DVGR|   0|  9.179636e-12|  1.910751e-04|  1.530846e-18|  1.230418e-18|  1.218559e-07|     6|  18|0|n|30|  OK  |
PRESSURE SOLVER(geom_index=  0): sum_C_dp=4.61025e-12
Face Momentum (sd=  0): max value of div(mf) (cv=39468) = 1.057853e-10
	norm_L2 of div(momentum) = 1.109549e-09.
nsd = 0 min_dtHy = 1.02186e-05 (nCV =	46180 ) max_dtHy = 0.000154769 (nCV =	2282 ) 
+----+----+--------------+--------------+--------------+--------------+--------------+------+----+-+-+--+------+
|Name|view| Initial res  | Initial resL1| Target res   | Final res    | Final res L1 |Visits|Iter|R|F|CL|Status|
|CHT |   0|  4.118709e-09|  2.691764e-03|  2.574193e-13|  1.821191e-28|  2.070584e-13|     1|   9|0|n|30|  OK  |
nsd = 0 min_dtke = 9.97293e-06 (nCV =	46200 ) max_dtke = 0.000118027 (nCV =	27307 ) 
+----+----+----+--------------+--------------+--------------+--------------+--------------+------+----+-+-+--+------+
|Name|view| n_y| Initial res  | Initial resL1| Target res   | Final res    | Final res L1 |Visits|Iter|R|F|CL|Status|
+----+----+----+--------------+--------------+--------------+--------------+--------------+------+----+-+-+--+------+
|turb|   0|   0|  7.934036e-12|  1.058772e-04|  1.434723e-19|  5.249944e-23|  9.922897e-11|     1|   6|0|n|30|  OK  |
|turb|   0|   1|  4.128928e-05|  2.051660e-01|  6.346338e-14|  1.113090e-17|  7.238962e-08|     1|   6|0|n|30|  OK  |
Filter: K,E,momentum: sd =   0 isolating K from zero=     18 E from zero=  13671 E from infinity=  12179
slv : Fluid subdom(new) 0
slv : P static (new)                 : min(  46188) = 101320.10886155      , max(  14488) = 101439.24616838      
slv : P_static - Rho*g*h (new)       : min(  46188) = 101320.11620943      , max(  14488) = 101439.24460128      
slv : Density (new)                  : min(  46677) = 1.3300557287694      , max(  14488) = 1.3315617976973      
slv : Velocity (new)                 : min(   8752) = 0.0075065611027143   , max(  46083) = 17.176778923646      
slv : Mach number (new)              : min(   8752) = 2.3028673255523e-05  , max(  46083) = 0.052709319942917    
slv : Turbulent k (new)              : min(  13771) = 1e-40                , max(  15636) = 1.4141221398804      
slv : Turbulent e (new)              : min(  30087) = 8.738977058052e-39   , max(  15636) = 2937.5553241426      
slv : Temperature (new)              : min(  46083) = 293.04089006542      , max(  26359) = 293.19999966087      
slv : Total enthalpy, Y-shifted (new): min(  46770) = -2.962598468439      , max(   7571) = 11.276661086964      
slv : MASS FLUXES AT OPENINGS: MF=-0.000261293, AP=0.000261293
slv : DvGr statistics: min alpha=0.116949(nfa=88066, geom_slice=0)
slv : +----------------------------------+------------+-------+------------+------------+
slv : |          Collector name          | Total Time | Count |  Avg Time  |  Max Time  |
slv : +----------------------------------+------------+-------+------------+------------+
slv : | Calculate_inc                    |       5.024|      9|       0.558|       0.799|
slv : | CollectEMT_Results               |       0.000|     10|       0.000|       0.000|
slv : | HeatPathCalculator_Dynamic       |       0.017|      1|       0.017|       0.017|
slv : | LiSy_make_portrait               |       0.152|     58|       0.003|       0.016|
slv : | Results_processing               |       0.648|      9|       0.072|       0.085|
slv : | build_sl_ordering_CHT            |       0.015|     10|       0.002|       0.005|
slv : | build_sl_ordering_MDS            |       0.050|     10|       0.005|       0.014|
slv : | build_sl_ordering_fluid          |       0.050|     10|       0.005|       0.014|
slv : | calc_Convolutions_MDS            |       0.170|     10|       0.017|       0.019|
slv : | calc_wall_dist                   |       2.275|      1|       2.275|       2.275|
slv : | create_Gr_operators_MDS          |       0.160|     10|       0.016|       0.019|
slv : | create_Gr_operators_portrait_MDS |       0.047|     10|       0.005|       0.005|
slv : | init_Hy_group_MDS                |       0.091|     10|       0.009|       0.011|
slv : | perform_stage_total              |       7.098|    278|       0.026|       2.275|
slv : | precalc_at_start_MDS             |       1.593|      2|       0.796|       1.564|
slv : | solve_3M_MDS                     |       0.547|     10|       0.055|       0.078|
slv : | solve_3M_alg_MDS                 |       0.288|     10|       0.029|       0.052|
slv : | solve_BG_MDS                     |       0.455|     10|       0.046|       0.061|
slv : | solve_BG_alg_MDS                 |       0.382|     10|       0.038|       0.055|
slv : | solve_BL_MDS                     |       1.031|     10|       0.103|       0.242|
slv : | solve_CHT                        |       0.261|     10|       0.026|       0.031|
slv : | solve_CHT_MDS                    |       0.194|     10|       0.019|       0.021|
slv : | solve_CHT_alg_MDS                |       0.062|     10|       0.006|       0.006|
slv : | solve_DvGr_MDS                   |       1.363|     10|       0.136|       0.207|
slv : | solve_DvGr_alg_MDS               |       0.902|     10|       0.090|       0.161|
slv : | solve_INPR_MDS                   |       0.000|      1|       0.000|       0.000|
slv : | solve_PS+QJ                      |       0.000|      0|       0.000|       0.000|
slv : | solve_YLMA_MDS                   |       0.000|     10|       0.000|       0.000|
slv : | solve_YNOx_MDS                   |       0.000|     10|       0.000|       0.000|
slv : | solve_YTd_MDS                    |       0.000|     10|       0.000|       0.000|
slv : | solve_YTurb_MDS                  |       0.860|     10|       0.086|       0.090|
slv : | solve_YTurb_alg_MDS              |       0.218|     20|       0.011|       0.012|
slv : | update_BC_MDS                    |       0.000|     11|       0.000|       0.000|
slv : | update_Mf_after_DvGr             |       0.096|     10|       0.010|       0.010|
slv : | update_VelPressure_MDS           |       0.027|     10|       0.003|       0.003|
slv : +----------------------------------+------------+-------+------------+------------+
Interpolator cache: total calls 66151, optimised calls 26371 (39.9 %)
-----------------------------------------------------------------------
Memory Working Set Current = 352.24 Mb, Memory Working Set Peak = 352.24 Mb
Memory Private Bytes Current = 376.37 Mb, Memory Private Bytes Peak = 376.37 Mb
Process Threads Number: 31
-----------------------------------------------------------------------
Iteration : time = 2.93601 , count = 5 , time/count = 0.587202
Calculate_inc() : time = 2.55959 , count = 5 , time/count = 0.511918
TreatFlowEvolution() : time = 0.362189 , count = 5 , time/count = 0.0724378
SolverPreview : time = 0 , count = 5 , time/count = 0
TreatGoals : time = 0.349059 , count = 5 , time/count = 0.0698118
Algebra Pool      : mem_usage = 169.06 Mb, allocated count = 2015

================== Tstep=10 ===================
nslice = 0; reset pressure calculator:  Rho_ref_grav_new = 1.33116
nslice = 0  P_ref = 101325
nslice = 0  Rho_ref_grav_old = 1.33117, Rho_ref_grav_new = 1.33116
 fluid-flow view[  0]: rho_ref_grav_averaged_in_view = 1.3311623157079       
<Dynamic P> on nsd = 0 {openings (inlet / outlet)}:
  (SP = Static Pressure, EP = Environment Pressure, TP = Total Pressure, E = External)
  {#1, SP, (0.000000e+00 / 7.031378e+01)}
  MWS[  0]=0.607318
tau_viscous_averaged = 0.00424012 
dt(mass,momentum; nsd=  0): min dt/dtG(ncv=  46180)=1.00 , max dt/dtG(ncv=   2282)=15.1   , dtG=1.55234e-05
Flow alg-view 0 in phys-view 0 isn't Neumann (not Multi Phase treating)
Face Momentum (sd=  0): max value of div(mf) (cv=7597) = 1.485276e-10
Flow alg-view 0 is not Neumann (not for Phase Change + Nested Iters)
+----+----+--------------+--------------+--------------+--------------+--------------+------+----+-+-+--+------+
|Name|view| Initial res  | Initial resL1| Target res   | Final res    | Final res L1 |Visits|Iter|R|F|CL|Status|
| BG |   0|  2.985826e-18|  1.410678e-07|  1.530846e-20|  9.936181e-21|  1.390683e-08|     9|  27|0|n|30|  OK  |
log10(resTarget_Lim / resTarget_Orig): 1.9 
Face Momentum (sd=  0): max value of div(mf) (cv=39627) = 5.226893e-12
	norm_L2 of div(momentum) = 9.968085e-11.
Flow alg-view 0 in phys-view 0 isn't Neumann (not Multi Phase treating)
LOG: number of a-faces with weighted approximations in 0 subdomain: 15.6222 percent
LOG: Rate of a-faces corrected to CUp1st in 0 subdomain: 2.53735 %
slv : SolveBL stage
|nsd|Real WF|NormalF|Cycle F|CriticF| EdgeF |CyclBrF|ExtParF|RWFnumSt|StLvlNum|  nfw  |  alp_U_min  |  nfw  |  alp_U_max  |  nfw  |  alp_T_min  |  nfw  |  alp_T_max  |  nfw  |  BL_s_min   |  nfw  |   BL_s_max  |
|  0|  12896|  12822|      0|      2|     72|      0|      0|   12896|     120|   2056|0            |   7434|394.362      |   1221|0            |   7547|31917.3      |  11892|-5.76123     |   1221|0            |
Face Momentum (sd=  0): max value of div(mf) (cv=39627) = 5.226893e-12
	norm_L2 of div(momentum) = 9.968085e-11.
slv : 3m: nsd = 0 
slv :  3m: ROTATION = NO 
slv :  3m: gravity_vector     = {	 0 	 -9.81 	 0	 }  
slv :  3m: gravity_vector_LCS = {	 0 	 -9.81 	 0	 }  
slv :  +----+----+----+--------------+--------------+--------------+--------------+--------------+------+----+-+-+--+------+
|Name|view| n_y| Initial res  | Initial resL1| Target res   | Final res    | Final res L1 |Visits|Iter|R|F|CL|Status|
+----+----+----+--------------+--------------+--------------+--------------+--------------+------+----+-+-+--+------+
| 3M |   0|   0|  1.724638e-09|  5.276301e-03|  8.576523e-16|  1.851714e-20|  4.158265e-09|     2|   6|0|n|29|  OK  |
Velocity (predicted):
        (local) sd   0: min(   8664)=0.0088059757517537   , max(  46151)=17.04301129427       
Flow alg-view 0 is not Neumann (not for Phase Change + Nested Iters)
+----+----+--------------+--------------+--------------+--------------+--------------+------+----+-+-+--+------+
|Name|view| Initial res  | Initial resL1| Target res   | Final res    | Final res L1 |Visits|Iter|R|F|CL|Status|
|DVGR|   0|  9.073812e-12|  1.904537e-04|  3.320918e-18|  1.819541e-18|  1.462414e-07|     6|  18|0|n|30|  OK  |
PRESSURE SOLVER(geom_index=  0): sum_C_dp=-4.11689e-11
Face Momentum (sd=  0): max value of div(mf) (cv=22380) = 1.663920e-10
	norm_L2 of div(momentum) = 1.348983e-09.
nsd = 0 min_dtHy = 1.55242e-05 (nCV =	46200 ) max_dtHy = 0.000234498 (nCV =	2282 ) 
+----+----+--------------+--------------+--------------+--------------+--------------+------+----+-+-+--+------+
|Name|view| Initial res  | Initial resL1| Target res   | Final res    | Final res L1 |Visits|Iter|R|F|CL|Status|
|CHT |   0|  3.763801e-09|  2.650778e-03|  2.352376e-13|  8.593634e-26|  5.819303e-12|     1|   9|0|n|30|  OK  |
nsd = 0 min_dtke = 1.40412e-05 (nCV =	46178 ) max_dtke = 0.00016691 (nCV =	27307 ) 
+----+----+----+--------------+--------------+--------------+--------------+--------------+------+----+-+-+--+------+
|Name|view| n_y| Initial res  | Initial resL1| Target res   | Final res    | Final res L1 |Visits|Iter|R|F|CL|Status|
+----+----+----+--------------+--------------+--------------+--------------+--------------+------+----+-+-+--+------+
|turb|   0|   0|  6.508304e-12|  9.978971e-05|  8.541715e-20|  6.966210e-21|  2.473767e-09|     1|   6|0|n|30|  OK  |
|turb|   0|   1|  3.532746e-05|  1.970753e-01|  3.693215e-14|  2.490877e-15|  1.521197e-06|     1|   6|0|n|30|  OK  |
Filter: K,E,momentum: sd =   0 isolating K from zero=     15 E from zero=  13571 E from infinity=  12146
slv : Fluid subdom(new) 0
slv : P static (new)                 : min(  46084) = 101319.88208424      , max(  14488) = 101434.79315558      
slv : P_static - Rho*g*h (new)       : min(  46084) = 101319.87670154      , max(  14488) = 101434.79158848      
slv : Density (new)                  : min(  46677) = 1.3300537615905      , max(  14488) = 1.331503141377       
slv : Velocity (new)                 : min(   8664) = 0.010266237638788    , max(  46083) = 16.981684701412      
slv : Mach number (new)              : min(   8664) = 3.1494826062957e-05  , max(  46083) = 0.052110318910385    
slv : Turbulent k (new)              : min(  13771) = 1e-40                , max(  15636) = 1.3667717195043      
slv : Turbulent e (new)              : min(  30091) = 8.7286733954756e-39  , max(  15636) = 2826.329814961       
slv : Temperature (new)              : min(  46083) = 293.04457423204      , max(  22386) = 293.19999983607      
slv : Total enthalpy, Y-shifted (new): min(  46770) = -3.3365120192977     , max(   7571) = 11.480799942194      
slv : MASS FLUXES AT OPENINGS: MF=-0.000261273, AP=0.000261273
slv : DvGr statistics: min alpha=0.116811(nfa=88066, geom_slice=0)
slv : +----------------------------------+------------+-------+------------+------------+
slv : |          Collector name          | Total Time | Count |  Avg Time  |  Max Time  |
slv : +----------------------------------+------------+-------+------------+------------+
slv : | Calculate_inc                    |       5.539|     10|       0.554|       0.799|
slv : | CollectEMT_Results               |       0.000|     11|       0.000|       0.000|
slv : | HeatPathCalculator_Dynamic       |       0.017|      1|       0.017|       0.017|
slv : | LiSy_make_portrait               |       0.162|     62|       0.003|       0.016|
slv : | Results_processing               |       0.727|     10|       0.073|       0.085|
slv : | build_sl_ordering_CHT            |       0.015|     11|       0.001|       0.005|
slv : | build_sl_ordering_MDS            |       0.050|     11|       0.005|       0.014|
slv : | build_sl_ordering_fluid          |       0.050|     11|       0.005|       0.014|
slv : | calc_Convolutions_MDS            |       0.187|     11|       0.017|       0.019|
slv : | calc_wall_dist                   |       2.275|      1|       2.275|       2.275|
slv : | create_Gr_operators_MDS          |       0.176|     11|       0.016|       0.019|
slv : | create_Gr_operators_portrait_MDS |       0.055|     11|       0.005|       0.008|
slv : | init_Hy_group_MDS                |       0.100|     11|       0.009|       0.011|
slv : | perform_stage_total              |       7.533|    305|       0.025|       2.275|
slv : | precalc_at_start_MDS             |       1.593|      2|       0.796|       1.564|
slv : | solve_3M_MDS                     |       0.608|     11|       0.055|       0.078|
slv : | solve_3M_alg_MDS                 |       0.324|     11|       0.029|       0.052|
slv : | solve_BG_MDS                     |       0.495|     11|       0.045|       0.061|
slv : | solve_BG_alg_MDS                 |       0.415|     11|       0.038|       0.055|
slv : | solve_BL_MDS                     |       1.122|     11|       0.102|       0.242|
slv : | solve_CHT                        |       0.284|     11|       0.026|       0.031|
slv : | solve_CHT_MDS                    |       0.211|     11|       0.019|       0.021|
slv : | solve_CHT_alg_MDS                |       0.069|     11|       0.006|       0.007|
slv : | solve_DvGr_MDS                   |       1.473|     11|       0.134|       0.207|
slv : | solve_DvGr_alg_MDS               |       0.964|     11|       0.088|       0.161|
slv : | solve_INPR_MDS                   |       0.000|      1|       0.000|       0.000|
slv : | solve_PS+QJ                      |       0.000|      0|       0.000|       0.000|
slv : | solve_YLMA_MDS                   |       0.000|     11|       0.000|       0.000|
slv : | solve_YNOx_MDS                   |       0.000|     11|       0.000|       0.000|
slv : | solve_YTd_MDS                    |       0.000|     11|       0.000|       0.000|
slv : | solve_YTurb_MDS                  |       0.941|     11|       0.086|       0.090|
slv : | solve_YTurb_alg_MDS              |       0.239|     22|       0.011|       0.012|
slv : | update_BC_MDS                    |       0.000|     12|       0.000|       0.000|
slv : | update_Mf_after_DvGr             |       0.105|     11|       0.010|       0.010|
slv : | update_VelPressure_MDS           |       0.030|     11|       0.003|       0.003|
slv : +----------------------------------+------------+-------+------------+------------+
-----------------------------------------------------------------------
Memory Working Set Current = 352.18 Mb, Memory Working Set Peak = 352.24 Mb
Memory Private Bytes Current = 376.37 Mb, Memory Private Bytes Peak = 376.37 Mb
Process Threads Number: 31
-----------------------------------------------------------------------
Algebra Pool      : mem_usage = 169.06 Mb, allocated count = 2014

================== Tstep=11 ===================
nslice = 0; reset pressure calculator:  Rho_ref_grav_new = 1.33113
nslice = 0  P_ref = 101325
nslice = 0  Rho_ref_grav_old = 1.33116, Rho_ref_grav_new = 1.33113
 fluid-flow view[  0]: rho_ref_grav_averaged_in_view = 1.331125286908        
<Dynamic P> on nsd = 0 {openings (inlet / outlet)}:
  (SP = Static Pressure, EP = Environment Pressure, TP = Total Pressure, E = External)
  {#1, SP, (0.000000e+00 / 7.029239e+01)}
  MWS[  0]=0.600395
tau_viscous_averaged = 0.00423466 
dt(mass,momentum; nsd=  0): min dt/dtG(ncv=  46078)=1.00 , max dt/dtG(ncv=   2282)=15.2   , dtG=1.55837e-05
Flow alg-view 0 in phys-view 0 isn't Neumann (not Multi Phase treating)
Face Momentum (sd=  0): max value of div(mf) (cv=22380) = 1.663920e-10
Flow alg-view 0 is not Neumann (not for Phase Change + Nested Iters)
+----+----+--------------+--------------+--------------+--------------+--------------+------+----+-+-+--+------+
|Name|view| Initial res  | Initial resL1| Target res   | Final res    | Final res L1 |Visits|Iter|R|F|CL|Status|
| BG |   0|  3.452746e-18|  1.644473e-07|  3.320918e-20|  1.433153e-20|  1.504534e-08|     9|  27|0|n|30|  OK  |
log10(resTarget_Lim / resTarget_Orig): 2.2 
Face Momentum (sd=  0): max value of div(mf) (cv=39627) = 7.360597e-12
	norm_L2 of div(momentum) = 1.197149e-10.
Flow alg-view 0 in phys-view 0 isn't Neumann (not Multi Phase treating)
LOG: number of a-faces with weighted approximations in 0 subdomain: 14.3467 percent
LOG: Rate of a-faces corrected to CUp1st in 0 subdomain: 2.18238 %
slv : SolveBL stage
|nsd|Real WF|NormalF|Cycle F|CriticF| EdgeF |CyclBrF|ExtParF|RWFnumSt|StLvlNum|  nfw  |  alp_U_min  |  nfw  |  alp_U_max  |  nfw  |  alp_T_min  |  nfw  |  alp_T_max  |  nfw  |  BL_s_min   |  nfw  |   BL_s_max  |
|  0|  12896|  12819|      0|      5|     72|      0|      0|   12896|     120|   2054|0            |  11508|527.189      |   1221|0            |   7496|23911.3      |  10522|-5.58391     |   1221|0            |
Face Momentum (sd=  0): max value of div(mf) (cv=39627) = 7.360597e-12
	norm_L2 of div(momentum) = 1.197149e-10.
slv : 3m: nsd = 0 
slv :  3m: ROTATION = NO 
slv :  3m: gravity_vector     = {	 0 	 -9.81 	 0	 }  
slv :  3m: gravity_vector_LCS = {	 0 	 -9.81 	 0	 }  
slv :  +----+----+----+--------------+--------------+--------------+--------------+--------------+------+----+-+-+--+------+
|Name|view| n_y| Initial res  | Initial resL1| Target res   | Final res    | Final res L1 |Visits|Iter|R|F|CL|Status|
+----+----+----+--------------+--------------+--------------+--------------+--------------+------+----+-+-+--+------+
| 3M |   0|   0|  1.225197e-09|  4.608390e-03|  8.343752e-16|  1.573993e-20|  3.891937e-09|     2|   6|0|n|29|  OK  |
Velocity (predicted):
        (local) sd   0: min(   8664)=0.011180074646573    , max(  46151)=16.747309302705      
Flow alg-view 0 is not Neumann (not for Phase Change + Nested Iters)
+----+----+--------------+--------------+--------------+--------------+--------------+------+----+-+-+--+------+
|Name|view| Initial res  | Initial resL1| Target res   | Final res    | Final res L1 |Visits|Iter|R|F|CL|Status|
|DVGR|   0|  3.641323e-12|  1.535595e-04|  3.207517e-18|  1.273262e-18|  1.216435e-07|     6|  18|0|n|30|  OK  |
PRESSURE SOLVER(geom_index=  0): sum_C_dp=-3.03713e-12
Face Momentum (sd=  0): max value of div(mf) (cv=22380) = 1.246189e-10
	norm_L2 of div(momentum) = 1.128423e-09.
nsd = 0 min_dtHy = 1.55845e-05 (nCV =	46200 ) max_dtHy = 0.000237149 (nCV =	2282 ) 
+----+----+--------------+--------------+--------------+--------------+--------------+------+----+-+-+--+------+
|Name|view| Initial res  | Initial resL1| Target res   | Final res    | Final res L1 |Visits|Iter|R|F|CL|Status|
|CHT |   0|  3.346741e-09|  2.588021e-03|  2.091713e-13|  2.554742e-25|  9.292944e-12|     1|   9|0|n|30|  OK  |
nsd = 0 min_dtke = 1.42213e-05 (nCV =	46200 ) max_dtke = 0.000171792 (nCV =	27307 ) 
+----+----+----+--------------+--------------+--------------+--------------+--------------+------+----+-+-+--+------+
|Name|view| n_y| Initial res  | Initial resL1| Target res   | Final res    | Final res L1 |Visits|Iter|R|F|CL|Status|
+----+----+----+--------------+--------------+--------------+--------------+--------------+------+----+-+-+--+------+
|turb|   0|   0|  6.888155e-12|  1.003274e-04|  8.138915e-20|  9.900694e-21|  3.068590e-09|     1|   6|0|n|30|  OK  |
|turb|   0|   1|  4.061071e-05|  2.024901e-01|  3.440241e-14|  2.594035e-15|  1.723154e-06|     1|   6|0|n|30|  OK  |
Filter: K,E,momentum: sd =   0 isolating K from zero=     16 E from zero=  13554 E from infinity=  12127
slv : Fluid subdom(new) 0
slv : P static (new)                 : min(  46118) = 101322.46702851      , max(  14488) = 101436.37634131      
slv : P_static - Rho*g*h (new)       : min(  46118) = 101322.46892037      , max(  14488) = 101436.37477426      
slv : Density (new)                  : min(  46677) = 1.3300566851893      , max(  14488) = 1.3315238415131      
slv : Velocity (new)                 : min(   8664) = 0.011422449085427    , max(  46185) = 16.764255610824      
slv : Mach number (new)              : min(   8664) = 3.504185922673e-05   , max(  46185) = 0.051442756910619    
slv : Turbulent k (new)              : min(  13778) = 1e-40                , max(  34801) = 1.4078649037743      
slv : Turbulent e (new)              : min(  34713) = 5.31598732119e-39    , max(  34801) = 2803.8475730133      
slv : Temperature (new)              : min(  46185) = 293.04862001702      , max(  22386) = 293.20000116081      
slv : Total enthalpy, Y-shifted (new): min(  46770) = -3.692053372206      , max(   7582) = 11.626635963095      
slv : MASS FLUXES AT OPENINGS: MF=-0.000261254, AP=0.000261254
slv : DvGr statistics: min alpha=0.116841(nfa=88066, geom_slice=0)
slv : +----------------------------------+------------+-------+------------+------------+
slv : |          Collector name          | Total Time | Count |  Avg Time  |  Max Time  |
slv : +----------------------------------+------------+-------+------------+------------+
slv : | Calculate_inc                    |       6.044|     11|       0.549|       0.799|
slv : | CollectEMT_Results               |       0.000|     12|       0.000|       0.000|
slv : | HeatPathCalculator_Dynamic       |       0.017|      1|       0.017|       0.017|
slv : | LiSy_make_portrait               |       0.173|     66|       0.003|       0.016|
slv : | Results_processing               |       0.788|     11|       0.072|       0.085|
slv : | build_sl_ordering_CHT            |       0.015|     12|       0.001|       0.005|
slv : | build_sl_ordering_MDS            |       0.051|     12|       0.004|       0.014|
slv : | build_sl_ordering_fluid          |       0.051|     12|       0.004|       0.014|
slv : | calc_Convolutions_MDS            |       0.203|     12|       0.017|       0.019|
slv : | calc_wall_dist                   |       2.275|      1|       2.275|       2.275|
slv : | create_Gr_operators_MDS          |       0.191|     12|       0.016|       0.019|
slv : | create_Gr_operators_portrait_MDS |       0.059|     12|       0.005|       0.008|
slv : | init_Hy_group_MDS                |       0.109|     12|       0.009|       0.011|
slv : | perform_stage_total              |       7.957|    332|       0.024|       2.275|
slv : | precalc_at_start_MDS             |       1.593|      2|       0.796|       1.564|
slv : | solve_3M_MDS                     |       0.672|     12|       0.056|       0.078|
slv : | solve_3M_alg_MDS                 |       0.359|     12|       0.030|       0.052|
slv : | solve_BG_MDS                     |       0.533|     12|       0.044|       0.061|
slv : | solve_BG_alg_MDS                 |       0.445|     12|       0.037|       0.055|
slv : | solve_BL_MDS                     |       1.212|     12|       0.101|       0.242|
slv : | solve_CHT                        |       0.309|     12|       0.026|       0.031|
slv : | solve_CHT_MDS                    |       0.231|     12|       0.019|       0.021|
slv : | solve_CHT_alg_MDS                |       0.075|     12|       0.006|       0.007|
slv : | solve_DvGr_MDS                   |       1.579|     12|       0.132|       0.207|
slv : | solve_DvGr_alg_MDS               |       1.025|     12|       0.085|       0.161|
slv : | solve_INPR_MDS                   |       0.000|      1|       0.000|       0.000|
slv : | solve_PS+QJ                      |       0.000|      0|       0.000|       0.000|
slv : | solve_YLMA_MDS                   |       0.000|     12|       0.000|       0.000|
slv : | solve_YNOx_MDS                   |       0.000|     12|       0.000|       0.000|
slv : | solve_YTd_MDS                    |       0.000|     12|       0.000|       0.000|
slv : | solve_YTurb_MDS                  |       1.020|     12|       0.085|       0.090|
slv : | solve_YTurb_alg_MDS              |       0.261|     24|       0.011|       0.012|
slv : | update_BC_MDS                    |       0.000|     13|       0.000|       0.000|
slv : | update_Mf_after_DvGr             |       0.114|     12|       0.010|       0.010|
slv : | update_VelPressure_MDS           |       0.033|     12|       0.003|       0.003|
slv : +----------------------------------+------------+-------+------------+------------+
-----------------------------------------------------------------------
Memory Working Set Current = 352.16 Mb, Memory Working Set Peak = 352.24 Mb
Memory Private Bytes Current = 364.10 Mb, Memory Private Bytes Peak = 376.37 Mb
Process Threads Number: 31
-----------------------------------------------------------------------
Algebra Pool      : mem_usage = 169.06 Mb, allocated count = 2011

================== Tstep=12 ===================
nslice = 0; reset pressure calculator:  Rho_ref_grav_new = 1.33112
nslice = 0  P_ref = 101325
nslice = 0  Rho_ref_grav_old = 1.33113, Rho_ref_grav_new = 1.33112
 fluid-flow view[  0]: rho_ref_grav_averaged_in_view = 1.3311188968449       
<Dynamic P> on nsd = 0 {openings (inlet / outlet)}:
  (SP = Static Pressure, EP = Environment Pressure, TP = Total Pressure, E = External)
  {#1, SP, (0.000000e+00 / 7.029057e+01)}
  MWS[  0]=0.592705
tau_viscous_averaged = 0.00423076 
dt(mass,momentum; nsd=  0): min dt/dtG(ncv=  46178)=1.00 , max dt/dtG(ncv=   2282)=15.3   , dtG=1.57446e-05
Flow alg-view 0 in phys-view 0 isn't Neumann (not Multi Phase treating)
Face Momentum (sd=  0): max value of div(mf) (cv=7548) = 1.336968e-10
Flow alg-view 0 is not Neumann (not for Phase Change + Nested Iters)
+----+----+--------------+--------------+--------------+--------------+--------------+------+----+-+-+--+------+
|Name|view| Initial res  | Initial resL1| Target res   | Final res    | Final res L1 |Visits|Iter|R|F|CL|Status|
| BG |   0|  2.738272e-18|  1.389150e-07|  3.207517e-20|  9.261906e-21|  1.334824e-08|     9|  27|0|n|30|  OK  |
log10(resTarget_Lim / resTarget_Orig): 2.3 
Face Momentum (sd=  0): max value of div(mf) (cv=39627) = 5.828364e-12
	norm_L2 of div(momentum) = 9.623922e-11.
Flow alg-view 0 in phys-view 0 isn't Neumann (not Multi Phase treating)
LOG: number of a-faces with weighted approximations in 0 subdomain: 14.5797 percent
LOG: Rate of a-faces corrected to CUp1st in 0 subdomain: 2.39405 %
slv : SolveBL stage
|nsd|Real WF|NormalF|Cycle F|CriticF| EdgeF |CyclBrF|ExtParF|RWFnumSt|StLvlNum|  nfw  |  alp_U_min  |  nfw  |  alp_U_max  |  nfw  |  alp_T_min  |  nfw  |  alp_T_max  |  nfw  |  BL_s_min   |  nfw  |   BL_s_max  |
|  0|  12896|  12823|      0|      1|     72|      0|      0|   12896|     120|   2056|0            |  11479|449.562      |   1221|0            |   7092|25411.6      |  10522|-5.53532     |   1221|0            |
Face Momentum (sd=  0): max value of div(mf) (cv=39627) = 5.828364e-12
	norm_L2 of div(momentum) = 9.623922e-11.
slv : 3m: nsd = 0 
slv :  3m: ROTATION = NO 
slv :  3m: gravity_vector     = {	 0 	 -9.81 	 0	 }  
slv :  3m: gravity_vector_LCS = {	 0 	 -9.81 	 0	 }  
slv :  +----+----+----+--------------+--------------+--------------+--------------+--------------+------+----+-+-+--+------+
|Name|view| n_y| Initial res  | Initial resL1| Target res   | Final res    | Final res L1 |Visits|Iter|R|F|CL|Status|
+----+----+----+--------------+--------------+--------------+--------------+--------------+------+----+-+-+--+------+
| 3M |   0|   0|  9.352904e-10|  4.065226e-03|  8.096767e-16|  1.493621e-20|  3.456187e-09|     2|   6|0|n|29|  OK  |
Velocity (predicted):
        (local) sd   0: min(   8664)=0.012077416740425    , max(  46185)=16.636264754438      
Flow alg-view 0 is not Neumann (not for Phase Change + Nested Iters)
+----+----+--------------+--------------+--------------+--------------+--------------+------+----+-+-+--+------+
|Name|view| Initial res  | Initial resL1| Target res   | Final res    | Final res L1 |Visits|Iter|R|F|CL|Status|
|DVGR|   0|  2.182620e-12|  1.293183e-04|  3.086135e-18|  1.141375e-18|  1.141631e-07|     6|  18|0|n|30|  OK  |
PRESSURE SOLVER(geom_index=  0): sum_C_dp=-1.47208e-11
Face Momentum (sd=  0): max value of div(mf) (cv=22380) = 1.048865e-10
	norm_L2 of div(momentum) = 1.068359e-09.
nsd = 0 min_dtHy = 1.57454e-05 (nCV =	46178 ) max_dtHy = 0.00024074 (nCV =	2282 ) 
+----+----+--------------+--------------+--------------+--------------+--------------+------+----+-+-+--+------+
|Name|view| Initial res  | Initial resL1| Target res   | Final res    | Final res L1 |Visits|Iter|R|F|CL|Status|
|CHT |   0|  3.045165e-09|  2.519956e-03|  1.903228e-13|  8.712505e-25|  1.612907e-11|     1|   9|0|n|30|  OK  |
nsd = 0 min_dtke = 1.41803e-05 (nCV =	46200 ) max_dtke = 0.000176039 (nCV =	27307 ) 
+----+----+----+--------------+--------------+--------------+--------------+--------------+------+----+-+-+--+------+
|Name|view| n_y| Initial res  | Initial resL1| Target res   | Final res    | Final res L1 |Visits|Iter|R|F|CL|Status|
+----+----+----+--------------+--------------+--------------+--------------+--------------+------+----+-+-+--+------+
|turb|   0|   0|  7.986523e-12|  1.053988e-04|  7.705618e-20|  2.025342e-20|  3.957142e-09|     1|   6|0|n|30|  OK  |
|turb|   0|   1|  5.133612e-05|  2.192385e-01|  3.174474e-14|  4.176751e-15|  2.131984e-06|     1|   6|0|n|30|  OK  |
Filter: K,E,momentum: sd =   0 isolating K from zero=     15 E from zero=  13524 E from infinity=  12040
slv : Fluid subdom(new) 0
slv : P static (new)                 : min(  46118) = 101322.8887179       , max(  14488) = 101431.51198178      
slv : P_static - Rho*g*h (new)       : min(  46118) = 101322.89060975      , max(  14488) = 101431.51041473      
slv : Density (new)                  : min(  46677) = 1.3300641436924      , max(  14488) = 1.3314600972081      
slv : Velocity (new)                 : min(   8664) = 0.014059517246385    , max(  46186) = 16.617313413173      
slv : Mach number (new)              : min(   8664) = 4.3131873869661e-05  , max(  46186) = 0.050991608324685    
slv : Turbulent k (new)              : min(  13778) = 1e-40                , max(  34428) = 1.4832666875696      
slv : Turbulent e (new)              : min(  45053) = 1.5591554527502e-37  , max(  15119) = 3000.6492398448      
slv : Temperature (new)              : min(  46186) = 293.05140362243      , max(  22386) = 293.2000046493       
slv : Total enthalpy, Y-shifted (new): min(  46770) = -4.0294604956272     , max(   7582) = 11.776057634152      
slv : MASS FLUXES AT OPENINGS: MF=-0.000261235, AP=0.000261235
slv : DvGr statistics: min alpha=0.116913(nfa=88066, geom_slice=0)
slv : +----------------------------------+------------+-------+------------+------------+
slv : |          Collector name          | Total Time | Count |  Avg Time  |  Max Time  |
slv : +----------------------------------+------------+-------+------------+------------+
slv : | Calculate_inc                    |       6.541|     12|       0.545|       0.799|
slv : | CollectEMT_Results               |       0.000|     13|       0.000|       0.000|
slv : | HeatPathCalculator_Dynamic       |       0.017|      1|       0.017|       0.017|
slv : | LiSy_make_portrait               |       0.183|     70|       0.003|       0.016|
slv : | Results_processing               |       0.849|     12|       0.071|       0.085|
slv : | build_sl_ordering_CHT            |       0.015|     13|       0.001|       0.005|
slv : | build_sl_ordering_MDS            |       0.051|     13|       0.004|       0.014|
slv : | build_sl_ordering_fluid          |       0.051|     13|       0.004|       0.014|
slv : | calc_Convolutions_MDS            |       0.221|     13|       0.017|       0.019|
slv : | calc_wall_dist                   |       2.275|      1|       2.275|       2.275|
slv : | create_Gr_operators_MDS          |       0.207|     13|       0.016|       0.019|
slv : | create_Gr_operators_portrait_MDS |       0.064|     13|       0.005|       0.008|
slv : | init_Hy_group_MDS                |       0.118|     13|       0.009|       0.011|
slv : | perform_stage_total              |       8.375|    359|       0.023|       2.275|
slv : | precalc_at_start_MDS             |       1.593|      2|       0.796|       1.564|
slv : | solve_3M_MDS                     |       0.731|     13|       0.056|       0.078|
slv : | solve_3M_alg_MDS                 |       0.393|     13|       0.030|       0.052|
slv : | solve_BG_MDS                     |       0.571|     13|       0.044|       0.061|
slv : | solve_BG_alg_MDS                 |       0.475|     13|       0.037|       0.055|
slv : | solve_BL_MDS                     |       1.303|     13|       0.100|       0.242|
slv : | solve_CHT                        |       0.332|     13|       0.026|       0.031|
slv : | solve_CHT_MDS                    |       0.248|     13|       0.019|       0.021|
slv : | solve_CHT_alg_MDS                |       0.082|     13|       0.006|       0.007|
slv : | solve_DvGr_MDS                   |       1.684|     13|       0.130|       0.207|
slv : | solve_DvGr_alg_MDS               |       1.085|     13|       0.083|       0.161|
slv : | solve_INPR_MDS                   |       0.000|      1|       0.000|       0.000|
slv : | solve_PS+QJ                      |       0.000|      0|       0.000|       0.000|
slv : | solve_YLMA_MDS                   |       0.000|     13|       0.000|       0.000|
slv : | solve_YNOx_MDS                   |       0.000|     13|       0.000|       0.000|
slv : | solve_YTd_MDS                    |       0.000|     13|       0.000|       0.000|
slv : | solve_YTurb_MDS                  |       1.097|     13|       0.084|       0.090|
slv : | solve_YTurb_alg_MDS              |       0.282|     26|       0.011|       0.012|
slv : | update_BC_MDS                    |       0.000|     14|       0.000|       0.000|
slv : | update_Mf_after_DvGr             |       0.124|     13|       0.010|       0.010|
slv : | update_VelPressure_MDS           |       0.036|     13|       0.003|       0.003|
slv : +----------------------------------+------------+-------+------------+------------+
-----------------------------------------------------------------------
Memory Working Set Current = 352.23 Mb, Memory Working Set Peak = 352.24 Mb
Memory Private Bytes Current = 376.37 Mb, Memory Private Bytes Peak = 376.37 Mb
Process Threads Number: 31
-----------------------------------------------------------------------
Algebra Pool      : mem_usage = 169.06 Mb, allocated count = 2011

================== Tstep=13 ===================
nslice = 0; reset pressure calculator:  Rho_ref_grav_new = 1.3311
nslice = 0  P_ref = 101325
nslice = 0  Rho_ref_grav_old = 1.33112, Rho_ref_grav_new = 1.3311
 fluid-flow view[  0]: rho_ref_grav_averaged_in_view = 1.3311037352101       
<Dynamic P> on nsd = 0 {openings (inlet / outlet)}:
  (SP = Static Pressure, EP = Environment Pressure, TP = Total Pressure, E = External)
  {#1, SP, (0.000000e+00 / 7.023594e+01)}
  MWS[  0]=0.587511
tau_viscous_averaged = 0.00422833 
dt(mass,momentum; nsd=  0): min dt/dtG(ncv=  46178)=1.00 , max dt/dtG(ncv=   2281)=15.7   , dtG=1.56369e-05
Flow alg-view 0 in phys-view 0 isn't Neumann (not Multi Phase treating)
Face Momentum (sd=  0): max value of div(mf) (cv=7576) = 1.333706e-10
Flow alg-view 0 is not Neumann (not for Phase Change + Nested Iters)
+----+----+--------------+--------------+--------------+--------------+--------------+------+----+-+-+--+------+
|Name|view| Initial res  | Initial resL1| Target res   | Final res    | Final res L1 |Visits|Iter|R|F|CL|Status|
| BG |   0|  2.469552e-18|  1.308662e-07|  3.086135e-20|  9.772600e-21|  1.318818e-08|     9|  27|0|n|30|  OK  |
log10(resTarget_Lim / resTarget_Orig): 2.3 
Face Momentum (sd=  0): max value of div(mf) (cv=39627) = 5.949222e-12
	norm_L2 of div(momentum) = 9.885688e-11.
Flow alg-view 0 in phys-view 0 isn't Neumann (not Multi Phase treating)
LOG: number of a-faces with weighted approximations in 0 subdomain: 13.9854 percent
LOG: Rate of a-faces corrected to CUp1st in 0 subdomain: 2.11323 %
slv : SolveBL stage
|nsd|Real WF|NormalF|Cycle F|CriticF| EdgeF |CyclBrF|ExtParF|RWFnumSt|StLvlNum|  nfw  |  alp_U_min  |  nfw  |  alp_U_max  |  nfw  |  alp_T_min  |  nfw  |  alp_T_max  |  nfw  |  BL_s_min   |  nfw  |   BL_s_max  |
|  0|  12896|  12822|      0|      2|     72|      0|      0|   12896|     120|   2056|0            |  11479|662.083      |   1221|0            |   2016|17324.3      |  10514|-5.47196     |   1221|0            |
Face Momentum (sd=  0): max value of div(mf) (cv=39627) = 5.949222e-12
	norm_L2 of div(momentum) = 9.885688e-11.
slv : 3m: nsd = 0 
slv :  3m: ROTATION = NO 
slv :  3m: gravity_vector     = {	 0 	 -9.81 	 0	 }  
slv :  3m: gravity_vector_LCS = {	 0 	 -9.81 	 0	 }  
slv :  +----+----+----+--------------+--------------+--------------+--------------+--------------+------+----+-+-+--+------+
|Name|view| n_y| Initial res  | Initial resL1| Target res   | Final res    | Final res L1 |Visits|Iter|R|F|CL|Status|
+----+----+----+--------------+--------------+--------------+--------------+--------------+------+----+-+-+--+------+
| 3M |   0|   0|  7.940826e-10|  3.697994e-03|  7.931726e-16|  1.449719e-20|  3.379504e-09|     2|   6|0|n|29|  OK  |
Velocity (predicted):
        (local) sd   0: min(   8664)=0.014467765344584    , max(  46186)=16.439705554171      
Flow alg-view 0 is not Neumann (not for Phase Change + Nested Iters)
+----+----+--------------+--------------+--------------+--------------+--------------+------+----+-+-+--+------+
|Name|view| Initial res  | Initial resL1| Target res   | Final res    | Final res L1 |Visits|Iter|R|F|CL|Status|
|DVGR|   0|  1.075409e-12|  1.037122e-04|  3.010806e-18|  8.839306e-19|  9.958041e-08|     6|  18|0|n|30|  OK  |
PRESSURE SOLVER(geom_index=  0): sum_C_dp=-2.68808e-12
Face Momentum (sd=  0): max value of div(mf) (cv=22380) = 1.050779e-10
	norm_L2 of div(momentum) = 9.401874e-10.
nsd = 0 min_dtHy = 1.56377e-05 (nCV =	46178 ) max_dtHy = 0.000245052 (nCV =	2281 ) 
+----+----+--------------+--------------+--------------+--------------+--------------+------+----+-+-+--+------+
|Name|view| Initial res  | Initial resL1| Target res   | Final res    | Final res L1 |Visits|Iter|R|F|CL|Status|
|CHT |   0|  2.825533e-09|  2.470225e-03|  1.765958e-13|  3.049915e-24|  2.879629e-11|     1|   9|0|n|30|  OK  |
nsd = 0 min_dtke = 1.41613e-05 (nCV =	46200 ) max_dtke = 0.000180562 (nCV =	27307 ) 
+----+----+----+--------------+--------------+--------------+--------------+--------------+------+----+-+-+--+------+
|Name|view| n_y| Initial res  | Initial resL1| Target res   | Final res    | Final res L1 |Visits|Iter|R|F|CL|Status|
+----+----+----+--------------+--------------+--------------+--------------+--------------+------+----+-+-+--+------+
|turb|   0|   0|  8.107060e-12|  1.069075e-04|  7.423276e-20|  3.472744e-20|  4.625456e-09|     1|   6|0|n|30|  OK  |
|turb|   0|   1|  5.467126e-05|  2.266513e-01|  3.005056e-14|  5.418033e-15|  2.429579e-06|     1|   6|0|n|30|  OK  |
Filter: K,E,momentum: sd =   0 isolating K from zero=      9 E from zero=  13518 E from infinity=  12045
slv : Fluid subdom(new) 0
slv : P static (new)                 : min(  46118) = 101323.88858252      , max(   5194) = 101428.96197798      
slv : P_static - Rho*g*h (new)       : min(  46118) = 101323.89047435      , max(   5194) = 101428.99616059      
slv : Density (new)                  : min(  47398) = 1.3300642447841      , max(   5194) = 1.3314264794799      
slv : Velocity (new)                 : min(   8664) = 0.015470232860392    , max(  46186) = 16.471802833607      
slv : Mach number (new)              : min(   8664) = 4.7459676742175e-05  , max(  46186) = 0.050544867158037    
slv : Turbulent k (new)              : min(  13778) = 1e-40                , max(  13213) = 1.5741981958411      
slv : Turbulent e (new)              : min(  45062) = 1.5585725807046e-37  , max(  15119) = 3218.2690535796      
slv : Temperature (new)              : min(  46186) = 293.05406988074      , max(  22386) = 293.20000234694      
slv : Total enthalpy, Y-shifted (new): min(  46770) = -4.3515345608722     , max(   7582) = 11.873077450479      
slv : MASS FLUXES AT OPENINGS: MF=-0.000261218, AP=0.000261218
slv : DvGr statistics: min alpha=0.116688(nfa=88066, geom_slice=0)
slv : +----------------------------------+------------+-------+------------+------------+
slv : |          Collector name          | Total Time | Count |  Avg Time  |  Max Time  |
slv : +----------------------------------+------------+-------+------------+------------+
slv : | Calculate_inc                    |       7.030|     13|       0.541|       0.799|
slv : | CollectEMT_Results               |       0.000|     14|       0.000|       0.000|
slv : | HeatPathCalculator_Dynamic       |       0.017|      1|       0.017|       0.017|
slv : | LiSy_make_portrait               |       0.194|     74|       0.003|       0.016|
slv : | Results_processing               |       0.925|     13|       0.071|       0.085|
slv : | build_sl_ordering_CHT            |       0.015|     14|       0.001|       0.005|
slv : | build_sl_ordering_MDS            |       0.052|     14|       0.004|       0.014|
slv : | build_sl_ordering_fluid          |       0.051|     14|       0.004|       0.014|
slv : | calc_Convolutions_MDS            |       0.239|     14|       0.017|       0.019|
slv : | calc_wall_dist                   |       2.275|      1|       2.275|       2.275|
slv : | create_Gr_operators_MDS          |       0.222|     14|       0.016|       0.019|
slv : | create_Gr_operators_portrait_MDS |       0.069|     14|       0.005|       0.008|
slv : | init_Hy_group_MDS                |       0.127|     14|       0.009|       0.011|
slv : | perform_stage_total              |       8.799|    386|       0.023|       2.275|
slv : | precalc_at_start_MDS             |       1.593|      2|       0.796|       1.564|
slv : | solve_3M_MDS                     |       0.791|     14|       0.057|       0.078|
slv : | solve_3M_alg_MDS                 |       0.428|     14|       0.031|       0.052|
slv : | solve_BG_MDS                     |       0.609|     14|       0.044|       0.061|
slv : | solve_BG_alg_MDS                 |       0.506|     14|       0.036|       0.055|
slv : | solve_BL_MDS                     |       1.394|     14|       0.100|       0.242|
slv : | solve_CHT                        |       0.358|     14|       0.026|       0.031|
slv : | solve_CHT_MDS                    |       0.269|     14|       0.019|       0.021|
slv : | solve_CHT_alg_MDS                |       0.088|     14|       0.006|       0.007|
slv : | solve_DvGr_MDS                   |       1.792|     14|       0.128|       0.207|
slv : | solve_DvGr_alg_MDS               |       1.146|     14|       0.082|       0.161|
slv : | solve_INPR_MDS                   |       0.000|      1|       0.000|       0.000|
slv : | solve_PS+QJ                      |       0.000|      0|       0.000|       0.000|
slv : | solve_YLMA_MDS                   |       0.000|     14|       0.000|       0.000|
slv : | solve_YNOx_MDS                   |       0.000|     14|       0.000|       0.000|
slv : | solve_YTd_MDS                    |       0.000|     14|       0.000|       0.000|
slv : | solve_YTurb_MDS                  |       1.178|     14|       0.084|       0.090|
slv : | solve_YTurb_alg_MDS              |       0.304|     28|       0.011|       0.012|
slv : | update_BC_MDS                    |       0.000|     15|       0.000|       0.000|
slv : | update_Mf_after_DvGr             |       0.133|     14|       0.009|       0.010|
slv : | update_VelPressure_MDS           |       0.039|     14|       0.003|       0.003|
slv : +----------------------------------+------------+-------+------------+------------+
-----------------------------------------------------------------------
Memory Working Set Current = 352.27 Mb, Memory Working Set Peak = 352.27 Mb
Memory Private Bytes Current = 376.37 Mb, Memory Private Bytes Peak = 376.37 Mb
Process Threads Number: 31
-----------------------------------------------------------------------
Algebra Pool      : mem_usage = 169.06 Mb, allocated count = 2009

================== Tstep=14 ===================
nslice = 0; reset pressure calculator:  Rho_ref_grav_new = 1.3311
nslice = 0  P_ref = 101325
nslice = 0  Rho_ref_grav_old = 1.3311, Rho_ref_grav_new = 1.3311
 fluid-flow view[  0]: rho_ref_grav_averaged_in_view = 1.3310991303719       
<Dynamic P> on nsd = 0 {openings (inlet / outlet)}:
  (SP = Static Pressure, EP = Environment Pressure, TP = Total Pressure, E = External)
  {#1, SP, (0.000000e+00 / 7.016532e+01)}
  MWS[  0]=0.582367
tau_viscous_averaged = 0.00422619 
dt(mass,momentum; nsd=  0): min dt/dtG(ncv=  46078)=1.00 , max dt/dtG(ncv=   2281)=16.2   , dtG=1.55375e-05
Flow alg-view 0 in phys-view 0 isn't Neumann (not Multi Phase treating)
Face Momentum (sd=  0): max value of div(mf) (cv=7548) = 1.260002e-10
Flow alg-view 0 is not Neumann (not for Phase Change + Nested Iters)
+----+----+--------------+--------------+--------------+--------------+--------------+------+----+-+-+--+------+
|Name|view| Initial res  | Initial resL1| Target res   | Final res    | Final res L1 |Visits|Iter|R|F|CL|Status|
| BG |   0|  2.051498e-18|  1.153721e-07|  3.010806e-20|  2.691355e-20|  2.234668e-08|     8|  24|0|n|30|  OK  |
log10(resTarget_Lim / resTarget_Orig): 2.4 
Face Momentum (sd=  0): max value of div(mf) (cv=24447) = 9.193151e-12
	norm_L2 of div(momentum) = 1.640539e-10.
Flow alg-view 0 in phys-view 0 isn't Neumann (not Multi Phase treating)
LOG: number of a-faces with weighted approximations in 0 subdomain: 14.0823 percent
LOG: Rate of a-faces corrected to CUp1st in 0 subdomain: 2.23579 %
slv : SolveBL stage
|nsd|Real WF|NormalF|Cycle F|CriticF| EdgeF |CyclBrF|ExtParF|RWFnumSt|StLvlNum|  nfw  |  alp_U_min  |  nfw  |  alp_U_max  |  nfw  |  alp_T_min  |  nfw  |  alp_T_max  |  nfw  |  BL_s_min   |  nfw  |   BL_s_max  |
|  0|  12896|  12822|      0|      2|     72|      0|      0|   12896|     120|   2056|0            |  11479|1048.64      |   1221|0            |   7571|59923.1      |  10514|-5.41952     |   1221|0            |
Face Momentum (sd=  0): max value of div(mf) (cv=24447) = 9.193151e-12
	norm_L2 of div(momentum) = 1.640539e-10.
slv : 3m: nsd = 0 
slv :  3m: ROTATION = NO 
slv :  3m: gravity_vector     = {	 0 	 -9.81 	 0	 }  
slv :  3m: gravity_vector_LCS = {	 0 	 -9.81 	 0	 }  
slv :  +----+----+----+--------------+--------------+--------------+--------------+--------------+------+----+-+-+--+------+
|Name|view| n_y| Initial res  | Initial resL1| Target res   | Final res    | Final res L1 |Visits|Iter|R|F|CL|Status|
+----+----+----+--------------+--------------+--------------+--------------+--------------+------+----+-+-+--+------+
| 3M |   0|   0|  6.631486e-10|  3.373782e-03|  7.770490e-16|  1.379274e-20|  3.278790e-09|     2|   6|0|n|29|  OK  |
Velocity (predicted):
        (local) sd   0: min(   8664)=0.016140992606438    , max(  46186)=16.326850336547      
Flow alg-view 0 is not Neumann (not for Phase Change + Nested Iters)
+----+----+--------------+--------------+--------------+--------------+--------------+------+----+-+-+--+------+
|Name|view| Initial res  | Initial resL1| Target res   | Final res    | Final res L1 |Visits|Iter|R|F|CL|Status|
|DVGR|   0|  6.915733e-13|  8.686167e-05|  2.939757e-18|  8.179768e-19|  9.385924e-08|     6|  18|0|n|30|  OK  |
PRESSURE SOLVER(geom_index=  0): sum_C_dp=-7.11842e-12
Face Momentum (sd=  0): max value of div(mf) (cv=22380) = 9.372054e-11
	norm_L2 of div(momentum) = 9.044275e-10.
nsd = 0 min_dtHy = 1.55383e-05 (nCV =	46180 ) max_dtHy = 0.000251548 (nCV =	2281 ) 
+----+----+--------------+--------------+--------------+--------------+--------------+------+----+-+-+--+------+
|Name|view| Initial res  | Initial resL1| Target res   | Final res    | Final res L1 |Visits|Iter|R|F|CL|Status|
|CHT |   0|  2.656566e-09|  2.423961e-03|  1.660354e-13|  9.600864e-24|  4.979970e-11|     1|   9|0|n|30|  OK  |
nsd = 0 min_dtke = 1.41707e-05 (nCV =	46146 ) max_dtke = 0.000184292 (nCV =	27307 ) 
+----+----+----+--------------+--------------+--------------+--------------+--------------+------+----+-+-+--+------+
|Name|view| n_y| Initial res  | Initial resL1| Target res   | Final res    | Final res L1 |Visits|Iter|R|F|CL|Status|
+----+----+----+--------------+--------------+--------------+--------------+--------------+------+----+-+-+--+------+
|turb|   0|   0|  8.275627e-12|  1.077600e-04|  7.149588e-20|  6.535344e-20|  5.453608e-09|     1|   6|0|n|30|  OK  |
|turb|   0|   1|  5.861115e-05|  2.314334e-01|  2.843955e-14|  8.384656e-15|  2.810673e-06|     1|   6|0|n|30|  OK  |
Filter: K,E,momentum: sd =   0 isolating K from zero=      6 E from zero=  13479 E from infinity=  12033
slv : Fluid subdom(new) 0
slv : P static (new)                 : min(  46118) = 101323.66775314      , max(   5194) = 101430.22057858      
slv : P_static - Rho*g*h (new)       : min(  46118) = 101323.66964496      , max(   5194) = 101430.25476108      
slv : Density (new)                  : min(  47398) = 1.3300660202475      , max(   5194) = 1.3314431250039      
slv : Velocity (new)                 : min(   8664) = 0.0176394226597      , max(  46084) = 16.325430503004      
slv : Mach number (new)              : min(   8664) = 5.4114331546886e-05  , max(  46084) = 0.050095485637491    
slv : Turbulent k (new)              : min(  24234) = 1e-40                , max(  13213) = 1.7015022566296      
slv : Turbulent e (new)              : min(  24234) = 7.4548113686091e-39  , max(  13213) = 3538.6859238147      
slv : Temperature (new)              : min(  46084) = 293.05673716073      , max(  22386) = 293.20000237976      
slv : Total enthalpy, Y-shifted (new): min(  46770) = -4.6537435423496     , max(   7576) = 12.000420536587      
slv : MASS FLUXES AT OPENINGS: MF=-0.000261201, AP=0.000261201
slv : DvGr statistics: min alpha=0.116449(nfa=88066, geom_slice=0)
slv : +----------------------------------+------------+-------+------------+------------+
slv : |          Collector name          | Total Time | Count |  Avg Time  |  Max Time  |
slv : +----------------------------------+------------+-------+------------+------------+
slv : | Calculate_inc                    |       7.530|     14|       0.538|       0.799|
slv : | CollectEMT_Results               |       0.000|     15|       0.000|       0.000|
slv : | HeatPathCalculator_Dynamic       |       0.017|      1|       0.017|       0.017|
slv : | LiSy_make_portrait               |       0.204|     78|       0.003|       0.016|
slv : | Results_processing               |       1.013|     14|       0.072|       0.088|
slv : | build_sl_ordering_CHT            |       0.015|     15|       0.001|       0.005|
slv : | build_sl_ordering_MDS            |       0.052|     15|       0.003|       0.014|
slv : | build_sl_ordering_fluid          |       0.051|     15|       0.003|       0.014|
slv : | calc_Convolutions_MDS            |       0.256|     15|       0.017|       0.019|
slv : | calc_wall_dist                   |       2.275|      1|       2.275|       2.275|
slv : | create_Gr_operators_MDS          |       0.237|     15|       0.016|       0.019|
slv : | create_Gr_operators_portrait_MDS |       0.076|     15|       0.005|       0.008|
slv : | init_Hy_group_MDS                |       0.135|     15|       0.009|       0.011|
slv : | perform_stage_total              |       9.234|    413|       0.022|       2.275|
slv : | precalc_at_start_MDS             |       1.593|      2|       0.796|       1.564|
slv : | solve_3M_MDS                     |       0.853|     15|       0.057|       0.078|
slv : | solve_3M_alg_MDS                 |       0.464|     15|       0.031|       0.052|
slv : | solve_BG_MDS                     |       0.648|     15|       0.043|       0.061|
slv : | solve_BG_alg_MDS                 |       0.538|     15|       0.036|       0.055|
slv : | solve_BL_MDS                     |       1.487|     15|       0.099|       0.242|
slv : | solve_CHT                        |       0.384|     15|       0.026|       0.031|
slv : | solve_CHT_MDS                    |       0.289|     15|       0.019|       0.021|
slv : | solve_CHT_alg_MDS                |       0.095|     15|       0.006|       0.007|
slv : | solve_DvGr_MDS                   |       1.899|     15|       0.127|       0.207|
slv : | solve_DvGr_alg_MDS               |       1.206|     15|       0.080|       0.161|
slv : | solve_INPR_MDS                   |       0.000|      1|       0.000|       0.000|
slv : | solve_PS+QJ                      |       0.000|      0|       0.000|       0.000|
slv : | solve_YLMA_MDS                   |       0.000|     15|       0.000|       0.000|
slv : | solve_YNOx_MDS                   |       0.000|     15|       0.000|       0.000|
slv : | solve_YTd_MDS                    |       0.001|     15|       0.000|       0.000|
slv : | solve_YTurb_MDS                  |       1.264|     15|       0.084|       0.090|
slv : | solve_YTurb_alg_MDS              |       0.325|     30|       0.011|       0.012|
slv : | update_BC_MDS                    |       0.000|     16|       0.000|       0.000|
slv : | update_Mf_after_DvGr             |       0.142|     15|       0.009|       0.010|
slv : | update_VelPressure_MDS           |       0.041|     15|       0.003|       0.003|
slv : +----------------------------------+------------+-------+------------+------------+
Interpolator cache: total calls 67147, optimised calls 26778 (39.9 %)
-----------------------------------------------------------------------
Memory Working Set Current = 352.32 Mb, Memory Working Set Peak = 352.32 Mb
Memory Private Bytes Current = 376.37 Mb, Memory Private Bytes Peak = 376.37 Mb
Process Threads Number: 31
-----------------------------------------------------------------------
Iteration : time = 2.85957 , count = 5 , time/count = 0.571913
Calculate_inc() : time = 2.50549 , count = 5 , time/count = 0.501097
TreatFlowEvolution() : time = 0.347992 , count = 5 , time/count = 0.0695984
SolverPreview : time = 0 , count = 5 , time/count = 0
TreatGoals : time = 0.344265 , count = 5 , time/count = 0.068853
Algebra Pool      : mem_usage = 169.06 Mb, allocated count = 2014

================== Tstep=15 ===================
nslice = 0; reset pressure calculator:  Rho_ref_grav_new = 1.33109
nslice = 0  P_ref = 101325
nslice = 0  Rho_ref_grav_old = 1.3311, Rho_ref_grav_new = 1.33109
 fluid-flow view[  0]: rho_ref_grav_averaged_in_view = 1.3310909168779       
<Dynamic P> on nsd = 0 {openings (inlet / outlet)}:
  (SP = Static Pressure, EP = Environment Pressure, TP = Total Pressure, E = External)
  {#1, SP, (0.000000e+00 / 7.009483e+01)}
  MWS[  0]=0.577192
tau_viscous_averaged = 0.00422439 
dt(mass,momentum; nsd=  0): min dt/dtG(ncv=  46078)=1.00 , max dt/dtG(ncv=  27365)=16.7   , dtG=2.31931e-05
Flow alg-view 0 in phys-view 0 isn't Neumann (not Multi Phase treating)
Face Momentum (sd=  0): max value of div(mf) (cv=7576) = 1.227976e-10
Flow alg-view 0 is not Neumann (not for Phase Change + Nested Iters)
+----+----+--------------+--------------+--------------+--------------+--------------+------+----+-+-+--+------+
|Name|view| Initial res  | Initial resL1| Target res   | Final res    | Final res L1 |Visits|Iter|R|F|CL|Status|
| BG |   0|  1.850534e-18|  1.084347e-07|  2.939757e-20|  2.615364e-20|  2.172848e-08|     8|  24|0|n|30|  OK  |
log10(resTarget_Lim / resTarget_Orig): 2.4 
Face Momentum (sd=  0): max value of div(mf) (cv=24447) = 9.014038e-12
	norm_L2 of div(momentum) = 1.617210e-10.
Flow alg-view 0 in phys-view 0 isn't Neumann (not Multi Phase treating)
LOG: number of a-faces with weighted approximations in 0 subdomain: 13.4289 percent
LOG: Rate of a-faces corrected to CUp1st in 0 subdomain: 1.99686 %
slv : SolveBL stage
|nsd|Real WF|NormalF|Cycle F|CriticF| EdgeF |CyclBrF|ExtParF|RWFnumSt|StLvlNum|  nfw  |  alp_U_min  |  nfw  |  alp_U_max  |  nfw  |  alp_T_min  |  nfw  |  alp_T_max  |  nfw  |  BL_s_min   |  nfw  |   BL_s_max  |
|  0|  12896|  12821|      0|      3|     72|      0|      0|   12896|     120|   2055|0            |  11479|1477.67      |   1221|0            |   7470|19137.1      |  10534|-5.38584     |   1221|0            |
Face Momentum (sd=  0): max value of div(mf) (cv=24447) = 9.014038e-12
	norm_L2 of div(momentum) = 1.617210e-10.
slv : 3m: nsd = 0 
slv :  3m: ROTATION = NO 
slv :  3m: gravity_vector     = {	 0 	 -9.81 	 0	 }  
slv :  3m: gravity_vector_LCS = {	 0 	 -9.81 	 0	 }  
slv :  +----+----+----+--------------+--------------+--------------+--------------+--------------+------+----+-+-+--+------+
|Name|view| n_y| Initial res  | Initial resL1| Target res   | Final res    | Final res L1 |Visits|Iter|R|F|CL|Status|
+----+----+----+--------------+--------------+--------------+--------------+--------------+------+----+-+-+--+------+
| 3M |   0|   0|  5.782580e-10|  3.134940e-03|  5.031176e-16|  4.629641e-19|  2.078620e-08|     2|   6|0|n|29|  OK  |
Velocity (predicted):
        (local) sd   0: min(  41146)=0.0084377991656422   , max(  46152)=16.1294782958        
Flow alg-view 0 is not Neumann (not for Phase Change + Nested Iters)
+----+----+--------------+--------------+--------------+--------------+--------------+------+----+-+-+--+------+
|Name|view| Initial res  | Initial resL1| Target res   | Final res    | Final res L1 |Visits|Iter|R|F|CL|Status|
|DVGR|   0|  7.099534e-13|  9.032480e-05|  6.457328e-18|  2.065428e-18|  1.481864e-07|     6|  18|0|n|30|  OK  |
PRESSURE SOLVER(geom_index=  0): sum_C_dp=-5.38207e-12
Face Momentum (sd=  0): max value of div(mf) (cv=22380) = 1.525378e-10
	norm_L2 of div(momentum) = 1.437163e-09.
nsd = 0 min_dtHy = 2.31942e-05 (nCV =	46200 ) max_dtHy = 0.000387148 (nCV =	27365 ) 
+----+----+--------------+--------------+--------------+--------------+--------------+------+----+-+-+--+------+
|Name|view| Initial res  | Initial resL1| Target res   | Final res    | Final res L1 |Visits|Iter|R|F|CL|Status|
|CHT |   0|  2.558031e-09|  2.410316e-03|  1.598769e-13|  1.734113e-19|  1.191758e-08|     1|   9|0|n|30|  OK  |
nsd = 0 min_dtke = 1.91855e-05 (nCV =	46180 ) max_dtke = 0.000252226 (nCV =	27474 ) 
+----+----+----+--------------+--------------+--------------+--------------+--------------+------+----+-+-+--+------+
|Name|view| n_y| Initial res  | Initial resL1| Target res   | Final res    | Final res L1 |Visits|Iter|R|F|CL|Status|
+----+----+----+--------------+--------------+--------------+--------------+--------------+------+----+-+-+--+------+
|turb|   0|   0|  6.482515e-12|  9.957459e-05|  4.703200e-20|  5.663108e-23|  1.104022e-10|     2|  12|0|n|30|  OK  |
|turb|   0|   1|  4.662653e-05|  2.146042e-01|  1.839446e-14|  4.690040e-18|  4.107460e-08|     2|  12|0|n|30|  OK  |
Filter: K,E,momentum: sd =   0 isolating K from zero=      6 E from zero=  13443 E from infinity=  12042
slv : Fluid subdom(new) 0
slv : P static (new)                 : min(  46118) = 101324.31601368      , max(   5194) = 101429.08609616      
slv : P_static - Rho*g*h (new)       : min(  46118) = 101324.31790549      , max(   5194) = 101429.12027844      
slv : Density (new)                  : min(  47398) = 1.330069051858       , max(   5194) = 1.3314285750488      
slv : Velocity (new)                 : min(  30135) = 0.019572153582928    , max(  46084) = 16.153181228662      
slv : Mach number (new)              : min(  30135) = 6.0043660345703e-05  , max(  46084) = 0.049566666081269    
slv : Turbulent k (new)              : min(  13982) = 1e-40                , max(  13213) = 1.7869212704537      
slv : Turbulent e (new)              : min(  13982) = 7.0121095581003e-39  , max(  13213) = 3760.7735203272      
slv : Temperature (new)              : min(  46084) = 293.05984986502      , max(   8678) = 293.20007398888      
slv : Total enthalpy, Y-shifted (new): min(  46770) = -5.0701329652625     , max(   7576) = 12.124553684335      
slv : MASS FLUXES AT OPENINGS: MF=-0.000261185, AP=0.000261185
slv : DvGr statistics: min alpha=0.116282(nfa=88066, geom_slice=0)
slv : +----------------------------------+------------+-------+------------+------------+
slv : |          Collector name          | Total Time | Count |  Avg Time  |  Max Time  |
slv : +----------------------------------+------------+-------+------------+------------+
slv : | Calculate_inc                    |       8.038|     15|       0.536|       0.799|
slv : | CollectEMT_Results               |       0.000|     16|       0.000|       0.000|
slv : | HeatPathCalculator_Dynamic       |       0.017|      1|       0.017|       0.017|
slv : | LiSy_make_portrait               |       0.215|     82|       0.003|       0.016|
slv : | Results_processing               |       1.079|     15|       0.072|       0.088|
slv : | build_sl_ordering_CHT            |       0.015|     16|       0.001|       0.005|
slv : | build_sl_ordering_MDS            |       0.052|     16|       0.003|       0.014|
slv : | build_sl_ordering_fluid          |       0.052|     16|       0.003|       0.014|
slv : | calc_Convolutions_MDS            |       0.272|     16|       0.017|       0.019|
slv : | calc_wall_dist                   |       2.275|      1|       2.275|       2.275|
slv : | create_Gr_operators_MDS          |       0.253|     16|       0.016|       0.019|
slv : | create_Gr_operators_portrait_MDS |       0.080|     16|       0.005|       0.008|
slv : | init_Hy_group_MDS                |       0.144|     16|       0.009|       0.011|
slv : | perform_stage_total              |       9.717|    440|       0.022|       2.275|
slv : | precalc_at_start_MDS             |       1.593|      2|       0.796|       1.564|
slv : | solve_3M_MDS                     |       0.913|     16|       0.057|       0.078|
slv : | solve_3M_alg_MDS                 |       0.498|     16|       0.031|       0.052|
slv : | solve_BG_MDS                     |       0.683|     16|       0.043|       0.061|
slv : | solve_BG_alg_MDS                 |       0.565|     16|       0.035|       0.055|
slv : | solve_BL_MDS                     |       1.578|     16|       0.099|       0.242|
slv : | solve_CHT                        |       0.407|     16|       0.025|       0.031|
slv : | solve_CHT_MDS                    |       0.307|     16|       0.019|       0.021|
slv : | solve_CHT_alg_MDS                |       0.101|     16|       0.006|       0.007|
slv : | solve_DvGr_MDS                   |       2.006|     16|       0.125|       0.207|
slv : | solve_DvGr_alg_MDS               |       1.268|     16|       0.079|       0.161|
slv : | solve_INPR_MDS                   |       0.000|      1|       0.000|       0.000|
slv : | solve_PS+QJ                      |       0.000|      0|       0.000|       0.000|
slv : | solve_YLMA_MDS                   |       0.000|     16|       0.000|       0.000|
slv : | solve_YNOx_MDS                   |       0.000|     16|       0.000|       0.000|
slv : | solve_YTd_MDS                    |       0.001|     16|       0.000|       0.000|
slv : | solve_YTurb_MDS                  |       1.409|     16|       0.088|       0.145|
slv : | solve_YTurb_alg_MDS              |       0.411|     32|       0.013|       0.056|
slv : | update_BC_MDS                    |       0.000|     17|       0.000|       0.000|
slv : | update_Mf_after_DvGr             |       0.151|     16|       0.009|       0.010|
slv : | update_VelPressure_MDS           |       0.044|     16|       0.003|       0.003|
slv : +----------------------------------+------------+-------+------------+------------+
-----------------------------------------------------------------------
Memory Working Set Current = 358.09 Mb, Memory Working Set Peak = 358.09 Mb
Memory Private Bytes Current = 383.94 Mb, Memory Private Bytes Peak = 383.94 Mb
Process Threads Number: 31
-----------------------------------------------------------------------
Algebra Pool      : mem_usage = 176.12 Mb, allocated count = 2146

================== Tstep=16 ===================
nslice = 0; reset pressure calculator:  Rho_ref_grav_new = 1.33108
nslice = 0  P_ref = 101325
nslice = 0  Rho_ref_grav_old = 1.33109, Rho_ref_grav_new = 1.33108
 fluid-flow view[  0]: rho_ref_grav_averaged_in_view = 1.3310816300108       
<Dynamic P> on nsd = 0 {openings (inlet / outlet)}:
  (SP = Static Pressure, EP = Environment Pressure, TP = Total Pressure, E = External)
  {#1, SP, (0.000000e+00 / 7.002554e+01)}
  MWS[  0]=0.571102
tau_viscous_averaged = 0.00422331 
dt(mass,momentum; nsd=  0): min dt/dtG(ncv=  46078)=1.00 , max dt/dtG(ncv=  27365)=17.4   , dtG=2.30554e-05
Flow alg-view 0 in phys-view 0 isn't Neumann (not Multi Phase treating)
Face Momentum (sd=  0): max value of div(mf) (cv=22380) = 1.525378e-10
Flow alg-view 0 is not Neumann (not for Phase Change + Nested Iters)
+----+----+--------------+--------------+--------------+--------------+--------------+------+----+-+-+--+------+
|Name|view| Initial res  | Initial resL1| Target res   | Final res    | Final res L1 |Visits|Iter|R|F|CL|Status|
| BG |   0|  2.888993e-18|  1.598734e-07|  6.457328e-20|  2.748531e-20|  2.270315e-08|     8|  24|0|n|30|  OK  |
log10(resTarget_Lim / resTarget_Orig): 2.6 
Face Momentum (sd=  0): max value of div(mf) (cv=24447) = 9.057909e-12
	norm_L2 of div(momentum) = 1.657871e-10.
Flow alg-view 0 in phys-view 0 isn't Neumann (not Multi Phase treating)
LOG: number of a-faces with weighted approximations in 0 subdomain: 13.2736 percent
LOG: Rate of a-faces corrected to CUp1st in 0 subdomain: 2.04028 %
slv : SolveBL stage
|nsd|Real WF|NormalF|Cycle F|CriticF| EdgeF |CyclBrF|ExtParF|RWFnumSt|StLvlNum|  nfw  |  alp_U_min  |  nfw  |  alp_U_max  |  nfw  |  alp_T_min  |  nfw  |  alp_T_max  |  nfw  |  BL_s_min   |  nfw  |   BL_s_max  |
|  0|  12896|  12822|      0|      2|     72|      0|      0|   12896|     120|   2056|0            |  11479|10425.2      |   1221|0            |   2013|16500.9      |  11590|-5.53191     |   1221|0            |
Face Momentum (sd=  0): max value of div(mf) (cv=24447) = 9.057909e-12
	norm_L2 of div(momentum) = 1.657871e-10.
slv : 3m: nsd = 0 
slv :  3m: ROTATION = NO 
slv :  3m: gravity_vector     = {	 0 	 -9.81 	 0	 }  
slv :  3m: gravity_vector_LCS = {	 0 	 -9.81 	 0	 }  
slv :  +----+----+----+--------------+--------------+--------------+--------------+--------------+------+----+-+-+--+------+
|Name|view| n_y| Initial res  | Initial resL1| Target res   | Final res    | Final res L1 |Visits|Iter|R|F|CL|Status|
+----+----+----+--------------+--------------+--------------+--------------+--------------+------+----+-+-+--+------+
| 3M |   0|   0|  4.756213e-10|  2.852893e-03|  4.909657e-16|  3.545962e-19|  1.986779e-08|     2|   6|0|n|29|  OK  |
Velocity (predicted):
        (local) sd   0: min(  30135)=0.017617877660876    , max(  46152)=15.986435599064      
Flow alg-view 0 is not Neumann (not for Phase Change + Nested Iters)
+----+----+--------------+--------------+--------------+--------------+--------------+------+----+-+-+--+------+
|Name|view| Initial res  | Initial resL1| Target res   | Final res    | Final res L1 |Visits|Iter|R|F|CL|Status|
|DVGR|   0|  5.977071e-13|  8.566769e-05|  6.291402e-18|  2.723810e-18|  1.688411e-07|     6|  18|0|n|30|  OK  |
PRESSURE SOLVER(geom_index=  0): sum_C_dp=-4.14606e-12
Face Momentum (sd=  0): max value of div(mf) (cv=22380) = 1.758250e-10
	norm_L2 of div(momentum) = 1.650401e-09.
nsd = 0 min_dtHy = 2.30564e-05 (nCV =	46200 ) max_dtHy = 0.000402076 (nCV =	27365 ) 
+----+----+--------------+--------------+--------------+--------------+--------------+------+----+-+-+--+------+
|Name|view| Initial res  | Initial resL1| Target res   | Final res    | Final res L1 |Visits|Iter|R|F|CL|Status|
|CHT |   0|  2.349979e-09|  2.354454e-03|  1.468737e-13|  5.053371e-19|  1.942843e-08|     1|   9|0|n|30|  OK  |
nsd = 0 min_dtke = 1.92962e-05 (nCV =	46146 ) max_dtke = 0.000260157 (nCV =	5268 ) 
+----+----+----+--------------+--------------+--------------+--------------+--------------+------+----+-+-+--+------+
|Name|view| n_y| Initial res  | Initial resL1| Target res   | Final res    | Final res L1 |Visits|Iter|R|F|CL|Status|
+----+----+----+--------------+--------------+--------------+--------------+--------------+------+----+-+-+--+------+
|turb|   0|   0|  6.832782e-12|  1.006478e-04|  4.496080e-20|  4.362285e-23|  1.138456e-10|     2|  12|0|n|30|  OK  |
|turb|   0|   1|  5.113578e-05|  2.203146e-01|  1.721612e-14|  4.185721e-18|  4.458883e-08|     2|  12|0|n|30|  OK  |
Filter: K,E,momentum: sd =   0 isolating K from zero=      2 E from zero=  13411 E from infinity=  12082
slv : Fluid subdom(new) 0
slv : P static (new)                 : min(  46118) = 101324.3040826       , max(   5194) = 101426.89020478      
slv : P_static - Rho*g*h (new)       : min(  46118) = 101324.3059744       , max(   5194) = 101426.92438683      
slv : Density (new)                  : min(  47398) = 1.3300682753058      , max(   5194) = 1.3314002244169      
slv : Velocity (new)                 : min(  22386) = 0.016848759689076    , max(  46152) = 15.985331555507      
slv : Mach number (new)              : min(  22386) = 5.1688722217437e-05  , max(  46152) = 0.049051361689128    
slv : Turbulent k (new)              : min(  29454) = 1e-40                , max(  13213) = 1.8504755996684      
slv : Turbulent e (new)              : min(  29454) = 1.5632526009545e-37  , max(  13213) = 3927.2662432136      
slv : Temperature (new)              : min(  46152) = 293.06285173629      , max(   8677) = 293.20028844907      
slv : Total enthalpy, Y-shifted (new): min(  46770) = -5.4526380726175     , max(   7576) = 12.200767321546      
slv : MASS FLUXES AT OPENINGS: MF=-0.000261169, AP=0.000261169
slv : DvGr statistics: min alpha=0.116082(nfa=88066, geom_slice=0)
slv : +----------------------------------+------------+-------+------------+------------+
slv : |          Collector name          | Total Time | Count |  Avg Time  |  Max Time  |
slv : +----------------------------------+------------+-------+------------+------------+
slv : | Calculate_inc                    |       8.590|     16|       0.537|       0.799|
slv : | CollectEMT_Results               |       0.000|     17|       0.000|       0.000|
slv : | HeatPathCalculator_Dynamic       |       0.017|      1|       0.017|       0.017|
slv : | LiSy_make_portrait               |       0.226|     87|       0.003|       0.016|
slv : | Results_processing               |       1.142|     16|       0.071|       0.088|
slv : | build_sl_ordering_CHT            |       0.015|     17|       0.001|       0.005|
slv : | build_sl_ordering_MDS            |       0.060|     17|       0.004|       0.014|
slv : | build_sl_ordering_fluid          |       0.059|     17|       0.003|       0.014|
slv : | calc_Convolutions_MDS            |       0.291|     17|       0.017|       0.019|
slv : | calc_wall_dist                   |       2.275|      1|       2.275|       2.275|
slv : | create_Gr_operators_MDS          |       0.273|     17|       0.016|       0.021|
slv : | create_Gr_operators_portrait_MDS |       0.085|     17|       0.005|       0.008|
slv : | init_Hy_group_MDS                |       0.153|     17|       0.009|       0.011|
slv : | perform_stage_total              |      10.188|    467|       0.022|       2.275|
slv : | precalc_at_start_MDS             |       1.593|      2|       0.796|       1.564|
slv : | solve_3M_MDS                     |       0.973|     17|       0.057|       0.078|
slv : | solve_3M_alg_MDS                 |       0.533|     17|       0.031|       0.052|
slv : | solve_BG_MDS                     |       0.718|     17|       0.042|       0.061|
slv : | solve_BG_alg_MDS                 |       0.593|     17|       0.035|       0.055|
slv : | solve_BL_MDS                     |       1.669|     17|       0.098|       0.242|
slv : | solve_CHT                        |       0.431|     17|       0.025|       0.031|
slv : | solve_CHT_MDS                    |       0.325|     17|       0.019|       0.021|
slv : | solve_CHT_alg_MDS                |       0.107|     17|       0.006|       0.007|
slv : | solve_DvGr_MDS                   |       2.113|     17|       0.124|       0.207|
slv : | solve_DvGr_alg_MDS               |       1.330|     17|       0.078|       0.161|
slv : | solve_INPR_MDS                   |       0.000|      1|       0.000|       0.000|
slv : | solve_PS+QJ                      |       0.000|      0|       0.000|       0.000|
slv : | solve_YLMA_MDS                   |       0.000|     17|       0.000|       0.000|
slv : | solve_YNOx_MDS                   |       0.000|     17|       0.000|       0.000|
slv : | solve_YTd_MDS                    |       0.001|     17|       0.000|       0.000|
slv : | solve_YTurb_MDS                  |       1.526|     17|       0.090|       0.145|
slv : | solve_YTurb_alg_MDS              |       0.471|     34|       0.014|       0.056|
slv : | update_BC_MDS                    |       0.000|     18|       0.000|       0.000|
slv : | update_Mf_after_DvGr             |       0.160|     17|       0.009|       0.010|
slv : | update_VelPressure_MDS           |       0.047|     17|       0.003|       0.003|
slv : +----------------------------------+------------+-------+------------+------------+
-----------------------------------------------------------------------
Memory Working Set Current = 369.30 Mb, Memory Working Set Peak = 369.30 Mb
Memory Private Bytes Current = 384.95 Mb, Memory Private Bytes Peak = 384.95 Mb
Process Threads Number: 31
-----------------------------------------------------------------------
Algebra Pool      : mem_usage = 189.38 Mb, allocated count = 2144

================== Tstep=17 ===================
nslice = 0; reset pressure calculator:  Rho_ref_grav_new = 1.33107
nslice = 0  P_ref = 101325
nslice = 0  Rho_ref_grav_old = 1.33108, Rho_ref_grav_new = 1.33107
 fluid-flow view[  0]: rho_ref_grav_averaged_in_view = 1.3310739290176       
<Dynamic P> on nsd = 0 {openings (inlet / outlet)}:
  (SP = Static Pressure, EP = Environment Pressure, TP = Total Pressure, E = External)
  {#1, SP, (0.000000e+00 / 6.995420e+01)}
  MWS[  0]=0.565168
tau_viscous_averaged = 0.00422391 
dt(mass,momentum; nsd=  0): min dt/dtG(ncv=  46180)=1.00 , max dt/dtG(ncv=  27365)=18.1   , dtG=2.29768e-05
Flow alg-view 0 in phys-view 0 isn't Neumann (not Multi Phase treating)
Face Momentum (sd=  0): max value of div(mf) (cv=22380) = 1.758250e-10
Flow alg-view 0 is not Neumann (not for Phase Change + Nested Iters)
+----+----+--------------+--------------+--------------+--------------+--------------+------+----+-+-+--+------+
|Name|view| Initial res  | Initial resL1| Target res   | Final res    | Final res L1 |Visits|Iter|R|F|CL|Status|
| BG |   0|  3.375121e-18|  1.778713e-07|  6.291402e-20|  2.471976e-20|  2.149124e-08|     8|  24|0|n|30|  OK  |
log10(resTarget_Lim / resTarget_Orig): 2.5 
Face Momentum (sd=  0): max value of div(mf) (cv=24447) = 8.385924e-12
	norm_L2 of div(momentum) = 1.572254e-10.
Flow alg-view 0 in phys-view 0 isn't Neumann (not Multi Phase treating)
LOG: number of a-faces with weighted approximations in 0 subdomain: 12.5411 percent
LOG: Rate of a-faces corrected to CUp1st in 0 subdomain: 1.80961 %
slv : SolveBL stage
|nsd|Real WF|NormalF|Cycle F|CriticF| EdgeF |CyclBrF|ExtParF|RWFnumSt|StLvlNum|  nfw  |  alp_U_min  |  nfw  |  alp_U_max  |  nfw  |  alp_T_min  |  nfw  |  alp_T_max  |  nfw  |  BL_s_min   |  nfw  |   BL_s_max  |
|  0|  12896|  12822|      0|      2|     72|      0|      0|   12896|     120|   2056|0            |  11479|2148.78      |   1221|0            |   7611|86519        |  11590|-5.58992     |   1221|0            |
Face Momentum (sd=  0): max value of div(mf) (cv=24447) = 8.385924e-12
	norm_L2 of div(momentum) = 1.572254e-10.
slv : 3m: nsd = 0 
slv :  3m: ROTATION = NO 
slv :  3m: gravity_vector     = {	 0 	 -9.81 	 0	 }  
slv :  3m: gravity_vector_LCS = {	 0 	 -9.81 	 0	 }  
slv :  +----+----+----+--------------+--------------+--------------+--------------+--------------+------+----+-+-+--+------+
|Name|view| n_y| Initial res  | Initial resL1| Target res   | Final res    | Final res L1 |Visits|Iter|R|F|CL|Status|
+----+----+----+--------------+--------------+--------------+--------------+--------------+------+----+-+-+--+------+
| 3M |   0|   0|  3.995713e-10|  2.625245e-03|  4.792321e-16|  3.011903e-19|  2.014346e-08|     2|   6|0|n|29|  OK  |
Velocity (predicted):
        (local) sd   0: min(  30135)=0.013615998855629    , max(  46152)=15.824250575554      
Flow alg-view 0 is not Neumann (not for Phase Change + Nested Iters)
+----+----+--------------+--------------+--------------+--------------+--------------+------+----+-+-+--+------+
|Name|view| Initial res  | Initial resL1| Target res   | Final res    | Final res L1 |Visits|Iter|R|F|CL|Status|
|DVGR|   0|  4.980318e-13|  7.800201e-05|  6.134415e-18|  2.371520e-18|  1.629658e-07|     6|  18|0|n|30|  OK  |
PRESSURE SOLVER(geom_index=  0): sum_C_dp=-3.7313e-12
Face Momentum (sd=  0): max value of div(mf) (cv=22380) = 1.740898e-10
	norm_L2 of div(momentum) = 1.539977e-09.
nsd = 0 min_dtHy = 2.29779e-05 (nCV =	46200 ) max_dtHy = 0.000415241 (nCV =	27365 ) 
+----+----+--------------+--------------+--------------+--------------+--------------+------+----+-+-+--+------+
|Name|view| Initial res  | Initial resL1| Target res   | Final res    | Final res L1 |Visits|Iter|R|F|CL|Status|
|CHT |   0|  2.182790e-09|  2.307661e-03|  1.364243e-13|  1.212566e-18|  2.931607e-08|     1|   9|0|n|30|  OK  |
nsd = 0 min_dtke = 1.93558e-05 (nCV =	46200 ) max_dtke = 0.000265387 (nCV =	5268 ) 
+----+----+----+--------------+--------------+--------------+--------------+--------------+------+----+-+-+--+------+
|Name|view| n_y| Initial res  | Initial resL1| Target res   | Final res    | Final res L1 |Visits|Iter|R|F|CL|Status|
+----+----+----+--------------+--------------+--------------+--------------+--------------+------+----+-+-+--+------+
|turb|   0|   0|  7.274977e-12|  1.019657e-04|  4.301561e-20|  1.018749e-23|  9.396068e-11|     2|  12|0|n|30|  OK  |
|turb|   0|   1|  5.750027e-05|  2.279410e-01|  1.613043e-14|  1.386008e-18|  4.122495e-08|     2|  12|0|n|30|  OK  |
Filter: K,E,momentum: sd =   0 isolating K from zero=      1 E from zero=  13348 E from infinity=  12161
slv : Fluid subdom(new) 0
slv : P static (new)                 : min(  46118) = 101324.44402359      , max(   5194) = 101424.01306199      
slv : P_static - Rho*g*h (new)       : min(  46118) = 101324.44591537      , max(   5194) = 101424.04724384      
slv : Density (new)                  : min(  47390) = 1.3300710336098      , max(   5194) = 1.3313629767539      
slv : Velocity (new)                 : min(  22382) = 0.013106025777927    , max(  46152) = 15.83343751135       
slv : Mach number (new)              : min(  22382) = 4.020674247503e-05   , max(  46152) = 0.048585051317378    
slv : Turbulent k (new)              : min(  29454) = 1e-40                , max(  13215) = 1.8725312435771      
slv : Turbulent e (new)              : min(  29454) = 1.5632621617878e-37  , max(  13215) = 3986.7005055554      
slv : Temperature (new)              : min(  46152) = 293.06550634172      , max(   8674) = 293.20094461578      
slv : Total enthalpy, Y-shifted (new): min(  46770) = -5.8017046502088     , max(   7576) = 12.247435446226      
slv : MASS FLUXES AT OPENINGS: MF=-0.000261155, AP=0.000261155
slv : DvGr statistics: min alpha=0.115969(nfa=88066, geom_slice=0)
slv : +----------------------------------+------------+-------+------------+------------+
slv : |          Collector name          | Total Time | Count |  Avg Time  |  Max Time  |
slv : +----------------------------------+------------+-------+------------+------------+
slv : | Calculate_inc                    |       9.133|     17|       0.537|       0.799|
slv : | CollectEMT_Results               |       0.000|     18|       0.000|       0.000|
slv : | HeatPathCalculator_Dynamic       |       0.017|      1|       0.017|       0.017|
slv : | LiSy_make_portrait               |       0.240|     91|       0.003|       0.016|
slv : | Results_processing               |       1.223|     17|       0.072|       0.088|
slv : | build_sl_ordering_CHT            |       0.015|     18|       0.001|       0.005|
slv : | build_sl_ordering_MDS            |       0.060|     18|       0.003|       0.014|
slv : | build_sl_ordering_fluid          |       0.060|     18|       0.003|       0.014|
slv : | calc_Convolutions_MDS            |       0.311|     18|       0.017|       0.020|
slv : | calc_wall_dist                   |       2.275|      1|       2.275|       2.275|
slv : | create_Gr_operators_MDS          |       0.296|     18|       0.016|       0.023|
slv : | create_Gr_operators_portrait_MDS |       0.091|     18|       0.005|       0.008|
slv : | init_Hy_group_MDS                |       0.164|     18|       0.009|       0.012|
slv : | perform_stage_total              |      10.803|    494|       0.022|       2.275|
slv : | precalc_at_start_MDS             |       1.593|      2|       0.796|       1.564|
slv : | solve_3M_MDS                     |       1.048|     18|       0.058|       0.078|
slv : | solve_3M_alg_MDS                 |       0.575|     18|       0.032|       0.052|
slv : | solve_BG_MDS                     |       0.755|     18|       0.042|       0.061|
slv : | solve_BG_alg_MDS                 |       0.622|     18|       0.035|       0.055|
slv : | solve_BL_MDS                     |       1.787|     18|       0.099|       0.242|
slv : | solve_CHT                        |       0.464|     18|       0.026|       0.033|
slv : | solve_CHT_MDS                    |       0.350|     18|       0.019|       0.026|
slv : | solve_CHT_alg_MDS                |       0.117|     18|       0.007|       0.010|
slv : | solve_DvGr_MDS                   |       2.262|     18|       0.126|       0.207|
slv : | solve_DvGr_alg_MDS               |       1.413|     18|       0.079|       0.161|
slv : | solve_INPR_MDS                   |       0.000|      1|       0.000|       0.000|
slv : | solve_PS+QJ                      |       0.000|      0|       0.000|       0.000|
slv : | solve_YLMA_MDS                   |       0.000|     18|       0.000|       0.000|
slv : | solve_YNOx_MDS                   |       0.000|     18|       0.000|       0.000|
slv : | solve_YTd_MDS                    |       0.001|     18|       0.000|       0.000|
slv : | solve_YTurb_MDS                  |       1.699|     18|       0.094|       0.172|
slv : | solve_YTurb_alg_MDS              |       0.554|     36|       0.015|       0.056|
slv : | update_BC_MDS                    |       0.000|     19|       0.000|       0.000|
slv : | update_Mf_after_DvGr             |       0.175|     18|       0.010|       0.015|
slv : | update_VelPressure_MDS           |       0.052|     18|       0.003|       0.005|
slv : +----------------------------------+------------+-------+------------+------------+
-----------------------------------------------------------------------
Memory Working Set Current = 369.52 Mb, Memory Working Set Peak = 369.52 Mb
Memory Private Bytes Current = 397.30 Mb, Memory Private Bytes Peak = 397.31 Mb
Process Threads Number: 32
-----------------------------------------------------------------------
Algebra Pool      : mem_usage = 189.38 Mb, allocated count = 2159

================== Tstep=18 ===================
nslice = 0; reset pressure calculator:  Rho_ref_grav_new = 1.33107
nslice = 0  P_ref = 101325
nslice = 0  Rho_ref_grav_old = 1.33107, Rho_ref_grav_new = 1.33107
 fluid-flow view[  0]: rho_ref_grav_averaged_in_view = 1.3310672035343       
<Dynamic P> on nsd = 0 {openings (inlet / outlet)}:
  (SP = Static Pressure, EP = Environment Pressure, TP = Total Pressure, E = External)
  {#1, SP, (0.000000e+00 / 6.989009e+01)}
  MWS[  0]=0.559798
tau_viscous_averaged = 0.00422537 
dt(mass,momentum; nsd=  0): min dt/dtG(ncv=  46100)=1.00 , max dt/dtG(ncv=  27365)=18.6   , dtG=2.28969e-05
Flow alg-view 0 in phys-view 0 isn't Neumann (not Multi Phase treating)
Face Momentum (sd=  0): max value of div(mf) (cv=22380) = 1.740898e-10
Flow alg-view 0 is not Neumann (not for Phase Change + Nested Iters)
+----+----+--------------+--------------+--------------+--------------+--------------+------+----+-+-+--+------+
|Name|view| Initial res  | Initial resL1| Target res   | Final res    | Final res L1 |Visits|Iter|R|F|CL|Status|
| BG |   0|  2.948560e-18|  1.711629e-07|  6.134415e-20|  2.216853e-20|  2.012823e-08|     8|  24|0|n|30|  OK  |
log10(resTarget_Lim / resTarget_Orig): 2.5 
Face Momentum (sd=  0): max value of div(mf) (cv=24447) = 7.609521e-12
	norm_L2 of div(momentum) = 1.488911e-10.
Flow alg-view 0 in phys-view 0 isn't Neumann (not Multi Phase treating)
LOG: number of a-faces with weighted approximations in 0 subdomain: 12.2938 percent
LOG: Rate of a-faces corrected to CUp1st in 0 subdomain: 1.83337 %
slv : SolveBL stage
|nsd|Real WF|NormalF|Cycle F|CriticF| EdgeF |CyclBrF|ExtParF|RWFnumSt|StLvlNum|  nfw  |  alp_U_min  |  nfw  |  alp_U_max  |  nfw  |  alp_T_min  |  nfw  |  alp_T_max  |  nfw  |  BL_s_min   |  nfw  |   BL_s_max  |
|  0|  12896|  12822|      0|      2|     72|      0|      0|   12896|     120|   2056|0            |  11479|1826.82      |   1228|0            |   2144|17684        |  11590|-5.62571     |   1228|0            |
Face Momentum (sd=  0): max value of div(mf) (cv=24447) = 7.609521e-12
	norm_L2 of div(momentum) = 1.488911e-10.
slv : 3m: nsd = 0 
slv :  3m: ROTATION = NO 
slv :  3m: gravity_vector     = {	 0 	 -9.81 	 0	 }  
slv :  3m: gravity_vector_LCS = {	 0 	 -9.81 	 0	 }  
slv :  +----+----+----+--------------+--------------+--------------+--------------+--------------+------+----+-+-+--+------+
|Name|view| n_y| Initial res  | Initial resL1| Target res   | Final res    | Final res L1 |Visits|Iter|R|F|CL|Status|
+----+----+----+--------------+--------------+--------------+--------------+--------------+------+----+-+-+--+------+
| 3M |   0|   0|  3.394716e-10|  2.430053e-03|  4.687326e-16|  2.752358e-19|  2.080503e-08|     2|   6|0|n|29|  OK  |
Velocity (predicted):
        (local) sd   0: min(  22387)=0.012763801893507    , max(  46152)=15.656591862413      
Flow alg-view 0 is not Neumann (not for Phase Change + Nested Iters)
+----+----+--------------+--------------+--------------+--------------+--------------+------+----+-+-+--+------+
|Name|view| Initial res  | Initial resL1| Target res   | Final res    | Final res L1 |Visits|Iter|R|F|CL|Status|
|DVGR|   0|  4.250724e-13|  7.001788e-05|  5.999639e-18|  2.045770e-18|  1.517668e-07|     6|  18|0|n|30|  OK  |
PRESSURE SOLVER(geom_index=  0): sum_C_dp=-4.19626e-12
Face Momentum (sd=  0): max value of div(mf) (cv=22139) = 1.539960e-10
	norm_L2 of div(momentum) = 1.430305e-09.
nsd = 0 min_dtHy = 2.2898e-05 (nCV =	46200 ) max_dtHy = 0.000426964 (nCV =	27365 ) 
+----+----+--------------+--------------+--------------+--------------+--------------+------+----+-+-+--+------+
|Name|view| Initial res  | Initial resL1| Target res   | Final res    | Final res L1 |Visits|Iter|R|F|CL|Status|
|CHT |   0|  2.035015e-09|  2.268049e-03|  1.271884e-13|  2.436203e-18|  4.109237e-08|     1|   9|0|n|30|  OK  |
nsd = 0 min_dtke = 1.93951e-05 (nCV =	46200 ) max_dtke = 0.000268723 (nCV =	5268 ) 
+----+----+----+--------------+--------------+--------------+--------------+--------------+------+----+-+-+--+------+
|Name|view| n_y| Initial res  | Initial resL1| Target res   | Final res    | Final res L1 |Visits|Iter|R|F|CL|Status|
+----+----+----+--------------+--------------+--------------+--------------+--------------+------+----+-+-+--+------+
|turb|   0|   0|  7.651560e-12|  1.034172e-04|  4.132031e-20|  7.731990e-24|  9.492503e-11|     2|  12|0|n|30|  OK  |
|turb|   0|   1|  6.286738e-05|  2.337659e-01|  1.520158e-14|  9.645623e-19|  4.263788e-08|     2|  12|0|n|30|  OK  |
Filter: K,E,momentum: sd =   0 isolating K from zero=      4 E from zero=  13329 E from infinity=  12260
slv : Fluid subdom(new) 0
slv : P static (new)                 : min(  46211) = 101324.54297334      , max(   8675) = 101422.55363494      
slv : P_static - Rho*g*h (new)       : min(  46211) = 101324.5430466       , max(   8675) = 101422.57550861      
slv : Density (new)                  : min(  47390) = 1.3300703941748      , max(   8749) = 1.3313378352059      
slv : Velocity (new)                 : min(  22372) = 0.013402752311745    , max(  46152) = 15.667645247708      
slv : Mach number (new)              : min(  22372) = 4.1117044908353e-05  , max(  46152) = 0.048076086154157    
slv : Turbulent k (new)              : min(  24233) = 1e-40                , max(  17810) = 1.8871561674953      
slv : Turbulent e (new)              : min(  24233) = 6.1356709253046e-39  , max(  17810) = 4002.1621097371      
slv : Temperature (new)              : min(  46152) = 293.06831207376      , max(   8674) = 293.20191172572      
slv : Total enthalpy, Y-shifted (new): min(  46770) = -6.123167297006      , max(   7576) = 12.275984661966      
slv : MASS FLUXES AT OPENINGS: MF=-0.000261141, AP=0.00026114
slv : DvGr statistics: min alpha=0.115822(nfa=88066, geom_slice=0)
slv : +----------------------------------+------------+-------+------------+------------+
slv : |          Collector name          | Total Time | Count |  Avg Time  |  Max Time  |
slv : +----------------------------------+------------+-------+------------+------------+
slv : | Calculate_inc                    |       9.839|     18|       0.547|       0.799|
slv : | CollectEMT_Results               |       0.000|     19|       0.000|       0.000|
slv : | HeatPathCalculator_Dynamic       |       0.017|      1|       0.017|       0.017|
slv : | LiSy_make_portrait               |       0.255|     95|       0.003|       0.016|
slv : | Results_processing               |       1.299|     18|       0.072|       0.088|
slv : | build_sl_ordering_CHT            |       0.015|     19|       0.001|       0.005|
slv : | build_sl_ordering_MDS            |       0.060|     19|       0.003|       0.014|
slv : | build_sl_ordering_fluid          |       0.060|     19|       0.003|       0.014|
slv : | calc_Convolutions_MDS            |       0.332|     19|       0.017|       0.021|
slv : | calc_wall_dist                   |       2.275|      1|       2.275|       2.275|
slv : | create_Gr_operators_MDS          |       0.321|     19|       0.017|       0.024|
slv : | create_Gr_operators_portrait_MDS |       0.097|     19|       0.005|       0.008|
slv : | init_Hy_group_MDS                |       0.177|     19|       0.009|       0.013|
slv : | perform_stage_total              |      11.405|    521|       0.022|       2.275|
slv : | precalc_at_start_MDS             |       1.593|      2|       0.796|       1.564|
slv : | solve_3M_MDS                     |       1.127|     19|       0.059|       0.080|
slv : | solve_3M_alg_MDS                 |       0.614|     19|       0.032|       0.052|
slv : | solve_BG_MDS                     |       0.807|     19|       0.042|       0.061|
slv : | solve_BG_alg_MDS                 |       0.665|     19|       0.035|       0.055|
slv : | solve_BL_MDS                     |       1.898|     19|       0.100|       0.242|
slv : | solve_CHT                        |       0.499|     19|       0.026|       0.035|
slv : | solve_CHT_MDS                    |       0.378|     19|       0.020|       0.027|
slv : | solve_CHT_alg_MDS                |       0.128|     19|       0.007|       0.011|
slv : | solve_DvGr_MDS                   |       2.408|     19|       0.127|       0.207|
slv : | solve_DvGr_alg_MDS               |       1.492|     19|       0.079|       0.161|
slv : | solve_INPR_MDS                   |       0.000|      1|       0.000|       0.000|
slv : | solve_PS+QJ                      |       0.000|      0|       0.000|       0.000|
slv : | solve_YLMA_MDS                   |       0.000|     19|       0.000|       0.000|
slv : | solve_YNOx_MDS                   |       0.000|     19|       0.000|       0.000|
slv : | solve_YTd_MDS                    |       0.001|     19|       0.000|       0.000|
slv : | solve_YTurb_MDS                  |       1.844|     19|       0.097|       0.172|
slv : | solve_YTurb_alg_MDS              |       0.626|     38|       0.016|       0.056|
slv : | update_BC_MDS                    |       0.000|     20|       0.000|       0.000|
slv : | update_Mf_after_DvGr             |       0.188|     19|       0.010|       0.015|
slv : | update_VelPressure_MDS           |       0.056|     19|       0.003|       0.005|
slv : +----------------------------------+------------+-------+------------+------------+
-----------------------------------------------------------------------
Memory Working Set Current = 370.91 Mb, Memory Working Set Peak = 370.91 Mb
Memory Private Bytes Current = 397.34 Mb, Memory Private Bytes Peak = 397.34 Mb
Process Threads Number: 32
-----------------------------------------------------------------------
Algebra Pool      : mem_usage = 189.38 Mb, allocated count = 2159

================== Tstep=19 ===================
nslice = 0; reset pressure calculator:  Rho_ref_grav_new = 1.33106
nslice = 0  P_ref = 101325
nslice = 0  Rho_ref_grav_old = 1.33107, Rho_ref_grav_new = 1.33106
 fluid-flow view[  0]: rho_ref_grav_averaged_in_view = 1.3310599261738       
<Dynamic P> on nsd = 0 {openings (inlet / outlet)}:
  (SP = Static Pressure, EP = Environment Pressure, TP = Total Pressure, E = External)
  {#1, SP, (0.000000e+00 / 6.981700e+01)}
  MWS[  0]=0.553937
tau_viscous_averaged = 0.00422784 
dt(mass,momentum; nsd=  0): min dt/dtG(ncv=  46178)=1.00 , max dt/dtG(ncv=  27365)=19.1   , dtG=2.28485e-05
Flow alg-view 0 in phys-view 0 isn't Neumann (not Multi Phase treating)
Face Momentum (sd=  0): max value of div(mf) (cv=22139) = 1.539960e-10
Flow alg-view 0 is not Neumann (not for Phase Change + Nested Iters)
+----+----+--------------+--------------+--------------+--------------+--------------+------+----+-+-+--+------+
|Name|view| Initial res  | Initial resL1| Target res   | Final res    | Final res L1 |Visits|Iter|R|F|CL|Status|
| BG |   0|  2.580528e-18|  1.596521e-07|  5.999639e-20|  2.061848e-20|  1.903051e-08|     8|  24|0|n|30|  OK  |
log10(resTarget_Lim / resTarget_Orig): 2.6 
Face Momentum (sd=  0): max value of div(mf) (cv=24447) = 7.317596e-12
	norm_L2 of div(momentum) = 1.435915e-10.
Flow alg-view 0 in phys-view 0 isn't Neumann (not Multi Phase treating)
LOG: number of a-faces with weighted approximations in 0 subdomain: 11.4074 percent
LOG: Rate of a-faces corrected to CUp1st in 0 subdomain: 1.68691 %
slv : SolveBL stage
|nsd|Real WF|NormalF|Cycle F|CriticF| EdgeF |CyclBrF|ExtParF|RWFnumSt|StLvlNum|  nfw  |  alp_U_min  |  nfw  |  alp_U_max  |  nfw  |  alp_T_min  |  nfw  |  alp_T_max  |  nfw  |  BL_s_min   |  nfw  |   BL_s_max  |
|  0|  12896|  12822|      0|      2|     72|      0|      0|   12896|     120|   2056|0            |  11479|1018.7       |   1228|0            |   5137|20896.8      |  11888|-5.45883     |   1228|0            |
Face Momentum (sd=  0): max value of div(mf) (cv=24447) = 7.317596e-12
	norm_L2 of div(momentum) = 1.435915e-10.
slv : 3m: nsd = 0 
slv :  3m: ROTATION = NO 
slv :  3m: gravity_vector     = {	 0 	 -9.81 	 0	 }  
slv :  3m: gravity_vector_LCS = {	 0 	 -9.81 	 0	 }  
slv :  +----+----+----+--------------+--------------+--------------+--------------+--------------+------+----+-+-+--+------+
|Name|view| n_y| Initial res  | Initial resL1| Target res   | Final res    | Final res L1 |Visits|Iter|R|F|CL|Status|
+----+----+----+--------------+--------------+--------------+--------------+--------------+------+----+-+-+--+------+
| 3M |   0|   0|  2.916535e-10|  2.255449e-03|  4.575222e-16|  2.599909e-19|  2.155537e-08|     2|   6|0|n|29|  OK  |
Velocity (predicted):
        (local) sd   0: min(  22387)=0.014533376114893    , max(  46152)=15.449275278534      
Flow alg-view 0 is not Neumann (not for Phase Change + Nested Iters)
+----+----+--------------+--------------+--------------+--------------+--------------+------+----+-+-+--+------+
|Name|view| Initial res  | Initial resL1| Target res   | Final res    | Final res L1 |Visits|Iter|R|F|CL|Status|
|DVGR|   0|  3.444810e-13|  6.232559e-05|  5.847448e-18|  1.736535e-18|  1.425191e-07|     6|  18|0|n|30|  OK  |
PRESSURE SOLVER(geom_index=  0): sum_C_dp=-5.00618e-12
Face Momentum (sd=  0): max value of div(mf) (cv=22139) = 1.276465e-10
	norm_L2 of div(momentum) = 1.317776e-09.
nsd = 0 min_dtHy = 2.28496e-05 (nCV =	46180 ) max_dtHy = 0.000437443 (nCV =	27365 ) 
+----+----+--------------+--------------+--------------+--------------+--------------+------+----+-+-+--+------+
|Name|view| Initial res  | Initial resL1| Target res   | Final res    | Final res L1 |Visits|Iter|R|F|CL|Status|
|CHT |   0|  1.879811e-09|  2.233919e-03|  1.174882e-13|  4.241350e-18|  5.419961e-08|     1|   9|0|n|30|  OK  |
nsd = 0 min_dtke = 1.94403e-05 (nCV =	46200 ) max_dtke = 0.000272106 (nCV =	27305 ) 
+----+----+----+--------------+--------------+--------------+--------------+--------------+------+----+-+-+--+------+
|Name|view| n_y| Initial res  | Initial resL1| Target res   | Final res    | Final res L1 |Visits|Iter|R|F|CL|Status|
+----+----+----+--------------+--------------+--------------+--------------+--------------+------+----+-+-+--+------+
|turb|   0|   0|  8.171401e-12|  1.040765e-04|  3.953527e-20|  9.231904e-24|  1.038259e-10|     2|  12|0|n|30|  OK  |
|turb|   0|   1|  7.037749e-05|  2.379347e-01|  1.424116e-14|  1.735126e-18|  4.995130e-08|     2|  12|0|n|30|  OK  |
Filter: K,E,momentum: sd =   0 isolating K from zero=      1 E from zero=  13364 E from infinity=  12343
slv : Fluid subdom(new) 0
slv : P static (new)                 : min(  46118) = 101324.69101209      , max(   8574) = 101422.82072287      
slv : P_static - Rho*g*h (new)       : min(  46118) = 101324.69290386      , max(   8574) = 101422.82649873      
slv : Density (new)                  : min(  47390) = 1.3300735680777      , max(   8574) = 1.3313458804476      
slv : Velocity (new)                 : min(  22387) = 0.014348564848987    , max(  46152) = 15.440723379263      
slv : Mach number (new)              : min(  22387) = 4.4018612222673e-05  , max(  46152) = 0.047379475052675    
slv : Turbulent k (new)              : min(  14063) = 1e-40                , max(  17806) = 1.8816241469321      
slv : Turbulent e (new)              : min(  14063) = 1.0505686773248e-38  , max(  17806) = 3987.5390943833      
slv : Temperature (new)              : min(  46152) = 293.07205638824      , max(   8667) = 293.20323550046      
slv : Total enthalpy, Y-shifted (new): min(  46770) = -6.4192625760364     , max(   7576) = 12.293398373393      
slv : MASS FLUXES AT OPENINGS: MF=-0.000261127, AP=0.000261127
slv : DvGr statistics: min alpha=0.115768(nfa=88066, geom_slice=0)
slv : +----------------------------------+------------+-------+------------+------------+
slv : |          Collector name          | Total Time | Count |  Avg Time  |  Max Time  |
slv : +----------------------------------+------------+-------+------------+------------+
slv : | Calculate_inc                    |      10.539|     19|       0.555|       0.799|
slv : | CollectEMT_Results               |       0.000|     20|       0.000|       0.000|
slv : | HeatPathCalculator_Dynamic       |       0.017|      1|       0.017|       0.017|
slv : | LiSy_make_portrait               |       0.266|     99|       0.003|       0.016|
slv : | Results_processing               |       1.378|     19|       0.073|       0.088|
slv : | build_sl_ordering_CHT            |       0.015|     20|       0.001|       0.005|
slv : | build_sl_ordering_MDS            |       0.061|     20|       0.003|       0.014|
slv : | build_sl_ordering_fluid          |       0.060|     20|       0.003|       0.014|
slv : | calc_Convolutions_MDS            |       0.351|     20|       0.018|       0.021|
slv : | calc_wall_dist                   |       2.275|      1|       2.275|       2.275|
slv : | create_Gr_operators_MDS          |       0.340|     20|       0.017|       0.024|
slv : | create_Gr_operators_portrait_MDS |       0.104|     20|       0.005|       0.008|
slv : | init_Hy_group_MDS                |       0.187|     20|       0.009|       0.013|
slv : | perform_stage_total              |      11.933|    548|       0.022|       2.275|
slv : | precalc_at_start_MDS             |       1.593|      2|       0.796|       1.564|
slv : | solve_3M_MDS                     |       1.195|     20|       0.060|       0.080|
slv : | solve_3M_alg_MDS                 |       0.653|     20|       0.033|       0.052|
slv : | solve_BG_MDS                     |       0.857|     20|       0.043|       0.061|
slv : | solve_BG_alg_MDS                 |       0.707|     20|       0.035|       0.055|
slv : | solve_BL_MDS                     |       2.000|     20|       0.100|       0.242|
slv : | solve_CHT                        |       0.526|     20|       0.026|       0.035|
slv : | solve_CHT_MDS                    |       0.398|     20|       0.020|       0.027|
slv : | solve_CHT_alg_MDS                |       0.134|     20|       0.007|       0.011|
slv : | solve_DvGr_MDS                   |       2.524|     20|       0.126|       0.207|
slv : | solve_DvGr_alg_MDS               |       1.560|     20|       0.078|       0.161|
slv : | solve_INPR_MDS                   |       0.000|      1|       0.000|       0.000|
slv : | solve_PS+QJ                      |       0.000|      0|       0.000|       0.000|
slv : | solve_YLMA_MDS                   |       0.000|     20|       0.000|       0.000|
slv : | solve_YNOx_MDS                   |       0.000|     20|       0.000|       0.000|
slv : | solve_YTd_MDS                    |       0.001|     20|       0.000|       0.000|
slv : | solve_YTurb_MDS                  |       1.979|     20|       0.099|       0.172|
slv : | solve_YTurb_alg_MDS              |       0.700|     40|       0.018|       0.056|
slv : | update_BC_MDS                    |       0.000|     21|       0.000|       0.000|
slv : | update_Mf_after_DvGr             |       0.199|     20|       0.010|       0.015|
slv : | update_VelPressure_MDS           |       0.060|     20|       0.003|       0.005|
slv : +----------------------------------+------------+-------+------------+------------+
Interpolator cache: total calls 67748, optimised calls 26961 (39.8 %)
-----------------------------------------------------------------------
Memory Working Set Current = 370.97 Mb, Memory Working Set Peak = 370.97 Mb
Memory Private Bytes Current = 397.34 Mb, Memory Private Bytes Peak = 397.34 Mb
Process Threads Number: 32
-----------------------------------------------------------------------
Iteration : time = 3.49038 , count = 5 , time/count = 0.698075
Calculate_inc() : time = 3.10849 , count = 5 , time/count = 0.621699
TreatFlowEvolution() : time = 0.372575 , count = 5 , time/count = 0.074515
SolverPreview : time = 0 , count = 5 , time/count = 0
TreatGoals : time = 0.356861 , count = 5 , time/count = 0.0713722
Algebra Pool      : mem_usage = 189.38 Mb, allocated count = 2158

================== Tstep=20 ===================
nslice = 0; reset pressure calculator:  Rho_ref_grav_new = 1.33105
nslice = 0  P_ref = 101325
nslice = 0  Rho_ref_grav_old = 1.33106, Rho_ref_grav_new = 1.33105
 fluid-flow view[  0]: rho_ref_grav_averaged_in_view = 1.3310520744657       
<Dynamic P> on nsd = 0 {openings (inlet / outlet)}:
  (SP = Static Pressure, EP = Environment Pressure, TP = Total Pressure, E = External)
  {#1, SP, (0.000000e+00 / 6.972210e+01)}
  MWS[  0]=0.545914
tau_viscous_averaged = 0.00423057 
dt(mass,momentum; nsd=  0): min dt/dtG(ncv=  46078)=1.00 , max dt/dtG(ncv=  27366)=19.6   , dtG=3.42744e-05
Flow alg-view 0 in phys-view 0 isn't Neumann (not Multi Phase treating)
Face Momentum (sd=  0): max value of div(mf) (cv=22139) = 1.276465e-10
Flow alg-view 0 is not Neumann (not for Phase Change + Nested Iters)
+----+----+--------------+--------------+--------------+--------------+--------------+------+----+-+-+--+------+
|Name|view| Initial res  | Initial resL1| Target res   | Final res    | Final res L1 |Visits|Iter|R|F|CL|Status|
| BG |   0|  2.240766e-18|  1.503267e-07|  5.847448e-20|  1.905215e-20|  1.803442e-08|     8|  24|0|n|30|  OK  |
log10(resTarget_Lim / resTarget_Orig): 2.6 
Face Momentum (sd=  0): max value of div(mf) (cv=24447) = 6.931599e-12
	norm_L2 of div(momentum) = 1.380296e-10.
Flow alg-view 0 in phys-view 0 isn't Neumann (not Multi Phase treating)
LOG: number of a-faces with weighted approximations in 0 subdomain: 11.0247 percent
LOG: Rate of a-faces corrected to CUp1st in 0 subdomain: 1.66352 %
slv : SolveBL stage
|nsd|Real WF|NormalF|Cycle F|CriticF| EdgeF |CyclBrF|ExtParF|RWFnumSt|StLvlNum|  nfw  |  alp_U_min  |  nfw  |  alp_U_max  |  nfw  |  alp_T_min  |  nfw  |  alp_T_max  |  nfw  |  BL_s_min   |  nfw  |   BL_s_max  |
|  0|  12896|  12822|      0|      2|     72|      0|      0|   12896|     121|   2053|0            |  11674|3135.75      |   1310|0            |   7122|26217.5      |  11888|-5.45657     |   1310|0            |
Face Momentum (sd=  0): max value of div(mf) (cv=24447) = 6.931599e-12
	norm_L2 of div(momentum) = 1.380296e-10.
slv : 3m: nsd = 0 
slv :  3m: ROTATION = NO 
slv :  3m: gravity_vector     = {	 0 	 -9.81 	 0	 }  
slv :  3m: gravity_vector_LCS = {	 0 	 -9.81 	 0	 }  
slv :  +----+----+----+--------------+--------------+--------------+--------------+--------------+------+----+-+-+--+------+
|Name|view| n_y| Initial res  | Initial resL1| Target res   | Final res    | Final res L1 |Visits|Iter|R|F|CL|Status|
+----+----+----+--------------+--------------+--------------+--------------+--------------+------+----+-+-+--+------+
| 3M |   0|   0|  2.513632e-10|  2.105209e-03|  3.183917e-16|  4.571793e-18|  1.029445e-07|     2|   6|0|n|29|  OK  |
Velocity (predicted):
        (local) sd   0: min(  22387)=0.011262888752919    , max(  46152)=15.039137755434      
Flow alg-view 0 is not Neumann (not for Phase Change + Nested Iters)
+----+----+--------------+--------------+--------------+--------------+--------------+------+----+-+-+--+------+
|Name|view| Initial res  | Initial resL1| Target res   | Final res    | Final res L1 |Visits|Iter|R|F|CL|Status|
|DVGR|   0|  3.561104e-13|  6.574507e-05|  1.264907e-17|  3.453387e-18|  2.083173e-07|     6|  18|0|n|30|  OK  |
PRESSURE SOLVER(geom_index=  0): sum_C_dp=-6.17557e-12
Face Momentum (sd=  0): max value of div(mf) (cv=22139) = 2.243867e-10
	norm_L2 of div(momentum) = 1.858327e-09.
nsd = 0 min_dtHy = 3.4276e-05 (nCV =	46200 ) max_dtHy = 0.000673795 (nCV =	27366 ) 
+----+----+--------------+--------------+--------------+--------------+--------------+------+----+-+-+--+------+
|Name|view| Initial res  | Initial resL1| Target res   | Final res    | Final res L1 |Visits|Iter|R|F|CL|Status|
|CHT |   0|  1.724338e-09|  2.235322e-03|  1.077711e-13|  1.626584e-15|  1.700402e-06|     1|   9|0|n|30|  OK  |
nsd = 0 min_dtke = 2.55497e-05 (nCV =	46212 ) max_dtke = 0.000384875 (nCV =	27523 ) 
+----+----+----+--------------+--------------+--------------+--------------+--------------+------+----+-+-+--+------+
|Name|view| n_y| Initial res  | Initial resL1| Target res   | Final res    | Final res L1 |Visits|Iter|R|F|CL|Status|
+----+----+----+--------------+--------------+--------------+--------------+--------------+------+----+-+-+--+------+
|turb|   0|   0|  6.890303e-12|  9.665478e-05|  2.762845e-20|  1.576004e-21|  1.677984e-09|     2|  12|0|n|30|  OK  |
|turb|   0|   1|  6.083345e-05|  2.208228e-01|  9.673952e-15|  6.660154e-16|  9.258152e-07|     2|  12|0|n|30|  OK  |
Filter: K,E,momentum: sd =   0 isolating K from zero=      0 E from zero=  13544 E from infinity=  12579
slv : Fluid subdom(new) 0
slv : P static (new)                 : min(  46118) = 101324.65597033      , max(   8574) = 101422.6698967       
slv : P_static - Rho*g*h (new)       : min(  46118) = 101324.65786209      , max(   8574) = 101422.67567253      
slv : Density (new)                  : min(  47390) = 1.3300742526193      , max(   8574) = 1.3313440115884      
slv : Velocity (new)                 : min(  22387) = 0.012762189490425    , max(  46152) = 15.035353508652      
slv : Mach number (new)              : min(  22387) = 3.9151920717677e-05  , max(  46152) = 0.046135101257157    
slv : Turbulent k (new)              : min(   7720) = 1.4160033059858e-08  , max(  17810) = 1.8880768998568      
slv : Turbulent e (new)              : min(   7720) = 5.0961780310103e-08  , max(  17810) = 4013.6975102362      
slv : Temperature (new)              : min(  46152) = 293.07849314072      , max(   8667) = 293.20527754778      
slv : Total enthalpy, Y-shifted (new): min(  46770) = -6.8117401095756     , max(   7576) = 12.306736485885      
slv : MASS FLUXES AT OPENINGS: MF=-0.000261115, AP=0.000261114
slv : DvGr statistics: min alpha=0.115704(nfa=88066, geom_slice=0)
slv : +----------------------------------+------------+-------+------------+------------+
slv : |          Collector name          | Total Time | Count |  Avg Time  |  Max Time  |
slv : +----------------------------------+------------+-------+------------+------------+
slv : | Calculate_inc                    |      11.151|     20|       0.558|       0.799|
slv : | CollectEMT_Results               |       0.000|     21|       0.000|       0.000|
slv : | HeatPathCalculator_Dynamic       |       0.017|      1|       0.017|       0.017|
slv : | LiSy_make_portrait               |       0.277|    103|       0.003|       0.016|
slv : | Results_processing               |       1.459|     20|       0.073|       0.088|
slv : | build_sl_ordering_CHT            |       0.015|     21|       0.001|       0.005|
slv : | build_sl_ordering_MDS            |       0.061|     21|       0.003|       0.014|
slv : | build_sl_ordering_fluid          |       0.060|     21|       0.003|       0.014|
slv : | calc_Convolutions_MDS            |       0.369|     21|       0.018|       0.021|
slv : | calc_wall_dist                   |       2.275|      1|       2.275|       2.275|
slv : | create_Gr_operators_MDS          |       0.362|     21|       0.017|       0.024|
slv : | create_Gr_operators_portrait_MDS |       0.109|     21|       0.005|       0.008|
slv : | init_Hy_group_MDS                |       0.200|     21|       0.010|       0.013|
slv : | perform_stage_total              |      12.474|    575|       0.022|       2.275|
slv : | precalc_at_start_MDS             |       1.593|      2|       0.796|       1.564|
slv : | solve_3M_MDS                     |       1.263|     21|       0.060|       0.080|
slv : | solve_3M_alg_MDS                 |       0.692|     21|       0.033|       0.052|
slv : | solve_BG_MDS                     |       0.898|     21|       0.043|       0.061|
slv : | solve_BG_alg_MDS                 |       0.742|     21|       0.035|       0.055|
slv : | solve_BL_MDS                     |       2.105|     21|       0.100|       0.242|
slv : | solve_CHT                        |       0.556|     21|       0.026|       0.035|
slv : | solve_CHT_MDS                    |       0.420|     21|       0.020|       0.027|
slv : | solve_CHT_alg_MDS                |       0.143|     21|       0.007|       0.011|
slv : | solve_DvGr_MDS                   |       2.641|     21|       0.126|       0.207|
slv : | solve_DvGr_alg_MDS               |       1.628|     21|       0.078|       0.161|
slv : | solve_INPR_MDS                   |       0.000|      1|       0.000|       0.000|
slv : | solve_PS+QJ                      |       0.000|      0|       0.000|       0.000|
slv : | solve_YLMA_MDS                   |       0.000|     21|       0.000|       0.000|
slv : | solve_YNOx_MDS                   |       0.000|     21|       0.000|       0.000|
slv : | solve_YTd_MDS                    |       0.001|     21|       0.000|       0.000|
slv : | solve_YTurb_MDS                  |       2.129|     21|       0.101|       0.172|
slv : | solve_YTurb_alg_MDS              |       0.777|     42|       0.019|       0.056|
slv : | update_BC_MDS                    |       0.000|     22|       0.000|       0.000|
slv : | update_Mf_after_DvGr             |       0.214|     21|       0.010|       0.015|
slv : | update_VelPressure_MDS           |       0.063|     21|       0.003|       0.005|
slv : +----------------------------------+------------+-------+------------+------------+
-----------------------------------------------------------------------
Memory Working Set Current = 371.34 Mb, Memory Working Set Peak = 371.34 Mb
Memory Private Bytes Current = 397.35 Mb, Memory Private Bytes Peak = 397.36 Mb
Process Threads Number: 32
-----------------------------------------------------------------------
Algebra Pool      : mem_usage = 189.38 Mb, allocated count = 2159

================== Tstep=21 ===================
nslice = 0; reset pressure calculator:  Rho_ref_grav_new = 1.33104
nslice = 0  P_ref = 101325
nslice = 0  Rho_ref_grav_old = 1.33105, Rho_ref_grav_new = 1.33104
 fluid-flow view[  0]: rho_ref_grav_averaged_in_view = 1.331038846129        
<Dynamic P> on nsd = 0 {openings (inlet / outlet)}:
  (SP = Static Pressure, EP = Environment Pressure, TP = Total Pressure, E = External)
  {#1, SP, (0.000000e+00 / 6.955631e+01)}
  MWS[  0]=0.531582
tau_viscous_averaged = 0.00423465 
dt(mass,momentum; nsd=  0): min dt/dtG(ncv=  46078)=1.00 , max dt/dtG(ncv=  27366)=20.4   , dtG=3.44143e-05
Flow alg-view 0 in phys-view 0 isn't Neumann (not Multi Phase treating)
Face Momentum (sd=  0): max value of div(mf) (cv=22139) = 2.243867e-10
Flow alg-view 0 is not Neumann (not for Phase Change + Nested Iters)
+----+----+--------------+--------------+--------------+--------------+--------------+------+----+-+-+--+------+
|Name|view| Initial res  | Initial resL1| Target res   | Final res    | Final res L1 |Visits|Iter|R|F|CL|Status|
| BG |   0|  3.857885e-18|  2.145447e-07|  1.264907e-19|  8.085175e-20|  3.590452e-08|     7|  21|0|n|30|  OK  |
log10(resTarget_Lim / resTarget_Orig): 2.7 
Face Momentum (sd=  0): max value of div(mf) (cv=39627) = 1.545765e-11
	norm_L2 of div(momentum) = 2.843445e-10.
Flow alg-view 0 in phys-view 0 isn't Neumann (not Multi Phase treating)
LOG: number of a-faces with weighted approximations in 0 subdomain: 10.5587 percent
LOG: Rate of a-faces corrected to CUp1st in 0 subdomain: 1.57442 %
slv : SolveBL stage
|nsd|Real WF|NormalF|Cycle F|CriticF| EdgeF |CyclBrF|ExtParF|RWFnumSt|StLvlNum|  nfw  |  alp_U_min  |  nfw  |  alp_U_max  |  nfw  |  alp_T_min  |  nfw  |  alp_T_max  |  nfw  |  BL_s_min   |  nfw  |   BL_s_max  |
|  0|  12896|  12822|      0|      2|     72|      0|      0|   12896|     121|   2053|0            |  11674|576.62       |   2760|0            |   5104|21965.2      |  11893|-5.45463     |   2760|0            |
Face Momentum (sd=  0): max value of div(mf) (cv=39627) = 1.545765e-11
	norm_L2 of div(momentum) = 2.843445e-10.
slv : 3m: nsd = 0 
slv :  3m: ROTATION = NO 
slv :  3m: gravity_vector     = {	 0 	 -9.81 	 0	 }  
slv :  3m: gravity_vector_LCS = {	 0 	 -9.81 	 0	 }  
slv :  +----+----+----+--------------+--------------+--------------+--------------+--------------+------+----+-+-+--+------+
|Name|view| n_y| Initial res  | Initial resL1| Target res   | Final res    | Final res L1 |Visits|Iter|R|F|CL|Status|
+----+----+----+--------------+--------------+--------------+--------------+--------------+------+----+-+-+--+------+
| 3M |   0|   0|  1.992198e-10|  1.907815e-03|  3.001351e-16|  4.050346e-18|  9.761288e-08|     2|   6|0|n|29|  OK  |
Velocity (predicted):
        (local) sd   0: min(  27425)=0.015354031912212    , max(  46152)=14.578216613609      
Flow alg-view 0 is not Neumann (not for Phase Change + Nested Iters)
+----+----+--------------+--------------+--------------+--------------+--------------+------+----+-+-+--+------+
|Name|view| Initial res  | Initial resL1| Target res   | Final res    | Final res L1 |Visits|Iter|R|F|CL|Status|
|DVGR|   0|  3.797785e-13|  6.687855e-05|  1.173453e-17|  4.724524e-18|  2.514453e-07|     6|  18|0|n|30|  OK  |
PRESSURE SOLVER(geom_index=  0): sum_C_dp=-5.91039e-12
Face Momentum (sd=  0): max value of div(mf) (cv=22139) = 2.867056e-10
	norm_L2 of div(momentum) = 2.173596e-09.
nsd = 0 min_dtHy = 3.44159e-05 (nCV =	46200 ) max_dtHy = 0.000702177 (nCV =	27366 ) 
+----+----+--------------+--------------+--------------+--------------+--------------+------+----+-+-+--+------+
|Name|view| Initial res  | Initial resL1| Target res   | Final res    | Final res L1 |Visits|Iter|R|F|CL|Status|
|CHT |   0|  1.334006e-09|  2.184050e-03|  8.337537e-14|  1.858784e-15|  1.878609e-06|     1|   9|0|n|30|  OK  |
nsd = 0 min_dtke = 2.56563e-05 (nCV =	46180 ) max_dtke = 0.00039198 (nCV =	27523 ) 
+----+----+----+--------------+--------------+--------------+--------------+--------------+------+----+-+-+--+------+
|Name|view| n_y| Initial res  | Initial resL1| Target res   | Final res    | Final res L1 |Visits|Iter|R|F|CL|Status|
+----+----+----+--------------+--------------+--------------+--------------+--------------+------+----+-+-+--+------+
|turb|   0|   0|  6.958756e-12|  9.594471e-05|  2.473586e-20|  2.532015e-21|  1.975628e-09|     2|  12|0|n|30|  OK  |
|turb|   0|   1|  6.380471e-05|  2.213667e-01|  8.212739e-15|  1.194108e-15|  1.153874e-06|     2|  12|0|n|30|  OK  |
Filter: K,E,momentum: sd =   0 isolating K from zero=      1 E from zero=  13787 E from infinity=  12795
slv : Fluid subdom(new) 0
slv : P static (new)                 : min(  46118) = 101324.68057486      , max(   8574) = 101422.20985851      
slv : P_static - Rho*g*h (new)       : min(  46118) = 101324.6824666       , max(   8574) = 101422.21563428      
slv : Density (new)                  : min(  45044) = 1.3300754718521      , max(   8574) = 1.3313381011495      
slv : Velocity (new)                 : min(  27425) = 0.013919078263739    , max(  46152) = 14.57698777288       
slv : Mach number (new)              : min(  27425) = 4.2701040140358e-05  , max(  46152) = 0.044728096301365    
slv : Turbulent k (new)              : min(  11527) = 1e-40                , max(  17810) = 1.8817214860336      
slv : Turbulent e (new)              : min(  11527) = 1.1325407136672e-38  , max(  17810) = 3992.2675318798      
slv : Temperature (new)              : min(  46152) = 293.08552722607      , max(   8667) = 293.20696448713      
slv : Total enthalpy, Y-shifted (new): min(  46770) = -7.1647507286088     , max(   7576) = 12.313511233867      
slv : MASS FLUXES AT OPENINGS: MF=-0.000261102, AP=0.000261102
slv : DvGr statistics: min alpha=0.115631(nfa=88066, geom_slice=0)
slv : +----------------------------------+------------+-------+------------+------------+
slv : |          Collector name          | Total Time | Count |  Avg Time  |  Max Time  |
slv : +----------------------------------+------------+-------+------------+------------+
slv : | Calculate_inc                    |      11.782|     21|       0.561|       0.799|
slv : | CollectEMT_Results               |       0.000|     22|       0.000|       0.000|
slv : | HeatPathCalculator_Dynamic       |       0.017|      1|       0.017|       0.017|
slv : | LiSy_make_portrait               |       0.291|    107|       0.003|       0.016|
slv : | Results_processing               |       1.552|     21|       0.074|       0.092|
slv : | build_sl_ordering_CHT            |       0.015|     22|       0.001|       0.005|
slv : | build_sl_ordering_MDS            |       0.061|     22|       0.003|       0.014|
slv : | build_sl_ordering_fluid          |       0.061|     22|       0.003|       0.014|
slv : | calc_Convolutions_MDS            |       0.386|     22|       0.018|       0.021|
slv : | calc_wall_dist                   |       2.275|      1|       2.275|       2.275|
slv : | create_Gr_operators_MDS          |       0.378|     22|       0.017|       0.024|
slv : | create_Gr_operators_portrait_MDS |       0.114|     22|       0.005|       0.008|
slv : | init_Hy_group_MDS                |       0.210|     22|       0.010|       0.013|
slv : | perform_stage_total              |      12.984|    602|       0.022|       2.275|
slv : | precalc_at_start_MDS             |       1.593|      2|       0.796|       1.564|
slv : | solve_3M_MDS                     |       1.340|     22|       0.061|       0.080|
slv : | solve_3M_alg_MDS                 |       0.734|     22|       0.033|       0.052|
slv : | solve_BG_MDS                     |       0.934|     22|       0.042|       0.061|
slv : | solve_BG_alg_MDS                 |       0.770|     22|       0.035|       0.055|
slv : | solve_BL_MDS                     |       2.205|     22|       0.100|       0.242|
slv : | solve_CHT                        |       0.582|     22|       0.026|       0.035|
slv : | solve_CHT_MDS                    |       0.441|     22|       0.020|       0.027|
slv : | solve_CHT_alg_MDS                |       0.151|     22|       0.007|       0.011|
slv : | solve_DvGr_MDS                   |       2.766|     22|       0.126|       0.207|
slv : | solve_DvGr_alg_MDS               |       1.702|     22|       0.077|       0.161|
slv : | solve_INPR_MDS                   |       0.000|      1|       0.000|       0.000|
slv : | solve_PS+QJ                      |       0.000|      0|       0.000|       0.000|
slv : | solve_YLMA_MDS                   |       0.000|     22|       0.000|       0.000|
slv : | solve_YNOx_MDS                   |       0.000|     22|       0.000|       0.000|
slv : | solve_YTd_MDS                    |       0.001|     22|       0.000|       0.000|
slv : | solve_YTurb_MDS                  |       2.250|     22|       0.102|       0.172|
slv : | solve_YTurb_alg_MDS              |       0.837|     44|       0.019|       0.056|
slv : | update_BC_MDS                    |       0.000|     23|       0.000|       0.000|
slv : | update_Mf_after_DvGr             |       0.227|     22|       0.010|       0.015|
slv : | update_VelPressure_MDS           |       0.067|     22|       0.003|       0.005|
slv : +----------------------------------+------------+-------+------------+------------+
-----------------------------------------------------------------------
Memory Working Set Current = 371.74 Mb, Memory Working Set Peak = 371.74 Mb
Memory Private Bytes Current = 397.35 Mb, Memory Private Bytes Peak = 397.36 Mb
Process Threads Number: 32
-----------------------------------------------------------------------
Algebra Pool      : mem_usage = 189.38 Mb, allocated count = 2152

================== Tstep=22 ===================
nslice = 0; reset pressure calculator:  Rho_ref_grav_new = 1.33103
nslice = 0  P_ref = 101325
nslice = 0  Rho_ref_grav_old = 1.33104, Rho_ref_grav_new = 1.33103
 fluid-flow view[  0]: rho_ref_grav_averaged_in_view = 1.3310265539709       
<Dynamic P> on nsd = 0 {openings (inlet / outlet)}:
  (SP = Static Pressure, EP = Environment Pressure, TP = Total Pressure, E = External)
  {#1, SP, (0.000000e+00 / 6.938756e+01)}
  MWS[  0]=0.515377
tau_viscous_averaged = 0.00423921 
dt(mass,momentum; nsd=  0): min dt/dtG(ncv=  46200)=1.00 , max dt/dtG(ncv=  27366)=21.1   , dtG=3.46096e-05
Flow alg-view 0 in phys-view 0 isn't Neumann (not Multi Phase treating)
Face Momentum (sd=  0): max value of div(mf) (cv=22139) = 2.867056e-10
Flow alg-view 0 is not Neumann (not for Phase Change + Nested Iters)
+----+----+--------------+--------------+--------------+--------------+--------------+------+----+-+-+--+------+
|Name|view| Initial res  | Initial resL1| Target res   | Final res    | Final res L1 |Visits|Iter|R|F|CL|Status|
| BG |   0|  5.076694e-18|  2.569548e-07|  1.173453e-19|  7.329545e-20|  3.359554e-08|     7|  21|0|n|30|  OK  |
log10(resTarget_Lim / resTarget_Orig): 2.6 
Face Momentum (sd=  0): max value of div(mf) (cv=43883) = 1.480352e-11
	norm_L2 of div(momentum) = 2.707314e-10.
Flow alg-view 0 in phys-view 0 isn't Neumann (not Multi Phase treating)
LOG: number of a-faces with weighted approximations in 0 subdomain: 10.2801 percent
LOG: Rate of a-faces corrected to CUp1st in 0 subdomain: 1.54984 %
slv : SolveBL stage
|nsd|Real WF|NormalF|Cycle F|CriticF| EdgeF |CyclBrF|ExtParF|RWFnumSt|StLvlNum|  nfw  |  alp_U_min  |  nfw  |  alp_U_max  |  nfw  |  alp_T_min  |  nfw  |  alp_T_max  |  nfw  |  BL_s_min   |  nfw  |   BL_s_max  |
|  0|  12896|  12822|      0|      2|     72|      0|      0|   12896|     121|   2053|0            |  11674|516.222      |   2761|0            |   5137|22124.7      |  11893|-5.39847     |   2761|0            |
Face Momentum (sd=  0): max value of div(mf) (cv=43883) = 1.480352e-11
	norm_L2 of div(momentum) = 2.707314e-10.
slv : 3m: nsd = 0 
slv :  3m: ROTATION = NO 
slv :  3m: gravity_vector     = {	 0 	 -9.81 	 0	 }  
slv :  3m: gravity_vector_LCS = {	 0 	 -9.81 	 0	 }  
slv :  +----+----+----+--------------+--------------+--------------+--------------+--------------+------+----+-+-+--+------+
|Name|view| n_y| Initial res  | Initial resL1| Target res   | Final res    | Final res L1 |Visits|Iter|R|F|CL|Status|
+----+----+----+--------------+--------------+--------------+--------------+--------------+------+----+-+-+--+------+
| 3M |   0|   0|  1.563337e-10|  1.738382e-03|  2.802618e-16|  3.634248e-18|  9.134850e-08|     2|   6|0|n|29|  OK  |
Velocity (predicted):
        (local) sd   0: min(  22387)=0.012917112396854    , max(  46152)=14.097205509842      
Flow alg-view 0 is not Neumann (not for Phase Change + Nested Iters)
+----+----+--------------+--------------+--------------+--------------+--------------+------+----+-+-+--+------+
|Name|view| Initial res  | Initial resL1| Target res   | Final res    | Final res L1 |Visits|Iter|R|F|CL|Status|
|DVGR|   0|  3.325764e-13|  6.221937e-05|  1.072603e-17|  4.022552e-18|  2.397072e-07|     6|  18|0|n|30|  OK  |
PRESSURE SOLVER(geom_index=  0): sum_C_dp=-5.73425e-12
Face Momentum (sd=  0): max value of div(mf) (cv=22139) = 2.878929e-10
	norm_L2 of div(momentum) = 2.005629e-09.
nsd = 0 min_dtHy = 3.46112e-05 (nCV =	46214 ) max_dtHy = 0.000729886 (nCV =	27366 ) 
+----+----+--------------+--------------+--------------+--------------+--------------+------+----+-+-+--+------+
|Name|view| Initial res  | Initial resL1| Target res   | Final res    | Final res L1 |Visits|Iter|R|F|CL|Status|
|CHT |   0|  9.533500e-10|  2.141876e-03|  5.958437e-14|  1.747017e-15|  1.909641e-06|     1|   9|0|n|30|  OK  |
nsd = 0 min_dtke = 2.57933e-05 (nCV =	46180 ) max_dtke = 0.000398681 (nCV =	27524 ) 
+----+----+----+--------------+--------------+--------------+--------------+--------------+------+----+-+-+--+------+
|Name|view| n_y| Initial res  | Initial resL1| Target res   | Final res    | Final res L1 |Visits|Iter|R|F|CL|Status|
+----+----+----+--------------+--------------+--------------+--------------+--------------+------+----+-+-+--+------+
|turb|   0|   0|  7.065588e-12|  9.581749e-05|  2.174420e-20|  3.321832e-21|  2.068198e-09|     2|  12|0|n|30|  OK  |
|turb|   0|   1|  6.671479e-05|  2.218580e-01|  6.786253e-15|  1.644451e-15|  1.272296e-06|     2|  12|0|n|30|  OK  |
Filter: K,E,momentum: sd =   0 isolating K from zero=      0 E from zero=  13903 E from infinity=  13004
slv : Fluid subdom(new) 0
slv : P static (new)                 : min(  46118) = 101324.71219067      , max(   8673) = 101421.74051553      
slv : P_static - Rho*g*h (new)       : min(  46118) = 101324.71408239      , max(   8673) = 101421.75871431      
slv : Density (new)                  : min(  47390) = 1.330077172568       , max(   8574) = 1.3313267008635      
slv : Velocity (new)                 : min(  40285) = 0.012544103507763    , max(  46152) = 14.093721922679      
slv : Mach number (new)              : min(  40285) = 3.8483225047139e-05  , max(  46152) = 0.043244711745771    
slv : Turbulent k (new)              : min(   7720) = 1.8082195973581e-09  , max(  17810) = 1.83412505013        
slv : Turbulent e (new)              : min(   7720) = 6.5078787403002e-09  , max(  24019) = 3943.5453743865      
slv : Temperature (new)              : min(  46152) = 293.09270576208      , max(   8667) = 293.20811764257      
slv : Total enthalpy, Y-shifted (new): min(  46770) = -7.4860907555449     , max(   7576) = 12.316910057376      
slv : MASS FLUXES AT OPENINGS: MF=-0.00026109, AP=0.000261091
slv : DvGr statistics: min alpha=0.115469(nfa=88066, geom_slice=0)
slv : +----------------------------------+------------+-------+------------+------------+
slv : |          Collector name          | Total Time | Count |  Avg Time  |  Max Time  |
slv : +----------------------------------+------------+-------+------------+------------+
slv : | Calculate_inc                    |      12.370|     22|       0.562|       0.799|
slv : | CollectEMT_Results               |       0.000|     23|       0.000|       0.000|
slv : | HeatPathCalculator_Dynamic       |       0.017|      1|       0.017|       0.017|
slv : | LiSy_make_portrait               |       0.310|    112|       0.003|       0.016|
slv : | Results_processing               |       1.613|     22|       0.073|       0.092|
slv : | build_sl_ordering_CHT            |       0.015|     23|       0.001|       0.005|
slv : | build_sl_ordering_MDS            |       0.070|     23|       0.003|       0.014|
slv : | build_sl_ordering_fluid          |       0.069|     23|       0.003|       0.014|
slv : | calc_Convolutions_MDS            |       0.404|     23|       0.018|       0.021|
slv : | calc_wall_dist                   |       2.275|      1|       2.275|       2.275|
slv : | create_Gr_operators_MDS          |       0.399|     23|       0.017|       0.024|
slv : | create_Gr_operators_portrait_MDS |       0.119|     23|       0.005|       0.008|
slv : | init_Hy_group_MDS                |       0.221|     23|       0.010|       0.013|
slv : | perform_stage_total              |      13.506|    629|       0.021|       2.275|
slv : | precalc_at_start_MDS             |       1.593|      2|       0.796|       1.564|
slv : | solve_3M_MDS                     |       1.419|     23|       0.062|       0.080|
slv : | solve_3M_alg_MDS                 |       0.781|     23|       0.034|       0.052|
slv : | solve_BG_MDS                     |       0.965|     23|       0.042|       0.061|
slv : | solve_BG_alg_MDS                 |       0.796|     23|       0.035|       0.055|
slv : | solve_BL_MDS                     |       2.298|     23|       0.100|       0.242|
slv : | solve_CHT                        |       0.605|     23|       0.026|       0.035|
slv : | solve_CHT_MDS                    |       0.458|     23|       0.020|       0.027|
slv : | solve_CHT_alg_MDS                |       0.157|     23|       0.007|       0.011|
slv : | solve_DvGr_MDS                   |       2.900|     23|       0.126|       0.207|
slv : | solve_DvGr_alg_MDS               |       1.779|     23|       0.077|       0.161|
slv : | solve_INPR_MDS                   |       0.000|      1|       0.000|       0.000|
slv : | solve_PS+QJ                      |       0.000|      0|       0.000|       0.000|
slv : | solve_YLMA_MDS                   |       0.000|     23|       0.000|       0.000|
slv : | solve_YNOx_MDS                   |       0.000|     23|       0.000|       0.000|
slv : | solve_YTd_MDS                    |       0.001|     23|       0.000|       0.000|
slv : | solve_YTurb_MDS                  |       2.372|     23|       0.103|       0.172|
slv : | solve_YTurb_alg_MDS              |       0.897|     46|       0.020|       0.056|
slv : | update_BC_MDS                    |       0.000|     24|       0.000|       0.000|
slv : | update_Mf_after_DvGr             |       0.236|     23|       0.010|       0.015|
slv : | update_VelPressure_MDS           |       0.070|     23|       0.003|       0.005|
slv : +----------------------------------+------------+-------+------------+------------+
-----------------------------------------------------------------------
Memory Working Set Current = 371.82 Mb, Memory Working Set Peak = 371.82 Mb
Memory Private Bytes Current = 397.46 Mb, Memory Private Bytes Peak = 397.46 Mb
Process Threads Number: 32
-----------------------------------------------------------------------
Algebra Pool      : mem_usage = 189.38 Mb, allocated count = 2156

================== Tstep=23 ===================
nslice = 0; reset pressure calculator:  Rho_ref_grav_new = 1.33102
nslice = 0  P_ref = 101325
nslice = 0  Rho_ref_grav_old = 1.33103, Rho_ref_grav_new = 1.33102
 fluid-flow view[  0]: rho_ref_grav_averaged_in_view = 1.3310150706544       
<Dynamic P> on nsd = 0 {openings (inlet / outlet)}:
  (SP = Static Pressure, EP = Environment Pressure, TP = Total Pressure, E = External)
  {#1, SP, (0.000000e+00 / 6.923598e+01)}
  MWS[  0]=0.498291
tau_viscous_averaged = 0.00424363 
dt(mass,momentum; nsd=  0): min dt/dtG(ncv=  46064)=1.00 , max dt/dtG(ncv=  27393)=21.8   , dtG=3.48383e-05
Flow alg-view 0 in phys-view 0 isn't Neumann (not Multi Phase treating)
Face Momentum (sd=  0): max value of div(mf) (cv=22139) = 2.878929e-10
Flow alg-view 0 is not Neumann (not for Phase Change + Nested Iters)
+----+----+--------------+--------------+--------------+--------------+--------------+------+----+-+-+--+------+
|Name|view| Initial res  | Initial resL1| Target res   | Final res    | Final res L1 |Visits|Iter|R|F|CL|Status|
| BG |   0|  4.383868e-18|  2.458665e-07|  1.072603e-19|  6.512812e-20|  3.124835e-08|     7|  21|0|n|30|  OK  |
log10(resTarget_Lim / resTarget_Orig): 2.6 
Face Momentum (sd=  0): max value of div(mf) (cv=43935) = 1.380053e-11
	norm_L2 of div(momentum) = 2.552021e-10.
Flow alg-view 0 in phys-view 0 isn't Neumann (not Multi Phase treating)
LOG: number of a-faces with weighted approximations in 0 subdomain: 9.92098 percent
LOG: Rate of a-faces corrected to CUp1st in 0 subdomain: 1.49718 %
slv : SolveBL stage
|nsd|Real WF|NormalF|Cycle F|CriticF| EdgeF |CyclBrF|ExtParF|RWFnumSt|StLvlNum|  nfw  |  alp_U_min  |  nfw  |  alp_U_max  |  nfw  |  alp_T_min  |  nfw  |  alp_T_max  |  nfw  |  BL_s_min   |  nfw  |   BL_s_max  |
|  0|  12896|  12822|      0|      2|     72|      0|      0|   12896|     121|   2053|0            |  11674|788.29       |   2762|0            |   7959|56394.4      |  11893|-5.48074     |   2762|0            |
Face Momentum (sd=  0): max value of div(mf) (cv=43935) = 1.380053e-11
	norm_L2 of div(momentum) = 2.552021e-10.
slv : 3m: nsd = 0 
slv :  3m: ROTATION = NO 
slv :  3m: gravity_vector     = {	 0 	 -9.81 	 0	 }  
slv :  3m: gravity_vector_LCS = {	 0 	 -9.81 	 0	 }  
slv :  +----+----+----+--------------+--------------+--------------+--------------+--------------+------+----+-+-+--+------+
|Name|view| n_y| Initial res  | Initial resL1| Target res   | Final res    | Final res L1 |Visits|Iter|R|F|CL|Status|
+----+----+----+--------------+--------------+--------------+--------------+--------------+------+----+-+-+--+------+
| 3M |   0|   0|  1.209507e-10|  1.581074e-03|  2.601525e-16|  3.120404e-18|  8.242016e-08|     2|   6|0|n|29|  OK  |
Velocity (predicted):
        (local) sd   0: min(  27425)=0.011646762223468    , max(  46152)=13.6220453295        
Flow alg-view 0 is not Neumann (not for Phase Change + Nested Iters)
+----+----+--------------+--------------+--------------+--------------+--------------+------+----+-+-+--+------+
|Name|view| Initial res  | Initial resL1| Target res   | Final res    | Final res L1 |Visits|Iter|R|F|CL|Status|
|DVGR|   0|  2.723550e-13|  5.582725e-05|  9.709453e-18|  3.117440e-18|  2.195360e-07|     6|  18|0|n|30|  OK  |
PRESSURE SOLVER(geom_index=  0): sum_C_dp=-5.10339e-12
Face Momentum (sd=  0): max value of div(mf) (cv=22139) = 2.262297e-10
	norm_L2 of div(momentum) = 1.765627e-09.
nsd = 0 min_dtHy = 3.48399e-05 (nCV =	46200 ) max_dtHy = 0.000759695 (nCV =	27393 ) 
+----+----+--------------+--------------+--------------+--------------+--------------+------+----+-+-+--+------+
|Name|view| Initial res  | Initial resL1| Target res   | Final res    | Final res L1 |Visits|Iter|R|F|CL|Status|
|CHT |   0|  6.669512e-10|  2.107315e-03|  4.168445e-14|  1.378881e-15|  1.796451e-06|     1|   9|0|n|30|  OK  |
nsd = 0 min_dtke = 2.59589e-05 (nCV =	46200 ) max_dtke = 0.000403124 (nCV =	27524 ) 
+----+----+----+--------------+--------------+--------------+--------------+--------------+------+----+-+-+--+------+
|Name|view| n_y| Initial res  | Initial resL1| Target res   | Final res    | Final res L1 |Visits|Iter|R|F|CL|Status|
+----+----+----+--------------+--------------+--------------+--------------+--------------+------+----+-+-+--+------+
|turb|   0|   0|  7.081349e-12|  9.403860e-05|  1.890169e-20|  3.518327e-21|  2.044912e-09|     2|  12|0|n|30|  OK  |
|turb|   0|   1|  6.924858e-05|  2.196105e-01|  5.515392e-15|  1.720405e-15|  1.301549e-06|     2|  12|0|n|30|  OK  |
Filter: K,E,momentum: sd =   0 isolating K from zero=      1 E from zero=  13966 E from infinity=  13210
slv : Fluid subdom(new) 0
slv : P static (new)                 : min(  46118) = 101324.72928182      , max(   8673) = 101421.49051744      
slv : P_static - Rho*g*h (new)       : min(  46118) = 101324.73117352      , max(   8673) = 101421.50871607      
slv : Density (new)                  : min(  45634) = 1.3300771415002      , max(   8574) = 1.331311293864       
slv : Velocity (new)                 : min(  27425) = 0.012235328086336    , max(  46152) = 13.615492230078      
slv : Mach number (new)              : min(  27425) = 3.7535618248059e-05  , max(  46152) = 0.041776836432482    
slv : Turbulent k (new)              : min(  33692) = 1e-40                , max(  17810) = 1.7623232971468      
slv : Turbulent e (new)              : min(  33692) = 1.036919351287e-38   , max(  24019) = 3976.6691922679      
slv : Temperature (new)              : min(  46152) = 293.09959896977      , max(   8667) = 293.20876419285      
slv : Total enthalpy, Y-shifted (new): min(  46770) = -7.7783490824479     , max(   7576) = 12.318630285823      
slv : MASS FLUXES AT OPENINGS: MF=-0.000261079, AP=0.00026108
slv : DvGr statistics: min alpha=0.115414(nfa=88066, geom_slice=0)
slv : +----------------------------------+------------+-------+------------+------------+
slv : |          Collector name          | Total Time | Count |  Avg Time  |  Max Time  |
slv : +----------------------------------+------------+-------+------------+------------+
slv : | Calculate_inc                    |      12.966|     23|       0.564|       0.799|
slv : | CollectEMT_Results               |       0.000|     24|       0.000|       0.000|
slv : | HeatPathCalculator_Dynamic       |       0.017|      1|       0.017|       0.017|
slv : | LiSy_make_portrait               |       0.320|    116|       0.003|       0.016|
slv : | Results_processing               |       1.690|     23|       0.073|       0.092|
slv : | build_sl_ordering_CHT            |       0.015|     24|       0.001|       0.005|
slv : | build_sl_ordering_MDS            |       0.070|     24|       0.003|       0.014|
slv : | build_sl_ordering_fluid          |       0.069|     24|       0.003|       0.014|
slv : | calc_Convolutions_MDS            |       0.420|     24|       0.018|       0.021|
slv : | calc_wall_dist                   |       2.275|      1|       2.275|       2.275|
slv : | create_Gr_operators_MDS          |       0.414|     24|       0.017|       0.024|
slv : | create_Gr_operators_portrait_MDS |       0.123|     24|       0.005|       0.008|
slv : | init_Hy_group_MDS                |       0.229|     24|       0.010|       0.013|
slv : | perform_stage_total              |      13.974|    656|       0.021|       2.275|
slv : | precalc_at_start_MDS             |       1.593|      2|       0.796|       1.564|
slv : | solve_3M_MDS                     |       1.479|     24|       0.062|       0.080|
slv : | solve_3M_alg_MDS                 |       0.816|     24|       0.034|       0.052|
slv : | solve_BG_MDS                     |       1.001|     24|       0.042|       0.061|
slv : | solve_BG_alg_MDS                 |       0.823|     24|       0.034|       0.055|
slv : | solve_BL_MDS                     |       2.392|     24|       0.100|       0.242|
slv : | solve_CHT                        |       0.631|     24|       0.026|       0.035|
slv : | solve_CHT_MDS                    |       0.479|     24|       0.020|       0.027|
slv : | solve_CHT_alg_MDS                |       0.163|     24|       0.007|       0.011|
slv : | solve_DvGr_MDS                   |       3.006|     24|       0.125|       0.207|
slv : | solve_DvGr_alg_MDS               |       1.838|     24|       0.077|       0.161|
slv : | solve_INPR_MDS                   |       0.000|      1|       0.000|       0.000|
slv : | solve_PS+QJ                      |       0.000|      0|       0.000|       0.000|
slv : | solve_YLMA_MDS                   |       0.000|     24|       0.000|       0.000|
slv : | solve_YNOx_MDS                   |       0.000|     24|       0.000|       0.000|
slv : | solve_YTd_MDS                    |       0.001|     24|       0.000|       0.000|
slv : | solve_YTurb_MDS                  |       2.498|     24|       0.104|       0.172|
slv : | solve_YTurb_alg_MDS              |       0.958|     48|       0.020|       0.056|
slv : | update_BC_MDS                    |       0.000|     25|       0.000|       0.000|
slv : | update_Mf_after_DvGr             |       0.244|     24|       0.010|       0.015|
slv : | update_VelPressure_MDS           |       0.073|     24|       0.003|       0.005|
slv : +----------------------------------+------------+-------+------------+------------+
-----------------------------------------------------------------------
Memory Working Set Current = 371.84 Mb, Memory Working Set Peak = 371.84 Mb
Memory Private Bytes Current = 397.46 Mb, Memory Private Bytes Peak = 397.47 Mb
Process Threads Number: 32
-----------------------------------------------------------------------
Algebra Pool      : mem_usage = 189.38 Mb, allocated count = 2155

================== Tstep=24 ===================
nslice = 0; reset pressure calculator:  Rho_ref_grav_new = 1.33101
nslice = 0  P_ref = 101325
nslice = 0  Rho_ref_grav_old = 1.33102, Rho_ref_grav_new = 1.33101
 fluid-flow view[  0]: rho_ref_grav_averaged_in_view = 1.3310050690326       
<Dynamic P> on nsd = 0 {openings (inlet / outlet)}:
  (SP = Static Pressure, EP = Environment Pressure, TP = Total Pressure, E = External)
  {#1, SP, (0.000000e+00 / 6.911767e+01)}
  MWS[  0]=0.481383
tau_viscous_averaged = 0.00424866 
dt(mass,momentum; nsd=  0): min dt/dtG(ncv=  46078)=1.00 , max dt/dtG(ncv=  27393)=22.6   , dtG=3.50004e-05
Flow alg-view 0 in phys-view 0 isn't Neumann (not Multi Phase treating)
Face Momentum (sd=  0): max value of div(mf) (cv=22139) = 2.262297e-10
Flow alg-view 0 is not Neumann (not for Phase Change + Nested Iters)
+----+----+--------------+--------------+--------------+--------------+--------------+------+----+-+-+--+------+
|Name|view| Initial res  | Initial resL1| Target res   | Final res    | Final res L1 |Visits|Iter|R|F|CL|Status|
| BG |   0|  3.492344e-18|  2.265476e-07|  9.709453e-20|  5.602290e-20|  2.929206e-08|     7|  21|0|n|30|  OK  |
log10(resTarget_Lim / resTarget_Orig): 2.6 
Face Momentum (sd=  0): max value of div(mf) (cv=43936) = 1.283889e-11
	norm_L2 of div(momentum) = 2.366916e-10.
Flow alg-view 0 in phys-view 0 isn't Neumann (not Multi Phase treating)
LOG: number of a-faces with weighted approximations in 0 subdomain: 9.6445 percent
LOG: Rate of a-faces corrected to CUp1st in 0 subdomain: 1.45057 %
slv : SolveBL stage
|nsd|Real WF|NormalF|Cycle F|CriticF| EdgeF |CyclBrF|ExtParF|RWFnumSt|StLvlNum|  nfw  |  alp_U_min  |  nfw  |  alp_U_max  |  nfw  |  alp_T_min  |  nfw  |  alp_T_max  |  nfw  |  BL_s_min   |  nfw  |   BL_s_max  |
|  0|  12896|  12822|      0|      2|     72|      0|      0|   12896|     121|   2053|0            |  11674|13921.8      |   2762|0            |   7618|72168.3      |  11893|-5.48523     |   2762|0            |
Face Momentum (sd=  0): max value of div(mf) (cv=43936) = 1.283889e-11
	norm_L2 of div(momentum) = 2.366916e-10.
slv : 3m: nsd = 0 
slv :  3m: ROTATION = NO 
slv :  3m: gravity_vector     = {	 0 	 -9.81 	 0	 }  
slv :  3m: gravity_vector_LCS = {	 0 	 -9.81 	 0	 }  
slv :  +----+----+----+--------------+--------------+--------------+--------------+--------------+------+----+-+-+--+------+
|Name|view| n_y| Initial res  | Initial resL1| Target res   | Final res    | Final res L1 |Visits|Iter|R|F|CL|Status|
+----+----+----+--------------+--------------+--------------+--------------+--------------+------+----+-+-+--+------+
| 3M |   0|   0|  9.263950e-11|  1.439657e-03|  2.410683e-16|  2.637266e-18|  7.506814e-08|     2|   6|0|n|29|  OK  |
Velocity (predicted):
        (local) sd   0: min(  27425)=0.01296904151019     , max(  46152)=13.183106203751      
Flow alg-view 0 is not Neumann (not for Phase Change + Nested Iters)
+----+----+--------------+--------------+--------------+--------------+--------------+------+----+-+-+--+------+
|Name|view| Initial res  | Initial resL1| Target res   | Final res    | Final res L1 |Visits|Iter|R|F|CL|Status|
|DVGR|   0|  2.164108e-13|  5.004300e-05|  8.760574e-18|  2.347146e-18|  1.992984e-07|     6|  18|0|n|30|  OK  |
PRESSURE SOLVER(geom_index=  0): sum_C_dp=-4.28459e-12
Face Momentum (sd=  0): max value of div(mf) (cv=22139) = 1.956972e-10
	norm_L2 of div(momentum) = 1.532040e-09.
nsd = 0 min_dtHy = 3.50021e-05 (nCV =	46200 ) max_dtHy = 0.000790123 (nCV =	27393 ) 
+----+----+--------------+--------------+--------------+--------------+--------------+------+----+-+-+--+------+
|Name|view| Initial res  | Initial resL1| Target res   | Final res    | Final res L1 |Visits|Iter|R|F|CL|Status|
|CHT |   0|  5.016996e-10|  2.079265e-03|  3.135623e-14|  9.435132e-16|  1.582116e-06|     1|   9|0|n|30|  OK  |
nsd = 0 min_dtke = 2.61402e-05 (nCV =	46200 ) max_dtke = 0.000404667 (nCV =	27524 ) 
+----+----+----+--------------+--------------+--------------+--------------+--------------+------+----+-+-+--+------+
|Name|view| n_y| Initial res  | Initial resL1| Target res   | Final res    | Final res L1 |Visits|Iter|R|F|CL|Status|
+----+----+----+--------------+--------------+--------------+--------------+--------------+------+----+-+-+--+------+
|turb|   0|   0|  6.827640e-12|  9.031108e-05|  1.637568e-20|  3.032571e-21|  1.909181e-09|     2|  12|0|n|30|  OK  |
|turb|   0|   1|  6.934055e-05|  2.122287e-01|  4.460487e-15|  1.384640e-15|  1.248949e-06|     2|  12|0|n|30|  OK  |
Filter: K,E,momentum: sd =   0 isolating K from zero=      3 E from zero=  14134 E from infinity=  13431
slv : Fluid subdom(new) 0
slv : P static (new)                 : min(  46118) = 101324.6951023       , max(   8673) = 101421.24555717      
slv : P_static - Rho*g*h (new)       : min(  46118) = 101324.69699398      , max(   8673) = 101421.26375566      
slv : Density (new)                  : min(  47398) = 1.3300777603242      , max(   8657) = 1.3312967730662      
slv : Velocity (new)                 : min(  27425) = 0.013803751346606    , max(  46152) = 13.179862316495      
slv : Mach number (new)              : min(  27425) = 4.2347236051084e-05  , max(  46152) = 0.040439758270074    
slv : Turbulent k (new)              : min(  13304) = 1e-40                , max(  20391) = 1.7850558752397      
slv : Turbulent e (new)              : min(  34213) = 1.0702282966389e-38  , max(  24019) = 4113.4198640856      
slv : Temperature (new)              : min(  46152) = 293.1057098133       , max(   8673) = 293.20965761153      
slv : Total enthalpy, Y-shifted (new): min(  46770) = -8.0432993207671     , max(   7576) = 12.319481186289      
slv : MASS FLUXES AT OPENINGS: MF=-0.000261068, AP=0.000261069
slv : DvGr statistics: min alpha=0.115307(nfa=88066, geom_slice=0)
slv : +----------------------------------+------------+-------+------------+------------+
slv : |          Collector name          | Total Time | Count |  Avg Time  |  Max Time  |
slv : +----------------------------------+------------+-------+------------+------------+
slv : | Calculate_inc                    |      13.505|     24|       0.563|       0.799|
slv : | CollectEMT_Results               |       0.000|     25|       0.000|       0.000|
slv : | HeatPathCalculator_Dynamic       |       0.017|      1|       0.017|       0.017|
slv : | LiSy_make_portrait               |       0.331|    120|       0.003|       0.016|
slv : | Results_processing               |       1.751|     24|       0.073|       0.092|
slv : | build_sl_ordering_CHT            |       0.015|     25|       0.001|       0.005|
slv : | build_sl_ordering_MDS            |       0.070|     25|       0.003|       0.014|
slv : | build_sl_ordering_fluid          |       0.069|     25|       0.003|       0.014|
slv : | calc_Convolutions_MDS            |       0.436|     25|       0.017|       0.021|
slv : | calc_wall_dist                   |       2.275|      1|       2.275|       2.275|
slv : | create_Gr_operators_MDS          |       0.429|     25|       0.017|       0.024|
slv : | create_Gr_operators_portrait_MDS |       0.128|     25|       0.005|       0.008|
slv : | init_Hy_group_MDS                |       0.238|     25|       0.010|       0.013|
slv : | perform_stage_total              |      14.433|    683|       0.021|       2.275|
slv : | precalc_at_start_MDS             |       1.593|      2|       0.796|       1.564|
slv : | solve_3M_MDS                     |       1.538|     25|       0.062|       0.080|
slv : | solve_3M_alg_MDS                 |       0.850|     25|       0.034|       0.052|
slv : | solve_BG_MDS                     |       1.033|     25|       0.041|       0.061|
slv : | solve_BG_alg_MDS                 |       0.849|     25|       0.034|       0.055|
slv : | solve_BL_MDS                     |       2.487|     25|       0.099|       0.242|
slv : | solve_CHT                        |       0.655|     25|       0.026|       0.035|
slv : | solve_CHT_MDS                    |       0.496|     25|       0.020|       0.027|
slv : | solve_CHT_alg_MDS                |       0.170|     25|       0.007|       0.011|
slv : | solve_DvGr_MDS                   |       3.116|     25|       0.125|       0.207|
slv : | solve_DvGr_alg_MDS               |       1.903|     25|       0.076|       0.161|
slv : | solve_INPR_MDS                   |       0.000|      1|       0.000|       0.000|
slv : | solve_PS+QJ                      |       0.000|      0|       0.000|       0.000|
slv : | solve_YLMA_MDS                   |       0.000|     25|       0.000|       0.000|
slv : | solve_YNOx_MDS                   |       0.000|     25|       0.000|       0.000|
slv : | solve_YTd_MDS                    |       0.001|     25|       0.000|       0.000|
slv : | solve_YTurb_MDS                  |       2.615|     25|       0.105|       0.172|
slv : | solve_YTurb_alg_MDS              |       1.016|     50|       0.020|       0.056|
slv : | update_BC_MDS                    |       0.000|     26|       0.000|       0.000|
slv : | update_Mf_after_DvGr             |       0.252|     25|       0.010|       0.015|
slv : | update_VelPressure_MDS           |       0.076|     25|       0.003|       0.005|
slv : +----------------------------------+------------+-------+------------+------------+
Interpolator cache: total calls 68055, optimised calls 27081 (39.8 %)
-----------------------------------------------------------------------
Memory Working Set Current = 371.85 Mb, Memory Working Set Peak = 371.85 Mb
Memory Private Bytes Current = 397.47 Mb, Memory Private Bytes Peak = 397.47 Mb
Process Threads Number: 32
-----------------------------------------------------------------------
Iteration : time = 3.24868 , count = 5 , time/count = 0.649737
Calculate_inc() : time = 2.88748 , count = 5 , time/count = 0.577496
TreatFlowEvolution() : time = 0.345108 , count = 5 , time/count = 0.0690216
SolverPreview : time = 0 , count = 5 , time/count = 0
TreatGoals : time = 0.336128 , count = 5 , time/count = 0.0672256
Algebra Pool      : mem_usage = 189.38 Mb, allocated count = 2152

================== Tstep=25 ===================
nslice = 0; reset pressure calculator:  Rho_ref_grav_new = 1.331
nslice = 0  P_ref = 101325
nslice = 0  Rho_ref_grav_old = 1.33101, Rho_ref_grav_new = 1.331
 fluid-flow view[  0]: rho_ref_grav_averaged_in_view = 1.3309967079731       
<Dynamic P> on nsd = 0 {openings (inlet / outlet)}:
  (SP = Static Pressure, EP = Environment Pressure, TP = Total Pressure, E = External)
  {#1, SP, (0.000000e+00 / 6.904139e+01)}
  MWS[  0]=0.465981
tau_viscous_averaged = 0.00425169 
dt(mass,momentum; nsd=  0): min dt/dtG(ncv=  46150)=1.00 , max dt/dtG(ncv=  27393)=23.2   , dtG=5.27838e-05
Flow alg-view 0 in phys-view 0 isn't Neumann (not Multi Phase treating)
Face Momentum (sd=  0): max value of div(mf) (cv=22139) = 1.956972e-10
Flow alg-view 0 is not Neumann (not for Phase Change + Nested Iters)
+----+----+--------------+--------------+--------------+--------------+--------------+------+----+-+-+--+------+
|Name|view| Initial res  | Initial resL1| Target res   | Final res    | Final res L1 |Visits|Iter|R|F|CL|Status|
| BG |   0|  2.721824e-18|  2.069072e-07|  8.760574e-20|  4.811691e-20|  2.768159e-08|     7|  21|0|n|30|  OK  |
log10(resTarget_Lim / resTarget_Orig): 2.7 
Face Momentum (sd=  0): max value of div(mf) (cv=39627) = 1.201061e-11
	norm_L2 of div(momentum) = 2.193557e-10.
Flow alg-view 0 in phys-view 0 isn't Neumann (not Multi Phase treating)
LOG: number of a-faces with weighted approximations in 0 subdomain: 9.36946 percent
LOG: Rate of a-faces corrected to CUp1st in 0 subdomain: 1.37196 %
slv : SolveBL stage
|nsd|Real WF|NormalF|Cycle F|CriticF| EdgeF |CyclBrF|ExtParF|RWFnumSt|StLvlNum|  nfw  |  alp_U_min  |  nfw  |  alp_U_max  |  nfw  |  alp_T_min  |  nfw  |  alp_T_max  |  nfw  |  BL_s_min   |  nfw  |   BL_s_max  |
|  0|  12896|  12822|      0|      2|     72|      0|      0|   12896|     122|   2053|0            |   2863|1174.7       |   2762|0            |   7503|27237.6      |  11608|-5.43751     |   2762|0            |
Face Momentum (sd=  0): max value of div(mf) (cv=39627) = 1.201061e-11
	norm_L2 of div(momentum) = 2.193557e-10.
slv : 3m: nsd = 0 
slv :  3m: ROTATION = NO 
slv :  3m: gravity_vector     = {	 0 	 -9.81 	 0	 }  
slv :  3m: gravity_vector_LCS = {	 0 	 -9.81 	 0	 }  
slv :  +----+----+----+--------------+--------------+--------------+--------------+--------------+------+----+-+-+--+------+
|Name|view| n_y| Initial res  | Initial resL1| Target res   | Final res    | Final res L1 |Visits|Iter|R|F|CL|Status|
+----+----+----+--------------+--------------+--------------+--------------+--------------+------+----+-+-+--+------+
| 3M |   0|   0|  7.073413e-11|  1.314780e-03|  1.751539e-16|  2.296295e-17|  2.566323e-07|     2|   6|0|n|29|  OK  |
Velocity (predicted):
        (local) sd   0: min(  22387)=0.0037882151683643   , max(  46152)=12.683737580026      
Flow alg-view 0 is not Neumann (not for Phase Change + Nested Iters)
+----+----+--------------+--------------+--------------+--------------+--------------+------+----+-+-+--+------+
|Name|view| Initial res  | Initial resL1| Target res   | Final res    | Final res L1 |Visits|Iter|R|F|CL|Status|
|DVGR|   0|  2.325461e-13|  5.331787e-05|  1.453413e-17|  4.271650e-18|  2.776688e-07|     6|  18|0|n|30|  OK  |
PRESSURE SOLVER(geom_index=  0): sum_C_dp=-2.95374e-12
Face Momentum (sd=  0): max value of div(mf) (cv=22139) = 2.789264e-10
	norm_L2 of div(momentum) = 2.066797e-09.
nsd = 0 min_dtHy = 5.27863e-05 (nCV =	46200 ) max_dtHy = 0.0012256 (nCV =	27393 ) 
+----+----+--------------+--------------+--------------+--------------+--------------+------+----+-+-+--+------+
|Name|view| Initial res  | Initial resL1| Target res   | Final res    | Final res L1 |Visits|Iter|R|F|CL|Status|
|CHT |   0|  4.348265e-10|  2.092197e-03|  2.717666e-14|  1.263787e-18|  6.522547e-08|     2|  18|0|n|30|  OK  |
nsd = 0 min_dtke = 3.23892e-05 (nCV =	46180 ) max_dtke = 0.000572995 (nCV =	27319 ) 
+----+----+----+--------------+--------------+--------------+--------------+--------------+------+----+-+-+--+------+
|Name|view| n_y| Initial res  | Initial resL1| Target res   | Final res    | Final res L1 |Visits|Iter|R|F|CL|Status|
+----+----+----+--------------+--------------+--------------+--------------+--------------+------+----+-+-+--+------+
|turb|   0|   0|  5.770790e-12|  8.263541e-05|  1.149547e-20|  5.637398e-23|  3.512650e-10|     3|  18|0|n|30|  OK  |
|turb|   0|   1|  5.966793e-05|  1.937517e-01|  2.936864e-15|  2.188122e-17|  2.390185e-07|     3|  18|0|n|30|  OK  |
Filter: K,E,momentum: sd =   0 isolating K from zero=      5 E from zero=  14334 E from infinity=  13724
slv : Fluid subdom(new) 0
slv : P static (new)                 : min(  46186) = 101324.68205101      , max(   8673) = 101420.79313519      
slv : P_static - Rho*g*h (new)       : min(  46186) = 101324.68394268      , max(   8673) = 101420.81133357      
slv : Density (new)                  : min(  47398) = 1.3300781477758      , max(   8664) = 1.331286841395       
slv : Velocity (new)                 : min(  22387) = 0.0045246249985887   , max(  46152) = 12.675820825375      
slv : Mach number (new)              : min(  22387) = 1.3880672384129e-05  , max(  46152) = 0.038892751903125    
slv : Turbulent k (new)              : min(  13306) = 1e-40                , max(  20391) = 1.8933595159637      
slv : Turbulent e (new)              : min(  13320) = 8.4906307797614e-39  , max(  24019) = 4155.2294725531      
slv : Temperature (new)              : min(  46152) = 293.11259097217      , max(   8673) = 293.21044969415      
slv : Total enthalpy, Y-shifted (new): min(  46770) = -8.3668460298514     , max(   7576) = 12.320011803358      
slv : MASS FLUXES AT OPENINGS: MF=-0.000261058, AP=0.00026106
slv : DvGr statistics: min alpha=0.115197(nfa=88066, geom_slice=0)
slv : +----------------------------------+------------+-------+------------+------------+
slv : |          Collector name          | Total Time | Count |  Avg Time  |  Max Time  |
slv : +----------------------------------+------------+-------+------------+------------+
slv : | Calculate_inc                    |      14.033|     25|       0.561|       0.799|
slv : | CollectEMT_Results               |       0.000|     26|       0.000|       0.000|
slv : | HeatPathCalculator_Dynamic       |       0.017|      1|       0.017|       0.017|
slv : | LiSy_make_portrait               |       0.341|    124|       0.003|       0.016|
slv : | Results_processing               |       1.815|     25|       0.073|       0.092|
slv : | build_sl_ordering_CHT            |       0.015|     26|       0.001|       0.005|
slv : | build_sl_ordering_MDS            |       0.070|     26|       0.003|       0.014|
slv : | build_sl_ordering_fluid          |       0.070|     26|       0.003|       0.014|
slv : | calc_Convolutions_MDS            |       0.453|     26|       0.017|       0.021|
slv : | calc_wall_dist                   |       2.275|      1|       2.275|       2.275|
slv : | create_Gr_operators_MDS          |       0.445|     26|       0.017|       0.024|
slv : | create_Gr_operators_portrait_MDS |       0.132|     26|       0.005|       0.008|
slv : | init_Hy_group_MDS                |       0.247|     26|       0.009|       0.013|
slv : | perform_stage_total              |      14.905|    710|       0.021|       2.275|
slv : | precalc_at_start_MDS             |       1.593|      2|       0.796|       1.564|
slv : | solve_3M_MDS                     |       1.597|     26|       0.061|       0.080|
slv : | solve_3M_alg_MDS                 |       0.884|     26|       0.034|       0.052|
slv : | solve_BG_MDS                     |       1.066|     26|       0.041|       0.061|
slv : | solve_BG_alg_MDS                 |       0.875|     26|       0.034|       0.055|
slv : | solve_BL_MDS                     |       2.579|     26|       0.099|       0.242|
slv : | solve_CHT                        |       0.682|     26|       0.026|       0.035|
slv : | solve_CHT_MDS                    |       0.518|     26|       0.020|       0.027|
slv : | solve_CHT_alg_MDS                |       0.180|     26|       0.007|       0.011|
slv : | solve_DvGr_MDS                   |       3.221|     26|       0.124|       0.207|
slv : | solve_DvGr_alg_MDS               |       1.962|     26|       0.075|       0.161|
slv : | solve_INPR_MDS                   |       0.000|      1|       0.000|       0.000|
slv : | solve_PS+QJ                      |       0.000|      0|       0.000|       0.000|
slv : | solve_YLMA_MDS                   |       0.000|     26|       0.000|       0.000|
slv : | solve_YNOx_MDS                   |       0.000|     26|       0.000|       0.000|
slv : | solve_YTd_MDS                    |       0.001|     26|       0.000|       0.000|
slv : | solve_YTurb_MDS                  |       2.750|     26|       0.106|       0.172|
slv : | solve_YTurb_alg_MDS              |       1.091|     52|       0.021|       0.056|
slv : | update_BC_MDS                    |       0.000|     27|       0.000|       0.000|
slv : | update_Mf_after_DvGr             |       0.260|     26|       0.010|       0.015|
slv : | update_VelPressure_MDS           |       0.079|     26|       0.003|       0.005|
slv : +----------------------------------+------------+-------+------------+------------+
-----------------------------------------------------------------------
Memory Working Set Current = 371.85 Mb, Memory Working Set Peak = 371.85 Mb
Memory Private Bytes Current = 372.93 Mb, Memory Private Bytes Peak = 397.47 Mb
Process Threads Number: 32
-----------------------------------------------------------------------
Algebra Pool      : mem_usage = 189.38 Mb, allocated count = 2158

================== Tstep=26 ===================
nslice = 0; reset pressure calculator:  Rho_ref_grav_new = 1.33099
nslice = 0  P_ref = 101325
nslice = 0  Rho_ref_grav_old = 1.331, Rho_ref_grav_new = 1.33099
 fluid-flow view[  0]: rho_ref_grav_averaged_in_view = 1.3309876832646       
<Dynamic P> on nsd = 0 {openings (inlet / outlet)}:
  (SP = Static Pressure, EP = Environment Pressure, TP = Total Pressure, E = External)
  {#1, SP, (0.000000e+00 / 6.901629e+01)}
  MWS[  0]=0.448161
tau_viscous_averaged = 0.00425399 
dt(mass,momentum; nsd=  0): min dt/dtG(ncv=  46150)=1.00 , max dt/dtG(ncv=  27393)=23.8   , dtG=5.32636e-05
Flow alg-view 0 in phys-view 0 isn't Neumann (not Multi Phase treating)
Face Momentum (sd=  0): max value of div(mf) (cv=22139) = 2.789264e-10
Flow alg-view 0 is not Neumann (not for Phase Change + Nested Iters)
+----+----+--------------+--------------+--------------+--------------+--------------+------+----+-+-+--+------+
|Name|view| Initial res  | Initial resL1| Target res   | Final res    | Final res L1 |Visits|Iter|R|F|CL|Status|
| BG |   0|  4.617295e-18|  2.850149e-07|  1.453413e-19|  5.627741e-20|  3.064334e-08|     7|  21|0|n|30|  OK  |
log10(resTarget_Lim / resTarget_Orig): 2.7 
Face Momentum (sd=  0): max value of div(mf) (cv=39627) = 1.413906e-11
	norm_L2 of div(momentum) = 2.372286e-10.
Flow alg-view 0 in phys-view 0 isn't Neumann (not Multi Phase treating)
LOG: number of a-faces with weighted approximations in 0 subdomain: 9.13645 percent
LOG: Rate of a-faces corrected to CUp1st in 0 subdomain: 1.32041 %
slv : SolveBL stage
|nsd|Real WF|NormalF|Cycle F|CriticF| EdgeF |CyclBrF|ExtParF|RWFnumSt|StLvlNum|  nfw  |  alp_U_min  |  nfw  |  alp_U_max  |  nfw  |  alp_T_min  |  nfw  |  alp_T_max  |  nfw  |  BL_s_min   |  nfw  |   BL_s_max  |
|  0|  12896|  12822|      0|      2|     72|      0|      0|   12896|     122|   2053|0            |   2863|1515.31      |   2764|0            |   9917|70491.6      |  11545|-5.4249      |   2764|0            |
Face Momentum (sd=  0): max value of div(mf) (cv=39627) = 1.413906e-11
	norm_L2 of div(momentum) = 2.372286e-10.
slv : 3m: nsd = 0 
slv :  3m: ROTATION = NO 
slv :  3m: gravity_vector     = {	 0 	 -9.81 	 0	 }  
slv :  3m: gravity_vector_LCS = {	 0 	 -9.81 	 0	 }  
slv :  +----+----+----+--------------+--------------+--------------+--------------+--------------+------+----+-+-+--+------+
|Name|view| n_y| Initial res  | Initial resL1| Target res   | Final res    | Final res L1 |Visits|Iter|R|F|CL|Status|
+----+----+----+--------------+--------------+--------------+--------------+--------------+------+----+-+-+--+------+
| 3M |   0|   0|  4.955871e-11|  1.172074e-03|  1.607900e-16|  1.527351e-17|  2.152186e-07|     2|   6|0|n|29|  OK  |
Velocity (predicted):
        (local) sd   0: min(  22387)=0.0052222057953708   , max(  46152)=12.321722294378      
Flow alg-view 0 is not Neumann (not for Phase Change + Nested Iters)
+----+----+--------------+--------------+--------------+--------------+--------------+------+----+-+-+--+------+
|Name|view| Initial res  | Initial resL1| Target res   | Final res    | Final res L1 |Visits|Iter|R|F|CL|Status|
|DVGR|   0|  2.605568e-13|  5.666504e-05|  1.595956e-17|  5.115404e-18|  3.131627e-07|     6|  18|0|n|30|  OK  |
PRESSURE SOLVER(geom_index=  0): sum_C_dp=-2.0778e-12
Face Momentum (sd=  0): max value of div(mf) (cv=22139) = 2.888001e-10
	norm_L2 of div(momentum) = 2.261727e-09.
nsd = 0 min_dtHy = 5.32661e-05 (nCV =	46200 ) max_dtHy = 0.00127045 (nCV =	27393 ) 
+----+----+--------------+--------------+--------------+--------------+--------------+------+----+-+-+--+------+
|Name|view| Initial res  | Initial resL1| Target res   | Final res    | Final res L1 |Visits|Iter|R|F|CL|Status|
|CHT |   0|  3.804000e-10|  2.060994e-03|  2.377500e-14|  8.587677e-19|  5.502833e-08|     2|  18|0|n|30|  OK  |
nsd = 0 min_dtke = 3.24824e-05 (nCV =	46200 ) max_dtke = 0.000584794 (nCV =	27319 ) 
+----+----+----+--------------+--------------+--------------+--------------+--------------+------+----+-+-+--+------+
|Name|view| n_y| Initial res  | Initial resL1| Target res   | Final res    | Final res L1 |Visits|Iter|R|F|CL|Status|
+----+----+----+--------------+--------------+--------------+--------------+--------------+------+----+-+-+--+------+
|turb|   0|   0|  5.618751e-12|  7.877017e-05|  9.787117e-21|  3.831304e-23|  3.145179e-10|     3|  18|0|n|30|  OK  |
|turb|   0|   1|  6.109647e-05|  1.864408e-01|  2.313658e-15|  2.123168e-17|  2.462430e-07|     3|  18|0|n|30|  OK  |
Filter: K,E,momentum: sd =   0 isolating K from zero=      8 E from zero=  14495 E from infinity=  14104
slv : Fluid subdom(new) 0
slv : P static (new)                 : min(  46118) = 101324.67274566      , max(   8673) = 101420.50224782      
slv : P_static - Rho*g*h (new)       : min(  46118) = 101324.67463732      , max(   8673) = 101420.52044608      
slv : Density (new)                  : min(  47398) = 1.3300779222325      , max(   8664) = 1.3312793125688      
slv : Velocity (new)                 : min(  22387) = 0.0044841048873427   , max(  46152) = 12.320151598938      
slv : Mach number (new)              : min(  22387) = 1.3756364969926e-05  , max(  46152) = 0.037801158786305    
slv : Turbulent k (new)              : min(  13450) = 1e-40                , max(  20391) = 1.9462661379842      
slv : Turbulent e (new)              : min(  34350) = 5.2963958118021e-39  , max(  23590) = 4200.2886080591      
slv : Temperature (new)              : min(  46152) = 293.11734430672      , max(   8673) = 293.21083512999      
slv : Total enthalpy, Y-shifted (new): min(  46770) = -8.6314298872165     , max(   7576) = 12.320219429877      
slv : MASS FLUXES AT OPENINGS: MF=-0.000261048, AP=0.00026105
slv : DvGr statistics: min alpha=0.115053(nfa=88066, geom_slice=0)
slv : +----------------------------------+------------+-------+------------+------------+
slv : |          Collector name          | Total Time | Count |  Avg Time  |  Max Time  |
slv : +----------------------------------+------------+-------+------------+------------+
slv : | Calculate_inc                    |      14.576|     26|       0.561|       0.799|
slv : | CollectEMT_Results               |       0.000|     27|       0.000|       0.000|
slv : | HeatPathCalculator_Dynamic       |       0.017|      1|       0.017|       0.017|
slv : | LiSy_make_portrait               |       0.351|    128|       0.003|       0.016|
slv : | Results_processing               |       1.885|     26|       0.073|       0.092|
slv : | build_sl_ordering_CHT            |       0.015|     27|       0.001|       0.005|
slv : | build_sl_ordering_MDS            |       0.071|     27|       0.003|       0.014|
slv : | build_sl_ordering_fluid          |       0.070|     27|       0.003|       0.014|
slv : | calc_Convolutions_MDS            |       0.472|     27|       0.017|       0.021|
slv : | calc_wall_dist                   |       2.275|      1|       2.275|       2.275|
slv : | create_Gr_operators_MDS          |       0.463|     27|       0.017|       0.024|
slv : | create_Gr_operators_portrait_MDS |       0.138|     27|       0.005|       0.008|
slv : | init_Hy_group_MDS                |       0.255|     27|       0.009|       0.013|
slv : | perform_stage_total              |      15.407|    737|       0.021|       2.275|
slv : | precalc_at_start_MDS             |       1.593|      2|       0.796|       1.564|
slv : | solve_3M_MDS                     |       1.667|     27|       0.062|       0.080|
slv : | solve_3M_alg_MDS                 |       0.920|     27|       0.034|       0.052|
slv : | solve_BG_MDS                     |       1.102|     27|       0.041|       0.061|
slv : | solve_BG_alg_MDS                 |       0.904|     27|       0.033|       0.055|
slv : | solve_BL_MDS                     |       2.679|     27|       0.099|       0.242|
slv : | solve_CHT                        |       0.712|     27|       0.026|       0.035|
slv : | solve_CHT_MDS                    |       0.543|     27|       0.020|       0.027|
slv : | solve_CHT_alg_MDS                |       0.191|     27|       0.007|       0.011|
slv : | solve_DvGr_MDS                   |       3.326|     27|       0.123|       0.207|
slv : | solve_DvGr_alg_MDS               |       2.022|     27|       0.075|       0.161|
slv : | solve_INPR_MDS                   |       0.000|      1|       0.000|       0.000|
slv : | solve_PS+QJ                      |       0.000|      0|       0.000|       0.000|
slv : | solve_YLMA_MDS                   |       0.000|     27|       0.000|       0.000|
slv : | solve_YNOx_MDS                   |       0.000|     27|       0.000|       0.000|
slv : | solve_YTd_MDS                    |       0.001|     27|       0.000|       0.000|
slv : | solve_YTurb_MDS                  |       2.891|     27|       0.107|       0.172|
slv : | solve_YTurb_alg_MDS              |       1.166|     54|       0.022|       0.056|
slv : | update_BC_MDS                    |       0.000|     28|       0.000|       0.000|
slv : | update_Mf_after_DvGr             |       0.268|     27|       0.010|       0.015|
slv : | update_VelPressure_MDS           |       0.081|     27|       0.003|       0.005|
slv : +----------------------------------+------------+-------+------------+------------+
-----------------------------------------------------------------------
Memory Working Set Current = 371.84 Mb, Memory Working Set Peak = 371.85 Mb
Memory Private Bytes Current = 397.47 Mb, Memory Private Bytes Peak = 397.47 Mb
Process Threads Number: 32
-----------------------------------------------------------------------
Algebra Pool      : mem_usage = 189.38 Mb, allocated count = 2158

================== Tstep=27 ===================
nslice = 0; reset pressure calculator:  Rho_ref_grav_new = 1.33098
nslice = 0  P_ref = 101325
nslice = 0  Rho_ref_grav_old = 1.33099, Rho_ref_grav_new = 1.33098
 fluid-flow view[  0]: rho_ref_grav_averaged_in_view = 1.33098096035         
<Dynamic P> on nsd = 0 {openings (inlet / outlet)}:
  (SP = Static Pressure, EP = Environment Pressure, TP = Total Pressure, E = External)
  {#1, SP, (0.000000e+00 / 6.906879e+01)}
  MWS[  0]=0.435586
tau_viscous_averaged = 0.00425616 
dt(mass,momentum; nsd=  0): min dt/dtG(ncv=  46178)=1.00 , max dt/dtG(ncv=  27393)=24.2   , dtG=5.36961e-05
Flow alg-view 0 in phys-view 0 isn't Neumann (not Multi Phase treating)
Face Momentum (sd=  0): max value of div(mf) (cv=22139) = 2.888001e-10
Flow alg-view 0 is not Neumann (not for Phase Change + Nested Iters)
+----+----+--------------+--------------+--------------+--------------+--------------+------+----+-+-+--+------+
|Name|view| Initial res  | Initial resL1| Target res   | Final res    | Final res L1 |Visits|Iter|R|F|CL|Status|
| BG |   0|  5.436515e-18|  3.203492e-07|  1.595956e-19|  5.030487e-20|  3.064223e-08|     7|  21|0|n|30|  OK  |
log10(resTarget_Lim / resTarget_Orig): 2.7 
Face Momentum (sd=  0): max value of div(mf) (cv=39627) = 1.439538e-11
	norm_L2 of div(momentum) = 2.242875e-10.
Flow alg-view 0 in phys-view 0 isn't Neumann (not Multi Phase treating)
LOG: number of a-faces with weighted approximations in 0 subdomain: 8.97612 percent
LOG: Rate of a-faces corrected to CUp1st in 0 subdomain: 1.26334 %
slv : SolveBL stage
|nsd|Real WF|NormalF|Cycle F|CriticF| EdgeF |CyclBrF|ExtParF|RWFnumSt|StLvlNum|  nfw  |  alp_U_min  |  nfw  |  alp_U_max  |  nfw  |  alp_T_min  |  nfw  |  alp_T_max  |  nfw  |  BL_s_min   |  nfw  |   BL_s_max  |
|  0|  12896|  12822|      0|      2|     72|      0|      0|   12896|     122|   2053|0            |   2863|3124.15      |   2765|0            |   7151|129869       |  11545|-5.42334     |   2765|0            |
Face Momentum (sd=  0): max value of div(mf) (cv=39627) = 1.439538e-11
	norm_L2 of div(momentum) = 2.242875e-10.
slv : 3m: nsd = 0 
slv :  3m: ROTATION = NO 
slv :  3m: gravity_vector     = {	 0 	 -9.81 	 0	 }  
slv :  3m: gravity_vector_LCS = {	 0 	 -9.81 	 0	 }  
slv :  +----+----+----+--------------+--------------+--------------+--------------+--------------+------+----+-+-+--+------+
|Name|view| n_y| Initial res  | Initial resL1| Target res   | Final res    | Final res L1 |Visits|Iter|R|F|CL|Status|
+----+----+----+--------------+--------------+--------------+--------------+--------------+------+----+-+-+--+------+
| 3M |   0|   0|  3.602158e-11|  1.050362e-03|  1.509011e-16|  9.512545e-18|  1.712723e-07|     2|   6|0|n|29|  OK  |
Velocity (predicted):
        (local) sd   0: min(  27794)=0.0061253814249984   , max(  45658)=12.192710191889      
Flow alg-view 0 is not Neumann (not for Phase Change + Nested Iters)
+----+----+--------------+--------------+--------------+--------------+--------------+------+----+-+-+--+------+
|Name|view| Initial res  | Initial resL1| Target res   | Final res    | Final res L1 |Visits|Iter|R|F|CL|Status|
|DVGR|   0|  2.811694e-13|  5.522691e-05|  1.471872e-17|  3.788505e-18|  2.758506e-07|     6|  18|0|n|30|  OK  |
PRESSURE SOLVER(geom_index=  0): sum_C_dp=-1.0989e-12
Face Momentum (sd=  0): max value of div(mf) (cv=22139) = 2.007557e-10
	norm_L2 of div(momentum) = 1.946409e-09.
nsd = 0 min_dtHy = 5.36987e-05 (nCV =	46214 ) max_dtHy = 0.00130043 (nCV =	27393 ) 
+----+----+--------------+--------------+--------------+--------------+--------------+------+----+-+-+--+------+
|Name|view| Initial res  | Initial resL1| Target res   | Final res    | Final res L1 |Visits|Iter|R|F|CL|Status|
|CHT |   0|  3.558077e-10|  2.031671e-03|  2.223798e-14|  7.084546e-19|  5.002179e-08|     2|  18|0|n|30|  OK  |
nsd = 0 min_dtke = 3.254e-05 (nCV =	46200 ) max_dtke = 0.000592798 (nCV =	27401 ) 
+----+----+----+--------------+--------------+--------------+--------------+--------------+------+----+-+-+--+------+
|Name|view| n_y| Initial res  | Initial resL1| Target res   | Final res    | Final res L1 |Visits|Iter|R|F|CL|Status|
+----+----+----+--------------+--------------+--------------+--------------+--------------+------+----+-+-+--+------+
|turb|   0|   0|  5.619825e-12|  7.538285e-05|  8.697743e-21|  2.806626e-23|  2.783825e-10|     3|  18|0|n|30|  OK  |
|turb|   0|   1|  6.444846e-05|  1.801841e-01|  1.942780e-15|  2.206042e-17|  2.461567e-07|     3|  18|0|n|30|  OK  |
Filter: K,E,momentum: sd =   0 isolating K from zero=      9 E from zero=  14692 E from infinity=  14747
slv : Fluid subdom(new) 0
slv : P static (new)                 : min(  46118) = 101324.67768378      , max(   8673) = 101420.38494928      
slv : P_static - Rho*g*h (new)       : min(  46118) = 101324.67957544      , max(   8673) = 101420.40314744      
slv : Density (new)                  : min(  47398) = 1.3300794933233      , max(   8664) = 1.3312738748846      
slv : Velocity (new)                 : min(  22442) = 0.0063408030424445   , max(  45657) = 12.187264400006      
slv : Mach number (new)              : min(  22442) = 1.9452357736437e-05  , max(  45657) = 0.037393301208557    
slv : Turbulent k (new)              : min(  13934) = 1e-40                , max(  20391) = 1.9518736430748      
slv : Turbulent e (new)              : min(  13961) = 5.9316923146787e-39  , max(  23590) = 4449.6648412571      
slv : Temperature (new)              : min(  45657) = 293.11935189762      , max(   8673) = 293.21099783456      
slv : Total enthalpy, Y-shifted (new): min(  46770) = -8.8419330650664     , max(   7576) = 12.320299890588      
slv : MASS FLUXES AT OPENINGS: MF=-0.000261038, AP=0.00026104
slv : DvGr statistics: min alpha=0.114913(nfa=88066, geom_slice=0)
slv : +----------------------------------+------------+-------+------------+------------+
slv : |          Collector name          | Total Time | Count |  Avg Time  |  Max Time  |
slv : +----------------------------------+------------+-------+------------+------------+
slv : | Calculate_inc                    |      15.157|     27|       0.561|       0.799|
slv : | CollectEMT_Results               |       0.000|     28|       0.000|       0.000|
slv : | HeatPathCalculator_Dynamic       |       0.017|      1|       0.017|       0.017|
slv : | LiSy_make_portrait               |       0.361|    132|       0.003|       0.016|
slv : | Results_processing               |       1.947|     27|       0.072|       0.092|
slv : | build_sl_ordering_CHT            |       0.015|     28|       0.001|       0.005|
slv : | build_sl_ordering_MDS            |       0.071|     28|       0.003|       0.014|
slv : | build_sl_ordering_fluid          |       0.070|     28|       0.003|       0.014|
slv : | calc_Convolutions_MDS            |       0.488|     28|       0.017|       0.021|
slv : | calc_wall_dist                   |       2.275|      1|       2.275|       2.275|
slv : | create_Gr_operators_MDS          |       0.478|     28|       0.017|       0.024|
slv : | create_Gr_operators_portrait_MDS |       0.143|     28|       0.005|       0.008|
slv : | init_Hy_group_MDS                |       0.263|     28|       0.009|       0.013|
slv : | perform_stage_total              |      15.883|    764|       0.021|       2.275|
slv : | precalc_at_start_MDS             |       1.593|      2|       0.796|       1.564|
slv : | solve_3M_MDS                     |       1.726|     28|       0.062|       0.080|
slv : | solve_3M_alg_MDS                 |       0.955|     28|       0.034|       0.052|
slv : | solve_BG_MDS                     |       1.135|     28|       0.041|       0.061|
slv : | solve_BG_alg_MDS                 |       0.929|     28|       0.033|       0.055|
slv : | solve_BL_MDS                     |       2.773|     28|       0.099|       0.242|
slv : | solve_CHT                        |       0.740|     28|       0.026|       0.035|
slv : | solve_CHT_MDS                    |       0.565|     28|       0.020|       0.027|
slv : | solve_CHT_alg_MDS                |       0.202|     28|       0.007|       0.011|
slv : | solve_DvGr_MDS                   |       3.430|     28|       0.122|       0.207|
slv : | solve_DvGr_alg_MDS               |       2.081|     28|       0.074|       0.161|
slv : | solve_INPR_MDS                   |       0.000|      1|       0.000|       0.000|
slv : | solve_PS+QJ                      |       0.000|      0|       0.000|       0.000|
slv : | solve_YLMA_MDS                   |       0.000|     28|       0.000|       0.000|
slv : | solve_YNOx_MDS                   |       0.000|     28|       0.000|       0.000|
slv : | solve_YTd_MDS                    |       0.001|     28|       0.000|       0.000|
slv : | solve_YTurb_MDS                  |       3.032|     28|       0.108|       0.172|
slv : | solve_YTurb_alg_MDS              |       1.241|     56|       0.022|       0.056|
slv : | update_BC_MDS                    |       0.000|     29|       0.000|       0.000|
slv : | update_Mf_after_DvGr             |       0.275|     28|       0.010|       0.015|
slv : | update_VelPressure_MDS           |       0.084|     28|       0.003|       0.005|
slv : +----------------------------------+------------+-------+------------+------------+
-----------------------------------------------------------------------
Memory Working Set Current = 371.86 Mb, Memory Working Set Peak = 371.86 Mb
Memory Private Bytes Current = 397.47 Mb, Memory Private Bytes Peak = 397.47 Mb
Process Threads Number: 32
-----------------------------------------------------------------------
Algebra Pool      : mem_usage = 189.38 Mb, allocated count = 2155

================== Tstep=28 ===================
nslice = 0; reset pressure calculator:  Rho_ref_grav_new = 1.33098
nslice = 0  P_ref = 101325
nslice = 0  Rho_ref_grav_old = 1.33098, Rho_ref_grav_new = 1.33098
 fluid-flow view[  0]: rho_ref_grav_averaged_in_view = 1.3309769078827       
<Dynamic P> on nsd = 0 {openings (inlet / outlet)}:
  (SP = Static Pressure, EP = Environment Pressure, TP = Total Pressure, E = External)
  {#1, SP, (0.000000e+00 / 6.918319e+01)}
  MWS[  0]=0.430888
tau_viscous_averaged = 0.00425932 
dt(mass,momentum; nsd=  0): min dt/dtG(ncv=  46064)=1.00 , max dt/dtG(ncv=  27393)=24.3   , dtG=5.39463e-05
Flow alg-view 0 in phys-view 0 isn't Neumann (not Multi Phase treating)
Face Momentum (sd=  0): max value of div(mf) (cv=22139) = 2.007557e-10
Flow alg-view 0 is not Neumann (not for Phase Change + Nested Iters)
+----+----+--------------+--------------+--------------+--------------+--------------+------+----+-+-+--+------+
|Name|view| Initial res  | Initial resL1| Target res   | Final res    | Final res L1 |Visits|Iter|R|F|CL|Status|
| BG |   0|  4.097901e-18|  2.832947e-07|  1.471872e-19|  1.422670e-19|  5.271233e-08|     6|  18|0|n|30|  OK  |
log10(resTarget_Lim / resTarget_Orig): 2.8 
Face Momentum (sd=  0): max value of div(mf) (cv=39627) = 2.842716e-11
	norm_L2 of div(momentum) = 3.771829e-10.
Flow alg-view 0 in phys-view 0 isn't Neumann (not Multi Phase treating)
LOG: number of a-faces with weighted approximations in 0 subdomain: 8.91627 percent
LOG: Rate of a-faces corrected to CUp1st in 0 subdomain: 1.26678 %
slv : SolveBL stage
|nsd|Real WF|NormalF|Cycle F|CriticF| EdgeF |CyclBrF|ExtParF|RWFnumSt|StLvlNum|  nfw  |  alp_U_min  |  nfw  |  alp_U_max  |  nfw  |  alp_T_min  |  nfw  |  alp_T_max  |  nfw  |  BL_s_min   |  nfw  |   BL_s_max  |
|  0|  12896|  12822|      0|      2|     72|      0|      0|   12896|     122|   2053|0            |   2863|11602.8      |   2765|0            |   7944|69389.5      |  11545|-5.37149     |   2765|0            |
Face Momentum (sd=  0): max value of div(mf) (cv=39627) = 2.842716e-11
	norm_L2 of div(momentum) = 3.771829e-10.
slv : 3m: nsd = 0 
slv :  3m: ROTATION = NO 
slv :  3m: gravity_vector     = {	 0 	 -9.81 	 0	 }  
slv :  3m: gravity_vector_LCS = {	 0 	 -9.81 	 0	 }  
slv :  +----+----+----+--------------+--------------+--------------+--------------+--------------+------+----+-+-+--+------+
|Name|view| n_y| Initial res  | Initial resL1| Target res   | Final res    | Final res L1 |Visits|Iter|R|F|CL|Status|
+----+----+----+--------------+--------------+--------------+--------------+--------------+------+----+-+-+--+------+
| 3M |   0|   0|  2.680525e-11|  9.425612e-04|  1.469586e-16|  5.695701e-18|  1.342711e-07|     2|   6|0|n|29|  OK  |
Velocity (predicted):
        (local) sd   0: min(  12199)=0.001126027092379    , max(  45664)=12.154757454096      
Flow alg-view 0 is not Neumann (not for Phase Change + Nested Iters)
+----+----+--------------+--------------+--------------+--------------+--------------+------+----+-+-+--+------+
|Name|view| Initial res  | Initial resL1| Target res   | Final res    | Final res L1 |Visits|Iter|R|F|CL|Status|
|DVGR|   0|  2.798736e-13|  5.163381e-05|  1.437019e-17|  1.069781e-17|  4.590897e-07|     5|  15|0|n|30|  OK  |
PRESSURE SOLVER(geom_index=  0): sum_C_dp=-4.11065e-13
Face Momentum (sd=  0): max value of div(mf) (cv=22380) = 2.878734e-10
	norm_L2 of div(momentum) = 3.270752e-09.
nsd = 0 min_dtHy = 5.39489e-05 (nCV =	46064 ) max_dtHy = 0.0013117 (nCV =	27393 ) 
+----+----+--------------+--------------+--------------+--------------+--------------+------+----+-+-+--+------+
|Name|view| Initial res  | Initial resL1| Target res   | Final res    | Final res L1 |Visits|Iter|R|F|CL|Status|
|CHT |   0|  3.595394e-10|  2.005824e-03|  2.247121e-14|  6.627839e-19|  4.778379e-08|     2|  18|0|n|30|  OK  |
nsd = 0 min_dtke = 3.25019e-05 (nCV =	46180 ) max_dtke = 0.000609236 (nCV =	27355 ) 
+----+----+----+--------------+--------------+--------------+--------------+--------------+------+----+-+-+--+------+
|Name|view| n_y| Initial res  | Initial resL1| Target res   | Final res    | Final res L1 |Visits|Iter|R|F|CL|Status|
+----+----+----+--------------+--------------+--------------+--------------+--------------+------+----+-+-+--+------+
|turb|   0|   0|  5.643446e-12|  7.264115e-05|  8.306121e-21|  2.880811e-23|  2.724006e-10|     3|  18|0|n|30|  OK  |
|turb|   0|   1|  6.720738e-05|  1.748985e-01|  1.815806e-15|  2.627786e-17|  2.562346e-07|     3|  18|0|n|30|  OK  |
Filter: K,E,momentum: sd =   0 isolating K from zero=      4 E from zero=  14844 E from infinity=  15599
slv : Fluid subdom(new) 0
slv : P static (new)                 : min(  46118) = 101324.70964626      , max(   8670) = 101420.37573712      
slv : P_static - Rho*g*h (new)       : min(  46118) = 101324.71153791      , max(   8670) = 101420.39394175      
slv : Density (new)                  : min(  47398) = 1.3300800092832      , max(   8664) = 1.3312691945632      
slv : Velocity (new)                 : min(  12199) = 0.00094961032867987  , max(  45666) = 12.146171623264      
slv : Mach number (new)              : min(  12199) = 2.913223198924e-06   , max(  45666) = 0.037267184072287    
slv : Turbulent k (new)              : min(   7747) = 1e-40                , max(  20391) = 1.9288074672112      
slv : Turbulent e (new)              : min(   7831) = 6.0689938409017e-40  , max(  23590) = 4733.226087525       
slv : Temperature (new)              : min(  45666) = 293.11990493658      , max(   8673) = 293.21106716594      
slv : Total enthalpy, Y-shifted (new): min(  46770) = -9.0051600386816     , max(   7576) = 12.320329902326      
slv : MASS FLUXES AT OPENINGS: MF=-0.000261029, AP=0.000261032
slv : DvGr statistics: min alpha=0.114769(nfa=88066, geom_slice=0)
slv : +----------------------------------+------------+-------+------------+------------+
slv : |          Collector name          | Total Time | Count |  Avg Time  |  Max Time  |
slv : +----------------------------------+------------+-------+------------+------------+
slv : | Calculate_inc                    |      15.708|     28|       0.561|       0.799|
slv : | CollectEMT_Results               |       0.000|     29|       0.000|       0.000|
slv : | HeatPathCalculator_Dynamic       |       0.017|      1|       0.017|       0.017|
slv : | LiSy_make_portrait               |       0.372|    136|       0.003|       0.016|
slv : | Results_processing               |       2.029|     28|       0.072|       0.092|
slv : | build_sl_ordering_CHT            |       0.015|     29|       0.001|       0.005|
slv : | build_sl_ordering_MDS            |       0.071|     29|       0.002|       0.014|
slv : | build_sl_ordering_fluid          |       0.070|     29|       0.002|       0.014|
slv : | calc_Convolutions_MDS            |       0.505|     29|       0.017|       0.021|
slv : | calc_wall_dist                   |       2.275|      1|       2.275|       2.275|
slv : | create_Gr_operators_MDS          |       0.494|     29|       0.017|       0.024|
slv : | create_Gr_operators_portrait_MDS |       0.148|     29|       0.005|       0.008|
slv : | init_Hy_group_MDS                |       0.272|     29|       0.009|       0.013|
slv : | perform_stage_total              |      16.340|    791|       0.021|       2.275|
slv : | precalc_at_start_MDS             |       1.593|      2|       0.796|       1.564|
slv : | solve_3M_MDS                     |       1.784|     29|       0.062|       0.080|
slv : | solve_3M_alg_MDS                 |       0.988|     29|       0.034|       0.052|
slv : | solve_BG_MDS                     |       1.165|     29|       0.040|       0.061|
slv : | solve_BG_alg_MDS                 |       0.952|     29|       0.033|       0.055|
slv : | solve_BL_MDS                     |       2.866|     29|       0.099|       0.242|
slv : | solve_CHT                        |       0.766|     29|       0.026|       0.035|
slv : | solve_CHT_MDS                    |       0.586|     29|       0.020|       0.027|
slv : | solve_CHT_alg_MDS                |       0.211|     29|       0.007|       0.011|
slv : | solve_DvGr_MDS                   |       3.527|     29|       0.122|       0.207|
slv : | solve_DvGr_alg_MDS               |       2.133|     29|       0.074|       0.161|
slv : | solve_INPR_MDS                   |       0.000|      1|       0.000|       0.000|
slv : | solve_PS+QJ                      |       0.000|      0|       0.000|       0.000|
slv : | solve_YLMA_MDS                   |       0.000|     29|       0.000|       0.000|
slv : | solve_YNOx_MDS                   |       0.000|     29|       0.000|       0.000|
slv : | solve_YTd_MDS                    |       0.001|     29|       0.000|       0.000|
slv : | solve_YTurb_MDS                  |       3.165|     29|       0.109|       0.172|
slv : | solve_YTurb_alg_MDS              |       1.315|     58|       0.023|       0.056|
slv : | update_BC_MDS                    |       0.000|     30|       0.000|       0.000|
slv : | update_Mf_after_DvGr             |       0.283|     29|       0.010|       0.015|
slv : | update_VelPressure_MDS           |       0.087|     29|       0.003|       0.005|
slv : +----------------------------------+------------+-------+------------+------------+
-----------------------------------------------------------------------
Memory Working Set Current = 371.85 Mb, Memory Working Set Peak = 371.86 Mb
Memory Private Bytes Current = 385.20 Mb, Memory Private Bytes Peak = 397.47 Mb
Process Threads Number: 32
-----------------------------------------------------------------------
Algebra Pool      : mem_usage = 189.38 Mb, allocated count = 2158

================== Tstep=29 ===================
nslice = 0; reset pressure calculator:  Rho_ref_grav_new = 1.33097
nslice = 0  P_ref = 101325
nslice = 0  Rho_ref_grav_old = 1.33098, Rho_ref_grav_new = 1.33097
 fluid-flow view[  0]: rho_ref_grav_averaged_in_view = 1.3309746708568       
<Dynamic P> on nsd = 0 {openings (inlet / outlet)}:
  (SP = Static Pressure, EP = Environment Pressure, TP = Total Pressure, E = External)
  {#1, SP, (0.000000e+00 / 6.934309e+01)}
  MWS[  0]=0.429435
tau_viscous_averaged = 0.00426222 
dt(mass,momentum; nsd=  0): min dt/dtG(ncv=  46066)=1.00 , max dt/dtG(ncv=  27393)=24.4   , dtG=5.37128e-05
Flow alg-view 0 in phys-view 0 isn't Neumann (not Multi Phase treating)
Face Momentum (sd=  0): max value of div(mf) (cv=22380) = 2.878734e-10
Flow alg-view 0 is not Neumann (not for Phase Change + Nested Iters)
+----+----+--------------+--------------+--------------+--------------+--------------+------+----+-+-+--+------+
|Name|view| Initial res  | Initial resL1| Target res   | Final res    | Final res L1 |Visits|Iter|R|F|CL|Status|
| BG |   0|  1.096891e-17|  4.659241e-07|  1.437019e-19|  6.682112e-20|  3.792244e-08|     7|  21|0|n|30|  OK  |
log10(resTarget_Lim / resTarget_Orig): 2.3 
Face Momentum (sd=  0): max value of div(mf) (cv=39627) = 1.709004e-11
	norm_L2 of div(momentum) = 2.584978e-10.
Flow alg-view 0 in phys-view 0 isn't Neumann (not Multi Phase treating)
LOG: number of a-faces with weighted approximations in 0 subdomain: 8.8215 percent
LOG: Rate of a-faces corrected to CUp1st in 0 subdomain: 1.19977 %
slv : SolveBL stage
|nsd|Real WF|NormalF|Cycle F|CriticF| EdgeF |CyclBrF|ExtParF|RWFnumSt|StLvlNum|  nfw  |  alp_U_min  |  nfw  |  alp_U_max  |  nfw  |  alp_T_min  |  nfw  |  alp_T_max  |  nfw  |  BL_s_min   |  nfw  |   BL_s_max  |
|  0|  12896|  12822|      0|      2|     72|      0|      0|   12896|     122|   2053|0            |   2877|1956.89      |   2766|0            |   7483|20489.6      |  11545|-5.33431     |   2766|0            |
Face Momentum (sd=  0): max value of div(mf) (cv=39627) = 1.709004e-11
	norm_L2 of div(momentum) = 2.584978e-10.
slv : 3m: nsd = 0 
slv :  3m: ROTATION = NO 
slv :  3m: gravity_vector     = {	 0 	 -9.81 	 0	 }  
slv :  3m: gravity_vector_LCS = {	 0 	 -9.81 	 0	 }  
slv :  +----+----+----+--------------+--------------+--------------+--------------+--------------+------+----+-+-+--+------+
|Name|view| n_y| Initial res  | Initial resL1| Target res   | Final res    | Final res L1 |Visits|Iter|R|F|CL|Status|
+----+----+----+--------------+--------------+--------------+--------------+--------------+------+----+-+-+--+------+
| 3M |   0|   0|  2.036587e-11|  8.464400e-04|  1.454067e-16|  3.567279e-18|  1.066967e-07|     2|   6|0|n|29|  OK  |
Velocity (predicted):
        (local) sd   0: min(  21505)=0.0069047224613381   , max(  45714)=12.126679412157      
Flow alg-view 0 is not Neumann (not for Phase Change + Nested Iters)
+----+----+--------------+--------------+--------------+--------------+--------------+------+----+-+-+--+------+
|Name|view| Initial res  | Initial resL1| Target res   | Final res    | Final res L1 |Visits|Iter|R|F|CL|Status|
|DVGR|   0|  2.512156e-13|  4.808911e-05|  1.435706e-17|  7.755231e-18|  3.907120e-07|     5|  15|0|n|30|  OK  |
PRESSURE SOLVER(geom_index=  0): sum_C_dp=1.90888e-13
Face Momentum (sd=  0): max value of div(mf) (cv=22380) = 2.403202e-10
	norm_L2 of div(momentum) = 2.784823e-09.
nsd = 0 min_dtHy = 5.37154e-05 (nCV =	46066 ) max_dtHy = 0.00131222 (nCV =	27393 ) 
+----+----+--------------+--------------+--------------+--------------+--------------+------+----+-+-+--+------+
|Name|view| Initial res  | Initial resL1| Target res   | Final res    | Final res L1 |Visits|Iter|R|F|CL|Status|
|CHT |   0|  3.935786e-10|  1.981890e-03|  2.459866e-14|  6.688519e-19|  4.709665e-08|     2|  18|0|n|30|  OK  |
nsd = 0 min_dtke = 3.24024e-05 (nCV =	46180 ) max_dtke = 0.000620975 (nCV =	27355 ) 
+----+----+----+--------------+--------------+--------------+--------------+--------------+------+----+-+-+--+------+
|Name|view| n_y| Initial res  | Initial resL1| Target res   | Final res    | Final res L1 |Visits|Iter|R|F|CL|Status|
+----+----+----+--------------+--------------+--------------+--------------+--------------+------+----+-+-+--+------+
|turb|   0|   0|  5.630107e-12|  7.005619e-05|  8.183550e-21|  2.983460e-23|  2.721716e-10|     3|  18|0|n|30|  OK  |
|turb|   0|   1|  6.884815e-05|  1.680012e-01|  1.777297e-15|  3.150293e-17|  2.679021e-07|     3|  18|0|n|30|  OK  |
Filter: K,E,momentum: sd =   0 isolating K from zero=      7 E from zero=  15154 E from infinity=  16371
slv : Fluid subdom(new) 0
slv : P static (new)                 : min(  46118) = 101324.7645626       , max(   8670) = 101420.47523602      
slv : P_static - Rho*g*h (new)       : min(  46118) = 101324.76645425      , max(   8670) = 101420.49344062      
slv : Density (new)                  : min(  47398) = 1.3300803003014      , max(   8664) = 1.3312660223861      
slv : Velocity (new)                 : min(  22383) = 0.0039471095104315   , max(  45715) = 12.115398578437      
slv : Mach number (new)              : min(  22383) = 1.2108969165795e-05  , max(  45715) = 0.037172739121395    
slv : Turbulent k (new)              : min(   7747) = 1e-40                , max(  20369) = 1.8930572309447      
slv : Turbulent e (new)              : min(   7814) = 4.9229508053968e-40  , max(  23590) = 5005.6947761202      
slv : Temperature (new)              : min(  45715) = 293.1203203929       , max(   8673) = 293.21110015895      
slv : Total enthalpy, Y-shifted (new): min(  35783) = -9.4425632471848     , max(   7576) = 12.320341234816      
slv : MASS FLUXES AT OPENINGS: MF=-0.000261021, AP=0.000261023
slv : DvGr statistics: min alpha=0.114644(nfa=88066, geom_slice=0)
slv : +----------------------------------+------------+-------+------------+------------+
slv : |          Collector name          | Total Time | Count |  Avg Time  |  Max Time  |
slv : +----------------------------------+------------+-------+------------+------------+
slv : | Calculate_inc                    |      16.236|     29|       0.560|       0.799|
slv : | CollectEMT_Results               |       0.000|     30|       0.000|       0.000|
slv : | HeatPathCalculator_Dynamic       |       0.017|      1|       0.017|       0.017|
slv : | LiSy_make_portrait               |       0.384|    141|       0.003|       0.016|
slv : | Results_processing               |       2.098|     29|       0.072|       0.092|
slv : | build_sl_ordering_CHT            |       0.016|     30|       0.001|       0.005|
slv : | build_sl_ordering_MDS            |       0.080|     30|       0.003|       0.014|
slv : | build_sl_ordering_fluid          |       0.079|     30|       0.003|       0.014|
slv : | calc_Convolutions_MDS            |       0.522|     30|       0.017|       0.021|
slv : | calc_wall_dist                   |       2.275|      1|       2.275|       2.275|
slv : | create_Gr_operators_MDS          |       0.509|     30|       0.017|       0.024|
slv : | create_Gr_operators_portrait_MDS |       0.152|     30|       0.005|       0.008|
slv : | init_Hy_group_MDS                |       0.281|     30|       0.009|       0.013|
slv : | perform_stage_total              |      16.818|    818|       0.021|       2.275|
slv : | precalc_at_start_MDS             |       1.593|      2|       0.796|       1.564|
slv : | solve_3M_MDS                     |       1.844|     30|       0.061|       0.080|
slv : | solve_3M_alg_MDS                 |       1.023|     30|       0.034|       0.052|
slv : | solve_BG_MDS                     |       1.198|     30|       0.040|       0.061|
slv : | solve_BG_alg_MDS                 |       0.979|     30|       0.033|       0.055|
slv : | solve_BL_MDS                     |       2.959|     30|       0.099|       0.242|
slv : | solve_CHT                        |       0.796|     30|       0.027|       0.035|
slv : | solve_CHT_MDS                    |       0.611|     30|       0.020|       0.027|
slv : | solve_CHT_alg_MDS                |       0.222|     30|       0.007|       0.011|
slv : | solve_DvGr_MDS                   |       3.627|     30|       0.121|       0.207|
slv : | solve_DvGr_alg_MDS               |       2.187|     30|       0.073|       0.161|
slv : | solve_INPR_MDS                   |       0.000|      1|       0.000|       0.000|
slv : | solve_PS+QJ                      |       0.000|      0|       0.000|       0.000|
slv : | solve_YLMA_MDS                   |       0.000|     30|       0.000|       0.000|
slv : | solve_YNOx_MDS                   |       0.000|     30|       0.000|       0.000|
slv : | solve_YTd_MDS                    |       0.001|     30|       0.000|       0.000|
slv : | solve_YTurb_MDS                  |       3.303|     30|       0.110|       0.172|
slv : | solve_YTurb_alg_MDS              |       1.390|     60|       0.023|       0.056|
slv : | update_BC_MDS                    |       0.000|     31|       0.000|       0.000|
slv : | update_Mf_after_DvGr             |       0.291|     30|       0.010|       0.015|
slv : | update_VelPressure_MDS           |       0.090|     30|       0.003|       0.005|
slv : +----------------------------------+------------+-------+------------+------------+
Interpolator cache: total calls 67965, optimised calls 26741 (39.3 %)
-----------------------------------------------------------------------
Memory Working Set Current = 371.88 Mb, Memory Working Set Peak = 371.88 Mb
Memory Private Bytes Current = 397.47 Mb, Memory Private Bytes Peak = 397.47 Mb
Process Threads Number: 32
-----------------------------------------------------------------------
Iteration : time = 3.12396 , count = 5 , time/count = 0.624792
Calculate_inc() : time = 2.75792 , count = 5 , time/count = 0.551585
TreatFlowEvolution() : time = 0.35755 , count = 5 , time/count = 0.07151
SolverPreview : time = 0 , count = 5 , time/count = 0
TreatGoals : time = 0.349142 , count = 5 , time/count = 0.0698284
Algebra Pool      : mem_usage = 189.38 Mb, allocated count = 2159

================== Tstep=30 ===================
nslice = 0; reset pressure calculator:  Rho_ref_grav_new = 1.33097
nslice = 0  P_ref = 101325
nslice = 0  Rho_ref_grav_old = 1.33097, Rho_ref_grav_new = 1.33097
 fluid-flow view[  0]: rho_ref_grav_averaged_in_view = 1.330974042482        
<Dynamic P> on nsd = 0 {openings (inlet / outlet)}:
  (SP = Static Pressure, EP = Environment Pressure, TP = Total Pressure, E = External)
  {#1, SP, (0.000000e+00 / 6.952686e+01)}
  MWS[  0]=0.428347
tau_viscous_averaged = 0.00426417 
dt(mass,momentum; nsd=  0): min dt/dtG(ncv=  46066)=1.00 , max dt/dtG(ncv=  27393)=24.5   , dtG=8.02235e-05
Flow alg-view 0 in phys-view 0 isn't Neumann (not Multi Phase treating)
Face Momentum (sd=  0): max value of div(mf) (cv=22380) = 2.403202e-10
Flow alg-view 0 is not Neumann (not for Phase Change + Nested Iters)
+----+----+--------------+--------------+--------------+--------------+--------------+------+----+-+-+--+------+
|Name|view| Initial res  | Initial resL1| Target res   | Final res    | Final res L1 |Visits|Iter|R|F|CL|Status|
| BG |   0|  8.020335e-18|  3.979354e-07|  1.435706e-19|  5.670304e-20|  3.444937e-08|     7|  21|0|n|30|  OK  |
log10(resTarget_Lim / resTarget_Orig): 2.5 
Face Momentum (sd=  0): max value of div(mf) (cv=39627) = 1.716966e-11
	norm_L2 of div(momentum) = 2.381240e-10.
Flow alg-view 0 in phys-view 0 isn't Neumann (not Multi Phase treating)
LOG: number of a-faces with weighted approximations in 0 subdomain: 8.78302 percent
LOG: Rate of a-faces corrected to CUp1st in 0 subdomain: 1.20777 %
slv : SolveBL stage
|nsd|Real WF|NormalF|Cycle F|CriticF| EdgeF |CyclBrF|ExtParF|RWFnumSt|StLvlNum|  nfw  |  alp_U_min  |  nfw  |  alp_U_max  |  nfw  |  alp_T_min  |  nfw  |  alp_T_max  |  nfw  |  BL_s_min   |  nfw  |   BL_s_max  |
|  0|  12896|  12822|      0|      2|     72|      0|      0|   12896|     123|   2053|0            |   2863|2997         |   2767|0            |  11574|8397.86      |  11545|-5.2909      |   2767|0            |
Face Momentum (sd=  0): max value of div(mf) (cv=39627) = 1.716966e-11
	norm_L2 of div(momentum) = 2.381240e-10.
slv : 3m: nsd = 0 
slv :  3m: ROTATION = NO 
slv :  3m: gravity_vector     = {	 0 	 -9.81 	 0	 }  
slv :  3m: gravity_vector_LCS = {	 0 	 -9.81 	 0	 }  
slv :  +----+----+----+--------------+--------------+--------------+--------------+--------------+------+----+-+-+--+------+
|Name|view| n_y| Initial res  | Initial resL1| Target res   | Final res    | Final res L1 |Visits|Iter|R|F|CL|Status|
+----+----+----+--------------+--------------+--------------+--------------+--------------+------+----+-+-+--+------+
| 3M |   0|   0|  1.604207e-11|  7.612504e-04|  1.202541e-16|  2.551951e-17|  2.922914e-07|     2|   6|0|n|29|  OK  |
Velocity (predicted):
        (local) sd   0: min(  27795)=0.0045094613118717   , max(  46056)=12.081512377529      
Flow alg-view 0 is not Neumann (not for Phase Change + Nested Iters)
+----+----+--------------+--------------+--------------+--------------+--------------+------+----+-+-+--+------+
|Name|view| Initial res  | Initial resL1| Target res   | Final res    | Final res L1 |Visits|Iter|R|F|CL|Status|
|DVGR|   0|  2.660036e-13|  5.151108e-05|  1.662522e-17|  1.221599e-17|  4.722235e-07|     5|  15|0|n|30|  OK  |
PRESSURE SOLVER(geom_index=  0): sum_C_dp=8.02812e-14
Face Momentum (sd=  0): max value of div(mf) (cv=22139) = 3.103396e-10
	norm_L2 of div(momentum) = 3.495139e-09.
nsd = 0 min_dtHy = 8.02273e-05 (nCV =	46066 ) max_dtHy = 0.00196616 (nCV =	27393 ) 
+----+----+--------------+--------------+--------------+--------------+--------------+------+----+-+-+--+------+
|Name|view| Initial res  | Initial resL1| Target res   | Final res    | Final res L1 |Visits|Iter|R|F|CL|Status|
|CHT |   0|  4.618949e-10|  1.986253e-03|  2.886843e-14|  9.772944e-19|  6.753594e-08|     2|  18|0|n|30|  OK  |
nsd = 0 min_dtke = 3.66567e-05 (nCV =	28316 ) max_dtke = 0.000876965 (nCV =	27355 ) 
+----+----+----+--------------+--------------+--------------+--------------+--------------+------+----+-+-+--+------+
|Name|view| n_y| Initial res  | Initial resL1| Target res   | Final res    | Final res L1 |Visits|Iter|R|F|CL|Status|
+----+----+----+--------------+--------------+--------------+--------------+--------------+------+----+-+-+--+------+
|turb|   0|   0|  5.129954e-12|  6.568333e-05|  6.922429e-21|  1.093436e-21|  1.704218e-09|     3|  18|0|n|30|  OK  |
|turb|   0|   1|  6.418396e-05|  1.567999e-01|  1.496986e-15|  1.308109e-15|  1.685785e-06|     3|  18|0|n|30|  OK  |
Filter: K,E,momentum: sd =   0 isolating K from zero=      8 E from zero=  15903 E from infinity=  17391
slv : Fluid subdom(new) 0
slv : P static (new)                 : min(  46118) = 101324.79396101      , max(   8670) = 101420.44885548      
slv : P_static - Rho*g*h (new)       : min(  46118) = 101324.79585266      , max(   8670) = 101420.46706008      
slv : Density (new)                  : min(  47398) = 1.3300808506433      , max(   8670) = 1.3312645759819      
slv : Velocity (new)                 : min(  22383) = 0.0066213912910083   , max(  46063) = 12.071313182179      
slv : Mach number (new)              : min(  22383) = 2.0313149483054e-05  , max(  46063) = 0.037037436695426    
slv : Turbulent k (new)              : min(   7705) = 1e-40                , max(  24019) = 1.9366599672677      
slv : Turbulent e (new)              : min(   7705) = 4.1946408256521e-40  , max(  23590) = 5252.4287515318      
slv : Temperature (new)              : min(  46063) = 293.12093189154      , max(   8673) = 293.21112329963      
slv : Total enthalpy, Y-shifted (new): min(  41484) = -10.052795283004     , max(   7576) = 12.32034307178       
slv : MASS FLUXES AT OPENINGS: MF=-0.000261013, AP=0.000261014
slv : DvGr statistics: min alpha=0.114523(nfa=88066, geom_slice=0)
slv : +----------------------------------+------------+-------+------------+------------+
slv : |          Collector name          | Total Time | Count |  Avg Time  |  Max Time  |
slv : +----------------------------------+------------+-------+------------+------------+
slv : | Calculate_inc                    |      16.790|     30|       0.560|       0.799|
slv : | CollectEMT_Results               |       0.000|     31|       0.000|       0.000|
slv : | HeatPathCalculator_Dynamic       |       0.017|      1|       0.017|       0.017|
slv : | LiSy_make_portrait               |       0.395|    145|       0.003|       0.016|
slv : | Results_processing               |       2.177|     30|       0.073|       0.092|
slv : | build_sl_ordering_CHT            |       0.016|     31|       0.001|       0.005|
slv : | build_sl_ordering_MDS            |       0.080|     31|       0.003|       0.014|
slv : | build_sl_ordering_fluid          |       0.079|     31|       0.003|       0.014|
slv : | calc_Convolutions_MDS            |       0.538|     31|       0.017|       0.021|
slv : | calc_wall_dist                   |       2.275|      1|       2.275|       2.275|
slv : | create_Gr_operators_MDS          |       0.524|     31|       0.017|       0.024|
slv : | create_Gr_operators_portrait_MDS |       0.157|     31|       0.005|       0.008|
slv : | init_Hy_group_MDS                |       0.289|     31|       0.009|       0.013|
slv : | perform_stage_total              |      17.287|    845|       0.020|       2.275|
slv : | precalc_at_start_MDS             |       1.593|      2|       0.796|       1.564|
slv : | solve_3M_MDS                     |       1.903|     31|       0.061|       0.080|
slv : | solve_3M_alg_MDS                 |       1.058|     31|       0.034|       0.052|
slv : | solve_BG_MDS                     |       1.231|     31|       0.040|       0.061|
slv : | solve_BG_alg_MDS                 |       1.005|     31|       0.032|       0.055|
slv : | solve_BL_MDS                     |       3.051|     31|       0.098|       0.242|
slv : | solve_CHT                        |       0.862|     31|       0.028|       0.066|
slv : | solve_CHT_MDS                    |       0.672|     31|       0.022|       0.061|
slv : | solve_CHT_alg_MDS                |       0.268|     31|       0.009|       0.046|
slv : | solve_DvGr_MDS                   |       3.726|     31|       0.120|       0.207|
slv : | solve_DvGr_alg_MDS               |       2.239|     31|       0.072|       0.161|
slv : | solve_INPR_MDS                   |       0.000|      1|       0.000|       0.000|
slv : | solve_PS+QJ                      |       0.000|      0|       0.000|       0.000|
slv : | solve_YLMA_MDS                   |       0.000|     31|       0.000|       0.000|
slv : | solve_YNOx_MDS                   |       0.000|     31|       0.000|       0.000|
slv : | solve_YTd_MDS                    |       0.001|     31|       0.000|       0.000|
slv : | solve_YTurb_MDS                  |       3.440|     31|       0.111|       0.172|
slv : | solve_YTurb_alg_MDS              |       1.466|     62|       0.024|       0.056|
slv : | update_BC_MDS                    |       0.000|     32|       0.000|       0.000|
slv : | update_Mf_after_DvGr             |       0.298|     31|       0.010|       0.015|
slv : | update_VelPressure_MDS           |       0.093|     31|       0.003|       0.005|
slv : +----------------------------------+------------+-------+------------+------------+
-----------------------------------------------------------------------
Memory Working Set Current = 374.64 Mb, Memory Working Set Peak = 374.64 Mb
Memory Private Bytes Current = 400.16 Mb, Memory Private Bytes Peak = 400.16 Mb
Process Threads Number: 32
-----------------------------------------------------------------------
Algebra Pool      : mem_usage = 192.06 Mb, allocated count = 2290

================== Tstep=31 ===================
nslice = 0; reset pressure calculator:  Rho_ref_grav_new = 1.33097
nslice = 0  P_ref = 101325
nslice = 0  Rho_ref_grav_old = 1.33097, Rho_ref_grav_new = 1.33097
 fluid-flow view[  0]: rho_ref_grav_averaged_in_view = 1.3309724538733       
<Dynamic P> on nsd = 0 {openings (inlet / outlet)}:
  (SP = Static Pressure, EP = Environment Pressure, TP = Total Pressure, E = External)
  {#1, SP, (0.000000e+00 / 6.980201e+01)}
  MWS[  0]=0.426788
tau_viscous_averaged = 0.00426644 
dt(mass,momentum; nsd=  0): min dt/dtG(ncv=  46066)=1.00 , max dt/dtG(ncv=   2282)=24.7   , dtG=7.99595e-05
Flow alg-view 0 in phys-view 0 isn't Neumann (not Multi Phase treating)
Face Momentum (sd=  0): max value of div(mf) (cv=22139) = 3.103396e-10
Flow alg-view 0 is not Neumann (not for Phase Change + Nested Iters)
+----+----+--------------+--------------+--------------+--------------+--------------+------+----+-+-+--+------+
|Name|view| Initial res  | Initial resL1| Target res   | Final res    | Final res L1 |Visits|Iter|R|F|CL|Status|
| BG |   0|  1.246521e-17|  4.794248e-07|  1.662522e-19|  1.079553e-19|  4.526280e-08|     7|  21|0|n|30|  OK  |
log10(resTarget_Lim / resTarget_Orig): 2.3 
Face Momentum (sd=  0): max value of div(mf) (cv=39627) = 2.635789e-11
	norm_L2 of div(momentum) = 3.285654e-10.
Flow alg-view 0 in phys-view 0 isn't Neumann (not Multi Phase treating)
LOG: number of a-faces with weighted approximations in 0 subdomain: 8.77803 percent
LOG: Rate of a-faces corrected to CUp1st in 0 subdomain: 1.1933 %
slv : SolveBL stage
|nsd|Real WF|NormalF|Cycle F|CriticF| EdgeF |CyclBrF|ExtParF|RWFnumSt|StLvlNum|  nfw  |  alp_U_min  |  nfw  |  alp_U_max  |  nfw  |  alp_T_min  |  nfw  |  alp_T_max  |  nfw  |  BL_s_min   |  nfw  |   BL_s_max  |
|  0|  12896|  12822|      0|      2|     72|      0|      0|   12896|     123|   2053|0            |   5027|5693.3       |   2767|0            |   3721|15253.6      |  11545|-5.39798     |   2767|0            |
Face Momentum (sd=  0): max value of div(mf) (cv=39627) = 2.635789e-11
	norm_L2 of div(momentum) = 3.285654e-10.
slv : 3m: nsd = 0 
slv :  3m: ROTATION = NO 
slv :  3m: gravity_vector     = {	 0 	 -9.81 	 0	 }  
slv :  3m: gravity_vector_LCS = {	 0 	 -9.81 	 0	 }  
slv :  +----+----+----+--------------+--------------+--------------+--------------+--------------+------+----+-+-+--+------+
|Name|view| n_y| Initial res  | Initial resL1| Target res   | Final res    | Final res L1 |Visits|Iter|R|F|CL|Status|
+----+----+----+--------------+--------------+--------------+--------------+--------------+------+----+-+-+--+------+
| 3M |   0|   0|  1.280202e-11|  6.756532e-04|  1.189059e-16|  1.971600e-17|  2.447706e-07|     2|   6|0|n|29|  OK  |
Velocity (predicted):
        (local) sd   0: min(  22383)=0.0060996082392829   , max(  46064)=12.017654332581      
Flow alg-view 0 is not Neumann (not for Phase Change + Nested Iters)
+----+----+--------------+--------------+--------------+--------------+--------------+------+----+-+-+--+------+
|Name|view| Initial res  | Initial resL1| Target res   | Final res    | Final res L1 |Visits|Iter|R|F|CL|Status|
|DVGR|   0|  3.107257e-13|  5.439282e-05|  1.942036e-17|  1.448278e-17|  5.008563e-07|     5|  15|0|n|30|  OK  |
PRESSURE SOLVER(geom_index=  0): sum_C_dp=6.47861e-13
Face Momentum (sd=  0): max value of div(mf) (cv=22139) = 3.655525e-10
	norm_L2 of div(momentum) = 3.805627e-09.
nsd = 0 min_dtHy = 7.99633e-05 (nCV =	46066 ) max_dtHy = 0.00197806 (nCV =	2282 ) 
+----+----+--------------+--------------+--------------+--------------+--------------+------+----+-+-+--+------+
|Name|view| Initial res  | Initial resL1| Target res   | Final res    | Final res L1 |Visits|Iter|R|F|CL|Status|
|CHT |   0|  5.408170e-10|  1.938428e-03|  3.380106e-14|  1.000431e-18|  6.872014e-08|     2|  18|0|n|30|  OK  |
nsd = 0 min_dtke = 3.63027e-05 (nCV =	28316 ) max_dtke = 0.000881001 (nCV =	27355 ) 
+----+----+----+--------------+--------------+--------------+--------------+--------------+------+----+-+-+--+------+
|Name|view| n_y| Initial res  | Initial resL1| Target res   | Final res    | Final res L1 |Visits|Iter|R|F|CL|Status|
+----+----+----+--------------+--------------+--------------+--------------+--------------+------+----+-+-+--+------+
|turb|   0|   0|  5.214252e-12|  6.362056e-05|  6.820089e-21|  1.037105e-21|  1.642574e-09|     3|  18|0|n|30|  OK  |
|turb|   0|   1|  6.816517e-05|  1.522856e-01|  1.464279e-15|  1.328333e-15|  1.605109e-06|     3|  18|0|n|30|  OK  |
Filter: K,E,momentum: sd =   0 isolating K from zero=     12 E from zero=  16713 E from infinity=  18277
slv : Fluid subdom(new) 0
slv : P static (new)                 : min(  44668) = 101324.7841859       , max(   8670) = 101420.60596597      
slv : P_static - Rho*g*h (new)       : min(  44668) = 101324.78425789      , max(   8670) = 101420.62417054      
slv : Density (new)                  : min(  47398) = 1.3300813288785      , max(   8670) = 1.3312665893821      
slv : Velocity (new)                 : min(  22383) = 0.0048412148992604   , max(  46064) = 12.019093335826      
slv : Mach number (new)              : min(  22383) = 1.4851911689191e-05  , max(  46064) = 0.036877173899753    
slv : Turbulent k (new)              : min(   7703) = 1e-40                , max(  24019) = 1.9634457601277      
slv : Turbulent e (new)              : min(   7703) = 3.7606834517969e-40  , max(  23590) = 5461.3300691233      
slv : Temperature (new)              : min(  46064) = 293.12158156911      , max(   8673) = 293.2111375778       
slv : Total enthalpy, Y-shifted (new): min(  41484) = -10.631253309553     , max(   7576) = 12.320344591317      
slv : MASS FLUXES AT OPENINGS: MF=-0.000261005, AP=0.000261005
slv : DvGr statistics: min alpha=0.114418(nfa=88066, geom_slice=0)
slv : +----------------------------------+------------+-------+------------+------------+
slv : |          Collector name          | Total Time | Count |  Avg Time  |  Max Time  |
slv : +----------------------------------+------------+-------+------------+------------+
slv : | Calculate_inc                    |      17.369|     31|       0.560|       0.799|
slv : | CollectEMT_Results               |       0.000|     32|       0.000|       0.000|
slv : | HeatPathCalculator_Dynamic       |       0.017|      1|       0.017|       0.017|
slv : | LiSy_make_portrait               |       0.405|    149|       0.003|       0.016|
slv : | Results_processing               |       2.257|     31|       0.073|       0.092|
slv : | build_sl_ordering_CHT            |       0.016|     32|       0.000|       0.005|
slv : | build_sl_ordering_MDS            |       0.080|     32|       0.003|       0.014|
slv : | build_sl_ordering_fluid          |       0.079|     32|       0.002|       0.014|
slv : | calc_Convolutions_MDS            |       0.555|     32|       0.017|       0.021|
slv : | calc_wall_dist                   |       2.275|      1|       2.275|       2.275|
slv : | create_Gr_operators_MDS          |       0.539|     32|       0.017|       0.024|
slv : | create_Gr_operators_portrait_MDS |       0.162|     32|       0.005|       0.008|
slv : | init_Hy_group_MDS                |       0.298|     32|       0.009|       0.013|
slv : | perform_stage_total              |      17.764|    872|       0.020|       2.275|
slv : | precalc_at_start_MDS             |       1.593|      2|       0.796|       1.564|
slv : | solve_3M_MDS                     |       1.962|     32|       0.061|       0.080|
slv : | solve_3M_alg_MDS                 |       1.092|     32|       0.034|       0.052|
slv : | solve_BG_MDS                     |       1.266|     32|       0.040|       0.061|
slv : | solve_BG_alg_MDS                 |       1.031|     32|       0.032|       0.055|
slv : | solve_BL_MDS                     |       3.146|     32|       0.098|       0.242|
slv : | solve_CHT                        |       0.903|     32|       0.028|       0.066|
slv : | solve_CHT_MDS                    |       0.707|     32|       0.022|       0.061|
slv : | solve_CHT_alg_MDS                |       0.289|     32|       0.009|       0.046|
slv : | solve_DvGr_MDS                   |       3.824|     32|       0.120|       0.207|
slv : | solve_DvGr_alg_MDS               |       2.293|     32|       0.072|       0.161|
slv : | solve_INPR_MDS                   |       0.000|      1|       0.000|       0.000|
slv : | solve_PS+QJ                      |       0.000|      0|       0.000|       0.000|
slv : | solve_YLMA_MDS                   |       0.000|     32|       0.000|       0.000|
slv : | solve_YNOx_MDS                   |       0.000|     32|       0.000|       0.000|
slv : | solve_YTd_MDS                    |       0.001|     32|       0.000|       0.000|
slv : | solve_YTurb_MDS                  |       3.584|     32|       0.112|       0.172|
slv : | solve_YTurb_alg_MDS              |       1.539|     64|       0.024|       0.056|
slv : | update_BC_MDS                    |       0.000|     33|       0.000|       0.000|
slv : | update_Mf_after_DvGr             |       0.306|     32|       0.010|       0.015|
slv : | update_VelPressure_MDS           |       0.096|     32|       0.003|       0.005|
slv : +----------------------------------+------------+-------+------------+------------+
-----------------------------------------------------------------------
Memory Working Set Current = 385.60 Mb, Memory Working Set Peak = 385.60 Mb
Memory Private Bytes Current = 413.71 Mb, Memory Private Bytes Peak = 413.71 Mb
Process Threads Number: 32
-----------------------------------------------------------------------
Algebra Pool      : mem_usage = 205.31 Mb, allocated count = 2291

================== Tstep=32 ===================
nslice = 0; reset pressure calculator:  Rho_ref_grav_new = 1.33097
nslice = 0  P_ref = 101325
nslice = 0  Rho_ref_grav_old = 1.33097, Rho_ref_grav_new = 1.33097
 fluid-flow view[  0]: rho_ref_grav_averaged_in_view = 1.3309732361439       
<Dynamic P> on nsd = 0 {openings (inlet / outlet)}:
  (SP = Static Pressure, EP = Environment Pressure, TP = Total Pressure, E = External)
  {#1, SP, (0.000000e+00 / 7.005345e+01)}
  MWS[  0]=0.424942
tau_viscous_averaged = 0.00426889 
dt(mass,momentum; nsd=  0): min dt/dtG(ncv=  46180)=1.00 , max dt/dtG(ncv=   2282)=24.8   , dtG=8.01873e-05
Flow alg-view 0 in phys-view 0 isn't Neumann (not Multi Phase treating)
Face Momentum (sd=  0): max value of div(mf) (cv=22139) = 3.655525e-10
Flow alg-view 0 is not Neumann (not for Phase Change + Nested Iters)
+----+----+--------------+--------------+--------------+--------------+--------------+------+----+-+-+--+------+
|Name|view| Initial res  | Initial resL1| Target res   | Final res    | Final res L1 |Visits|Iter|R|F|CL|Status|
| BG |   0|  1.471553e-17|  5.079374e-07|  1.942036e-19|  1.325744e-19|  4.976560e-08|     7|  21|0|n|30|  OK  |
log10(resTarget_Lim / resTarget_Orig): 2.3 
Face Momentum (sd=  0): max value of div(mf) (cv=39627) = 2.703563e-11
	norm_L2 of div(momentum) = 3.641077e-10.
Flow alg-view 0 in phys-view 0 isn't Neumann (not Multi Phase treating)
LOG: number of a-faces with weighted approximations in 0 subdomain: 8.83646 percent
LOG: Rate of a-faces corrected to CUp1st in 0 subdomain: 1.21259 %
slv : SolveBL stage
|nsd|Real WF|NormalF|Cycle F|CriticF| EdgeF |CyclBrF|ExtParF|RWFnumSt|StLvlNum|  nfw  |  alp_U_min  |  nfw  |  alp_U_max  |  nfw  |  alp_T_min  |  nfw  |  alp_T_max  |  nfw  |  BL_s_min   |  nfw  |   BL_s_max  |
|  0|  12896|  12822|      0|      2|     72|      0|      0|   12896|     123|   2053|0            |   5027|2324.23      |   2911|0            |   2053|10050.8      |   7470|-5.68381     |   2911|0            |
Face Momentum (sd=  0): max value of div(mf) (cv=39627) = 2.703563e-11
	norm_L2 of div(momentum) = 3.641077e-10.
slv : 3m: nsd = 0 
slv :  3m: ROTATION = NO 
slv :  3m: gravity_vector     = {	 0 	 -9.81 	 0	 }  
slv :  3m: gravity_vector_LCS = {	 0 	 -9.81 	 0	 }  
slv :  +----+----+----+--------------+--------------+--------------+--------------+--------------+------+----+-+-+--+------+
|Name|view| n_y| Initial res  | Initial resL1| Target res   | Final res    | Final res L1 |Visits|Iter|R|F|CL|Status|
+----+----+----+--------------+--------------+--------------+--------------+--------------+------+----+-+-+--+------+
| 3M |   0|   0|  1.072750e-11|  6.055111e-04|  1.175238e-16|  1.676177e-17|  2.128956e-07|     2|   6|0|n|29|  OK  |
Velocity (predicted):
        (local) sd   0: min(  22383)=0.0042824371619413   , max(  46064)=11.947828806787      
Flow alg-view 0 is not Neumann (not for Phase Change + Nested Iters)
+----+----+--------------+--------------+--------------+--------------+--------------+------+----+-+-+--+------+
|Name|view| Initial res  | Initial resL1| Target res   | Final res    | Final res L1 |Visits|Iter|R|F|CL|Status|
|DVGR|   0|  3.191500e-13|  5.333538e-05|  1.994688e-17|  1.152818e-17|  4.409077e-07|     5|  15|0|n|30|  OK  |
PRESSURE SOLVER(geom_index=  0): sum_C_dp=9.73628e-13
Face Momentum (sd=  0): max value of div(mf) (cv=22139) = 3.149757e-10
	norm_L2 of div(momentum) = 3.395318e-09.
nsd = 0 min_dtHy = 8.01911e-05 (nCV =	46214 ) max_dtHy = 0.001991 (nCV =	2282 ) 
+----+----+--------------+--------------+--------------+--------------+--------------+------+----+-+-+--+------+
|Name|view| Initial res  | Initial resL1| Target res   | Final res    | Final res L1 |Visits|Iter|R|F|CL|Status|
|CHT |   0|  5.788690e-10|  1.883631e-03|  3.617931e-14|  1.074131e-18|  7.091656e-08|     2|  18|0|n|30|  OK  |
nsd = 0 min_dtke = 3.62153e-05 (nCV =	46200 ) max_dtke = 0.000881954 (nCV =	27355 ) 
+----+----+----+--------------+--------------+--------------+--------------+--------------+------+----+-+-+--+------+
|Name|view| n_y| Initial res  | Initial resL1| Target res   | Final res    | Final res L1 |Visits|Iter|R|F|CL|Status|
+----+----+----+--------------+--------------+--------------+--------------+--------------+------+----+-+-+--+------+
|turb|   0|   0|  5.394104e-12|  6.196062e-05|  6.703792e-21|  1.025197e-21|  1.591105e-09|     3|  18|0|n|30|  OK  |
|turb|   0|   1|  7.468621e-05|  1.502136e-01|  1.426900e-15|  1.161065e-15|  1.457936e-06|     3|  18|0|n|30|  OK  |
Filter: K,E,momentum: sd =   0 isolating K from zero=     13 E from zero=  17570 E from infinity=  19090
slv : Fluid subdom(new) 0
slv : P static (new)                 : min(  44668) = 101324.75378246      , max(   8670) = 101420.90236026      
slv : P_static - Rho*g*h (new)       : min(  44668) = 101324.75385446      , max(   8670) = 101420.92056484      
slv : Density (new)                  : min(  47398) = 1.3300818170642      , max(   8670) = 1.331270448439       
slv : Velocity (new)                 : min(  12521) = 0.0030221467228032   , max(  46064) = 11.948093867565      
slv : Mach number (new)              : min(  12521) = 9.2713727716678e-06  , max(  46064) = 0.036659273986622    
slv : Turbulent k (new)              : min(   7703) = 1e-40                , max(  24019) = 1.985136210496       
slv : Turbulent e (new)              : min(   7703) = 3.7606801769336e-40  , max(  23590) = 5676.372068921       
slv : Temperature (new)              : min(  46064) = 293.1225128182       , max(   8673) = 293.21114492268      
slv : Total enthalpy, Y-shifted (new): min(  41484) = -11.150178223646     , max(   7576) = 12.320344348662      
slv : MASS FLUXES AT OPENINGS: MF=-0.000260997, AP=0.000260997
slv : DvGr statistics: min alpha=0.1144(nfa=88066, geom_slice=0)
slv : +----------------------------------+------------+-------+------------+------------+
slv : |          Collector name          | Total Time | Count |  Avg Time  |  Max Time  |
slv : +----------------------------------+------------+-------+------------+------------+
slv : | Calculate_inc                    |      17.933|     32|       0.560|       0.799|
slv : | CollectEMT_Results               |       0.000|     33|       0.000|       0.000|
slv : | HeatPathCalculator_Dynamic       |       0.017|      1|       0.017|       0.017|
slv : | LiSy_make_portrait               |       0.416|    153|       0.003|       0.016|
slv : | Results_processing               |       2.318|     32|       0.072|       0.092|
slv : | build_sl_ordering_CHT            |       0.016|     33|       0.000|       0.005|
slv : | build_sl_ordering_MDS            |       0.081|     33|       0.002|       0.014|
slv : | build_sl_ordering_fluid          |       0.080|     33|       0.002|       0.014|
slv : | calc_Convolutions_MDS            |       0.571|     33|       0.017|       0.021|
slv : | calc_wall_dist                   |       2.275|      1|       2.275|       2.275|
slv : | create_Gr_operators_MDS          |       0.554|     33|       0.017|       0.024|
slv : | create_Gr_operators_portrait_MDS |       0.167|     33|       0.005|       0.008|
slv : | init_Hy_group_MDS                |       0.307|     33|       0.009|       0.013|
slv : | perform_stage_total              |      18.246|    899|       0.020|       2.275|
slv : | precalc_at_start_MDS             |       1.593|      2|       0.796|       1.564|
slv : | solve_3M_MDS                     |       2.022|     33|       0.061|       0.080|
slv : | solve_3M_alg_MDS                 |       1.127|     33|       0.034|       0.052|
slv : | solve_BG_MDS                     |       1.299|     33|       0.039|       0.061|
slv : | solve_BG_alg_MDS                 |       1.057|     33|       0.032|       0.055|
slv : | solve_BL_MDS                     |       3.239|     33|       0.098|       0.242|
slv : | solve_CHT                        |       0.946|     33|       0.029|       0.066|
slv : | solve_CHT_MDS                    |       0.744|     33|       0.023|       0.061|
slv : | solve_CHT_alg_MDS                |       0.311|     33|       0.009|       0.046|
slv : | solve_DvGr_MDS                   |       3.922|     33|       0.119|       0.207|
slv : | solve_DvGr_alg_MDS               |       2.344|     33|       0.071|       0.161|
slv : | solve_INPR_MDS                   |       0.000|      1|       0.000|       0.000|
slv : | solve_PS+QJ                      |       0.000|      0|       0.000|       0.000|
slv : | solve_YLMA_MDS                   |       0.000|     33|       0.000|       0.000|
slv : | solve_YNOx_MDS                   |       0.000|     33|       0.000|       0.000|
slv : | solve_YTd_MDS                    |       0.001|     33|       0.000|       0.000|
slv : | solve_YTurb_MDS                  |       3.736|     33|       0.113|       0.172|
slv : | solve_YTurb_alg_MDS              |       1.622|     66|       0.025|       0.056|
slv : | update_BC_MDS                    |       0.000|     34|       0.000|       0.000|
slv : | update_Mf_after_DvGr             |       0.313|     33|       0.009|       0.015|
slv : | update_VelPressure_MDS           |       0.099|     33|       0.003|       0.005|
slv : +----------------------------------+------------+-------+------------+------------+
-----------------------------------------------------------------------
Memory Working Set Current = 385.64 Mb, Memory Working Set Peak = 385.64 Mb
Memory Private Bytes Current = 413.71 Mb, Memory Private Bytes Peak = 413.71 Mb
Process Threads Number: 32
-----------------------------------------------------------------------
Algebra Pool      : mem_usage = 205.31 Mb, allocated count = 2290

================== Tstep=33 ===================
nslice = 0; reset pressure calculator:  Rho_ref_grav_new = 1.33098
nslice = 0  P_ref = 101325
nslice = 0  Rho_ref_grav_old = 1.33097, Rho_ref_grav_new = 1.33098
 fluid-flow view[  0]: rho_ref_grav_averaged_in_view = 1.3309757305345       
<Dynamic P> on nsd = 0 {openings (inlet / outlet)}:
  (SP = Static Pressure, EP = Environment Pressure, TP = Total Pressure, E = External)
  {#1, SP, (0.000000e+00 / 7.027624e+01)}
  MWS[  0]=0.422432
tau_viscous_averaged = 0.00427055 
dt(mass,momentum; nsd=  0): min dt/dtG(ncv=  46078)=1.00 , max dt/dtG(ncv=   2282)=24.8   , dtG=8.071e-05
Flow alg-view 0 in phys-view 0 isn't Neumann (not Multi Phase treating)
Face Momentum (sd=  0): max value of div(mf) (cv=22139) = 3.149757e-10
Flow alg-view 0 is not Neumann (not for Phase Change + Nested Iters)
+----+----+--------------+--------------+--------------+--------------+--------------+------+----+-+-+--+------+
|Name|view| Initial res  | Initial resL1| Target res   | Final res    | Final res L1 |Visits|Iter|R|F|CL|Status|
| BG |   0|  1.174207e-17|  4.477453e-07|  1.994688e-19|  1.039938e-19|  4.355231e-08|     7|  21|0|n|30|  OK  |
log10(resTarget_Lim / resTarget_Orig): 2.4 
Face Momentum (sd=  0): max value of div(mf) (cv=39627) = 2.265271e-11
	norm_L2 of div(momentum) = 3.224808e-10.
Flow alg-view 0 in phys-view 0 isn't Neumann (not Multi Phase treating)
LOG: number of a-faces with weighted approximations in 0 subdomain: 9.04952 percent
LOG: Rate of a-faces corrected to CUp1st in 0 subdomain: 1.20886 %
slv : SolveBL stage
|nsd|Real WF|NormalF|Cycle F|CriticF| EdgeF |CyclBrF|ExtParF|RWFnumSt|StLvlNum|  nfw  |  alp_U_min  |  nfw  |  alp_U_max  |  nfw  |  alp_T_min  |  nfw  |  alp_T_max  |  nfw  |  BL_s_min   |  nfw  |   BL_s_max  |
|  0|  12896|  12822|      0|      2|     72|      0|      0|   12896|     123|   2053|0            |   5027|1940.63      |   2912|0            |   7342|11843.6      |   7470|-6.30216     |   2912|0            |
Face Momentum (sd=  0): max value of div(mf) (cv=39627) = 2.265271e-11
	norm_L2 of div(momentum) = 3.224808e-10.
slv : 3m: nsd = 0 
slv :  3m: ROTATION = NO 
slv :  3m: gravity_vector     = {	 0 	 -9.81 	 0	 }  
slv :  3m: gravity_vector_LCS = {	 0 	 -9.81 	 0	 }  
slv :  +----+----+----+--------------+--------------+--------------+--------------+--------------+------+----+-+-+--+------+
|Name|view| n_y| Initial res  | Initial resL1| Target res   | Final res    | Final res L1 |Visits|Iter|R|F|CL|Status|
+----+----+----+--------------+--------------+--------------+--------------+--------------+------+----+-+-+--+------+
| 3M |   0|   0|  9.020429e-12|  5.422656e-04|  1.158761e-16|  1.492446e-17|  1.884668e-07|     2|   6|0|n|29|  OK  |
Velocity (predicted):
        (local) sd   0: min(  26009)=0.0049346529524595   , max(  46064)=11.873996013426      
Flow alg-view 0 is not Neumann (not for Phase Change + Nested Iters)
+----+----+--------------+--------------+--------------+--------------+--------------+------+----+-+-+--+------+
|Name|view| Initial res  | Initial resL1| Target res   | Final res    | Final res L1 |Visits|Iter|R|F|CL|Status|
|DVGR|   0|  3.432511e-13|  5.184921e-05|  2.145319e-17|  8.024986e-18|  3.618972e-07|     5|  15|0|n|30|  OK  |
PRESSURE SOLVER(geom_index=  0): sum_C_dp=1.07449e-12
Face Momentum (sd=  0): max value of div(mf) (cv=22139) = 2.677480e-10
	norm_L2 of div(momentum) = 2.832842e-09.
nsd = 0 min_dtHy = 8.07139e-05 (nCV =	46212 ) max_dtHy = 0.00200475 (nCV =	2282 ) 
+----+----+--------------+--------------+--------------+--------------+--------------+------+----+-+-+--+------+
|Name|view| Initial res  | Initial resL1| Target res   | Final res    | Final res L1 |Visits|Iter|R|F|CL|Status|
|CHT |   0|  5.583391e-10|  1.829080e-03|  3.489620e-14|  1.161706e-18|  7.174211e-08|     2|  18|0|n|30|  OK  |
nsd = 0 min_dtke = 3.55743e-05 (nCV =	46212 ) max_dtke = 0.000882479 (nCV =	27355 ) 
+----+----+----+--------------+--------------+--------------+--------------+--------------+------+----+-+-+--+------+
|Name|view| n_y| Initial res  | Initial resL1| Target res   | Final res    | Final res L1 |Visits|Iter|R|F|CL|Status|
+----+----+----+--------------+--------------+--------------+--------------+--------------+------+----+-+-+--+------+
|turb|   0|   0|  5.780930e-12|  6.027233e-05|  6.550708e-21|  1.041314e-21|  1.558409e-09|     3|  18|0|n|30|  OK  |
|turb|   0|   1|  8.593535e-05|  1.467223e-01|  1.377892e-15|  9.423360e-16|  1.306130e-06|     3|  18|0|n|30|  OK  |
Filter: K,E,momentum: sd =   0 isolating K from zero=     19 E from zero=  18333 E from infinity=  19914
slv : Fluid subdom(new) 0
slv : P static (new)                 : min(  44668) = 101324.73827703      , max(   8670) = 101421.25053587      
slv : P_static - Rho*g*h (new)       : min(  44668) = 101324.73834902      , max(   8670) = 101421.26874049      
slv : Density (new)                  : min(  47398) = 1.3300823503567      , max(   8670) = 1.3312750025067      
slv : Velocity (new)                 : min(  22339) = 0.0032095307609359   , max(  46064) = 11.873860729513      
slv : Mach number (new)              : min(  22339) = 9.8462036938652e-06  , max(  46064) = 0.036431443522934    
slv : Turbulent k (new)              : min(   2709) = 1e-40                , max(  24019) = 2.0123428058191      
slv : Turbulent e (new)              : min(   7703) = 3.7606714868462e-40  , max(  23590) = 5907.7393688165      
slv : Temperature (new)              : min(  46064) = 293.12359984345      , max(   8672) = 293.21117229783      
slv : Total enthalpy, Y-shifted (new): min(  41484) = -11.564116380364     , max(   7576) = 12.320342250116      
slv : MASS FLUXES AT OPENINGS: MF=-0.00026099, AP=0.00026099
slv : DvGr statistics: min alpha=0.114368(nfa=88066, geom_slice=0)
slv : +----------------------------------+------------+-------+------------+------------+
slv : |          Collector name          | Total Time | Count |  Avg Time  |  Max Time  |
slv : +----------------------------------+------------+-------+------------+------------+
slv : | Calculate_inc                    |      18.505|     33|       0.561|       0.799|
slv : | CollectEMT_Results               |       0.000|     34|       0.000|       0.000|
slv : | HeatPathCalculator_Dynamic       |       0.017|      1|       0.017|       0.017|
slv : | LiSy_make_portrait               |       0.426|    157|       0.003|       0.016|
slv : | Results_processing               |       2.393|     33|       0.073|       0.092|
slv : | build_sl_ordering_CHT            |       0.016|     34|       0.000|       0.005|
slv : | build_sl_ordering_MDS            |       0.081|     34|       0.002|       0.014|
slv : | build_sl_ordering_fluid          |       0.080|     34|       0.002|       0.014|
slv : | calc_Convolutions_MDS            |       0.589|     34|       0.017|       0.021|
slv : | calc_wall_dist                   |       2.275|      1|       2.275|       2.275|
slv : | create_Gr_operators_MDS          |       0.575|     34|       0.017|       0.024|
slv : | create_Gr_operators_portrait_MDS |       0.172|     34|       0.005|       0.008|
slv : | init_Hy_group_MDS                |       0.316|     34|       0.009|       0.013|
slv : | perform_stage_total              |      18.755|    926|       0.020|       2.275|
slv : | precalc_at_start_MDS             |       1.593|      2|       0.796|       1.564|
slv : | solve_3M_MDS                     |       2.091|     34|       0.062|       0.080|
slv : | solve_3M_alg_MDS                 |       1.166|     34|       0.034|       0.052|
slv : | solve_BG_MDS                     |       1.331|     34|       0.039|       0.061|
slv : | solve_BG_alg_MDS                 |       1.083|     34|       0.032|       0.055|
slv : | solve_BL_MDS                     |       3.337|     34|       0.098|       0.242|
slv : | solve_CHT                        |       0.989|     34|       0.029|       0.066|
slv : | solve_CHT_MDS                    |       0.782|     34|       0.023|       0.061|
slv : | solve_CHT_alg_MDS                |       0.334|     34|       0.010|       0.046|
slv : | solve_DvGr_MDS                   |       4.021|     34|       0.118|       0.207|
slv : | solve_DvGr_alg_MDS               |       2.397|     34|       0.071|       0.161|
slv : | solve_INPR_MDS                   |       0.000|      1|       0.000|       0.000|
slv : | solve_PS+QJ                      |       0.000|      0|       0.000|       0.000|
slv : | solve_YLMA_MDS                   |       0.000|     34|       0.000|       0.000|
slv : | solve_YNOx_MDS                   |       0.000|     34|       0.000|       0.000|
slv : | solve_YTd_MDS                    |       0.001|     34|       0.000|       0.000|
slv : | solve_YTurb_MDS                  |       3.893|     34|       0.114|       0.172|
slv : | solve_YTurb_alg_MDS              |       1.709|     68|       0.025|       0.056|
slv : | update_BC_MDS                    |       0.000|     35|       0.000|       0.000|
slv : | update_Mf_after_DvGr             |       0.321|     34|       0.009|       0.015|
slv : | update_VelPressure_MDS           |       0.101|     34|       0.003|       0.005|
slv : +----------------------------------+------------+-------+------------+------------+
-----------------------------------------------------------------------
Memory Working Set Current = 385.68 Mb, Memory Working Set Peak = 385.68 Mb
Memory Private Bytes Current = 413.71 Mb, Memory Private Bytes Peak = 413.71 Mb
Process Threads Number: 32
-----------------------------------------------------------------------
Algebra Pool      : mem_usage = 205.31 Mb, allocated count = 2290

================== Tstep=34 ===================
nslice = 0; reset pressure calculator:  Rho_ref_grav_new = 1.33098
nslice = 0  P_ref = 101325
nslice = 0  Rho_ref_grav_old = 1.33098, Rho_ref_grav_new = 1.33098
 fluid-flow view[  0]: rho_ref_grav_averaged_in_view = 1.3309789367048       
<Dynamic P> on nsd = 0 {openings (inlet / outlet)}:
  (SP = Static Pressure, EP = Environment Pressure, TP = Total Pressure, E = External)
  {#1, SP, (0.000000e+00 / 7.047323e+01)}
  MWS[  0]=0.419808
tau_viscous_averaged = 0.00427164 
dt(mass,momentum; nsd=  0): min dt/dtG(ncv=  46078)=1.00 , max dt/dtG(ncv=   2282)=24.8   , dtG=8.13488e-05
Flow alg-view 0 in phys-view 0 isn't Neumann (not Multi Phase treating)
Face Momentum (sd=  0): max value of div(mf) (cv=22139) = 2.677480e-10
Flow alg-view 0 is not Neumann (not for Phase Change + Nested Iters)
+----+----+--------------+--------------+--------------+--------------+--------------+------+----+-+-+--+------+
|Name|view| Initial res  | Initial resL1| Target res   | Final res    | Final res L1 |Visits|Iter|R|F|CL|Status|
| BG |   0|  8.218809e-18|  3.684294e-07|  2.145319e-19|  7.076984e-20|  3.496108e-08|     7|  21|0|n|30|  OK  |
log10(resTarget_Lim / resTarget_Orig): 2.6 
Face Momentum (sd=  0): max value of div(mf) (cv=39627) = 1.894891e-11
	norm_L2 of div(momentum) = 2.660260e-10.
Flow alg-view 0 in phys-view 0 isn't Neumann (not Multi Phase treating)
LOG: number of a-faces with weighted approximations in 0 subdomain: 9.29179 percent
LOG: Rate of a-faces corrected to CUp1st in 0 subdomain: 1.23293 %
slv : SolveBL stage
|nsd|Real WF|NormalF|Cycle F|CriticF| EdgeF |CyclBrF|ExtParF|RWFnumSt|StLvlNum|  nfw  |  alp_U_min  |  nfw  |  alp_U_max  |  nfw  |  alp_T_min  |  nfw  |  alp_T_max  |  nfw  |  BL_s_min   |  nfw  |   BL_s_max  |
|  0|  12896|  12822|      0|      2|     72|      0|      0|   12896|     122|   2053|0            |   4031|2335.14      |   2912|0            |   2053|9922.6       |   7470|-6.92211     |   2912|0            |
Face Momentum (sd=  0): max value of div(mf) (cv=39627) = 1.894891e-11
	norm_L2 of div(momentum) = 2.660260e-10.
slv : 3m: nsd = 0 
slv :  3m: ROTATION = NO 
slv :  3m: gravity_vector     = {	 0 	 -9.81 	 0	 }  
slv :  3m: gravity_vector_LCS = {	 0 	 -9.81 	 0	 }  
slv :  +----+----+----+--------------+--------------+--------------+--------------+--------------+------+----+-+-+--+------+
|Name|view| n_y| Initial res  | Initial resL1| Target res   | Final res    | Final res L1 |Visits|Iter|R|F|CL|Status|
+----+----+----+--------------+--------------+--------------+--------------+--------------+------+----+-+-+--+------+
| 3M |   0|   0|  7.783602e-12|  4.875489e-04|  1.142552e-16|  1.373471e-17|  1.699700e-07|     2|   6|0|n|29|  OK  |
Velocity (predicted):
        (local) sd   0: min(  16771)=0.0015683250437894   , max(  46078)=11.826506245015      
Flow alg-view 0 is not Neumann (not for Phase Change + Nested Iters)
+----+----+--------------+--------------+--------------+--------------+--------------+------+----+-+-+--+------+
|Name|view| Initial res  | Initial resL1| Target res   | Final res    | Final res L1 |Visits|Iter|R|F|CL|Status|
|DVGR|   0|  3.837529e-13|  4.960701e-05|  2.398455e-17|  5.609721e-18|  2.938046e-07|     5|  15|0|n|30|  OK  |
PRESSURE SOLVER(geom_index=  0): sum_C_dp=1.07986e-12
Face Momentum (sd=  0): max value of div(mf) (cv=22139) = 2.047611e-10
	norm_L2 of div(momentum) = 2.368486e-09.
nsd = 0 min_dtHy = 8.13527e-05 (nCV =	46200 ) max_dtHy = 0.00201872 (nCV =	2282 ) 
+----+----+--------------+--------------+--------------+--------------+--------------+------+----+-+-+--+------+
|Name|view| Initial res  | Initial resL1| Target res   | Final res    | Final res L1 |Visits|Iter|R|F|CL|Status|
|CHT |   0|  4.966648e-10|  1.778910e-03|  3.104155e-14|  1.236279e-18|  7.005179e-08|     2|  18|0|n|30|  OK  |
nsd = 0 min_dtke = 3.50862e-05 (nCV =	46200 ) max_dtke = 0.000883381 (nCV =	27355 ) 
+----+----+----+--------------+--------------+--------------+--------------+--------------+------+----+-+-+--+------+
|Name|view| n_y| Initial res  | Initial resL1| Target res   | Final res    | Final res L1 |Visits|Iter|R|F|CL|Status|
+----+----+----+--------------+--------------+--------------+--------------+--------------+------+----+-+-+--+------+
|turb|   0|   0|  6.340800e-12|  5.886199e-05|  6.394693e-21|  1.094441e-21|  1.555491e-09|     3|  18|0|n|30|  OK  |
|turb|   0|   1|  1.018035e-04|  1.434113e-01|  1.328335e-15|  7.088392e-16|  1.165192e-06|     3|  18|0|n|30|  OK  |
Filter: K,E,momentum: sd =   0 isolating K from zero=     25 E from zero=  19122 E from infinity=  20782
slv : Fluid subdom(new) 0
slv : P static (new)                 : min(  44668) = 101324.73393321      , max(   8670) = 101421.60377763      
slv : P_static - Rho*g*h (new)       : min(  44668) = 101324.7340052       , max(   8670) = 101421.6219823       
slv : Density (new)                  : min(  47398) = 1.3300829803958      , max(   8670) = 1.3312796285199      
slv : Velocity (new)                 : min(  16771) = 0.00085072231180479  , max(  46078) = 11.82454487179       
slv : Mach number (new)              : min(  16771) = 2.609853415219e-06   , max(  46078) = 0.036280073588253    
slv : Turbulent k (new)              : min(   2709) = 1e-40                , max(  24019) = 2.0512685259672      
slv : Turbulent e (new)              : min(   7703) = 3.7606604987761e-40  , max(  23590) = 6165.3975031185      
slv : Temperature (new)              : min(  46050) = 293.12451767236      , max(   8672) = 293.21123233348      
slv : Total enthalpy, Y-shifted (new): min(  41485) = -11.948922399515     , max(   7576) = 12.32033233833       
slv : MASS FLUXES AT OPENINGS: MF=-0.000260984, AP=0.000260982
slv : DvGr statistics: min alpha=0.114292(nfa=88066, geom_slice=0)
slv : +----------------------------------+------------+-------+------------+------------+
slv : |          Collector name          | Total Time | Count |  Avg Time  |  Max Time  |
slv : +----------------------------------+------------+-------+------------+------------+
slv : | Calculate_inc                    |      19.110|     34|       0.562|       0.799|
slv : | CollectEMT_Results               |       0.000|     35|       0.000|       0.000|
slv : | HeatPathCalculator_Dynamic       |       0.017|      1|       0.017|       0.017|
slv : | LiSy_make_portrait               |       0.437|    161|       0.003|       0.016|
slv : | Results_processing               |       2.471|     34|       0.073|       0.092|
slv : | build_sl_ordering_CHT            |       0.016|     35|       0.000|       0.005|
slv : | build_sl_ordering_MDS            |       0.081|     35|       0.002|       0.014|
slv : | build_sl_ordering_fluid          |       0.080|     35|       0.002|       0.014|
slv : | calc_Convolutions_MDS            |       0.607|     35|       0.017|       0.021|
slv : | calc_wall_dist                   |       2.275|      1|       2.275|       2.275|
slv : | create_Gr_operators_MDS          |       0.593|     35|       0.017|       0.024|
slv : | create_Gr_operators_portrait_MDS |       0.179|     35|       0.005|       0.008|
slv : | init_Hy_group_MDS                |       0.327|     35|       0.009|       0.013|
slv : | perform_stage_total              |      19.280|    953|       0.020|       2.275|
slv : | precalc_at_start_MDS             |       1.593|      2|       0.796|       1.564|
slv : | solve_3M_MDS                     |       2.152|     35|       0.061|       0.080|
slv : | solve_3M_alg_MDS                 |       1.202|     35|       0.034|       0.052|
slv : | solve_BG_MDS                     |       1.370|     35|       0.039|       0.061|
slv : | solve_BG_alg_MDS                 |       1.113|     35|       0.032|       0.055|
slv : | solve_BL_MDS                     |       3.440|     35|       0.098|       0.242|
slv : | solve_CHT                        |       1.035|     35|       0.030|       0.066|
slv : | solve_CHT_MDS                    |       0.821|     35|       0.023|       0.061|
slv : | solve_CHT_alg_MDS                |       0.358|     35|       0.010|       0.046|
slv : | solve_DvGr_MDS                   |       4.136|     35|       0.118|       0.207|
slv : | solve_DvGr_alg_MDS               |       2.456|     35|       0.070|       0.161|
slv : | solve_INPR_MDS                   |       0.000|      1|       0.000|       0.000|
slv : | solve_PS+QJ                      |       0.000|      0|       0.000|       0.000|
slv : | solve_YLMA_MDS                   |       0.000|     35|       0.000|       0.000|
slv : | solve_YNOx_MDS                   |       0.000|     35|       0.000|       0.000|
slv : | solve_YTd_MDS                    |       0.001|     35|       0.000|       0.000|
slv : | solve_YTurb_MDS                  |       4.044|     35|       0.116|       0.172|
slv : | solve_YTurb_alg_MDS              |       1.792|     70|       0.026|       0.056|
slv : | update_BC_MDS                    |       0.000|     36|       0.000|       0.000|
slv : | update_Mf_after_DvGr             |       0.331|     35|       0.009|       0.015|
slv : | update_VelPressure_MDS           |       0.104|     35|       0.003|       0.005|
slv : +----------------------------------+------------+-------+------------+------------+
Interpolator cache: total calls 68099, optimised calls 26714 (39.2 %)
-----------------------------------------------------------------------
Memory Working Set Current = 386.00 Mb, Memory Working Set Peak = 386.00 Mb
Memory Private Bytes Current = 414.08 Mb, Memory Private Bytes Peak = 414.08 Mb
Process Threads Number: 32
-----------------------------------------------------------------------
Iteration : time = 3.31538 , count = 5 , time/count = 0.663076
Calculate_inc() : time = 2.92735 , count = 5 , time/count = 0.585471
TreatFlowEvolution() : time = 0.378098 , count = 5 , time/count = 0.0756196
SolverPreview : time = 0 , count = 5 , time/count = 0
TreatGoals : time = 0.362396 , count = 5 , time/count = 0.0724792
Algebra Pool      : mem_usage = 205.31 Mb, allocated count = 2290

================== Tstep=35 ===================
nslice = 0; reset pressure calculator:  Rho_ref_grav_new = 1.33098
nslice = 0  P_ref = 101325
nslice = 0  Rho_ref_grav_old = 1.33098, Rho_ref_grav_new = 1.33098
 fluid-flow view[  0]: rho_ref_grav_averaged_in_view = 1.3309823513468       
<Dynamic P> on nsd = 0 {openings (inlet / outlet)}:
  (SP = Static Pressure, EP = Environment Pressure, TP = Total Pressure, E = External)
  {#1, SP, (0.000000e+00 / 7.064901e+01)}
  MWS[  0]=0.418064
tau_viscous_averaged = 0.00427212 
dt(mass,momentum; nsd=  0): min dt/dtG(ncv=  46150)=1.00 , max dt/dtG(ncv=   2282)=24.8   , dtG=0.000122572
Flow alg-view 0 in phys-view 0 isn't Neumann (not Multi Phase treating)
Face Momentum (sd=  0): max value of div(mf) (cv=22139) = 2.047611e-10
Flow alg-view 0 is not Neumann (not for Phase Change + Nested Iters)
+----+----+--------------+--------------+--------------+--------------+--------------+------+----+-+-+--+------+
|Name|view| Initial res  | Initial resL1| Target res   | Final res    | Final res L1 |Visits|Iter|R|F|CL|Status|
| BG |   0|  5.783433e-18|  2.999955e-07|  2.398455e-19|  1.708184e-19|  5.248008e-08|     6|  18|0|n|30|  OK  |
log10(resTarget_Lim / resTarget_Orig): 2.8 
Face Momentum (sd=  0): max value of div(mf) (cv=39627) = 3.534220e-11
	norm_L2 of div(momentum) = 4.133018e-10.
Flow alg-view 0 in phys-view 0 isn't Neumann (not Multi Phase treating)
LOG: number of a-faces with weighted approximations in 0 subdomain: 9.59035 percent
LOG: Rate of a-faces corrected to CUp1st in 0 subdomain: 1.27395 %
slv : SolveBL stage
|nsd|Real WF|NormalF|Cycle F|CriticF| EdgeF |CyclBrF|ExtParF|RWFnumSt|StLvlNum|  nfw  |  alp_U_min  |  nfw  |  alp_U_max  |  nfw  |  alp_T_min  |  nfw  |  alp_T_max  |  nfw  |  BL_s_min   |  nfw  |   BL_s_max  |
|  0|  12896|  12822|      0|      2|     72|      0|      0|   12896|     122|   2053|0            |   2982|12449        |   2912|0            |   7196|19351.2      |   7470|-7.55439     |   2912|0            |
Face Momentum (sd=  0): max value of div(mf) (cv=39627) = 3.534220e-11
	norm_L2 of div(momentum) = 4.133018e-10.
slv : 3m: nsd = 0 
slv :  3m: ROTATION = NO 
slv :  3m: gravity_vector     = {	 0 	 -9.81 	 0	 }  
slv :  3m: gravity_vector_LCS = {	 0 	 -9.81 	 0	 }  
slv :  +----+----+----+--------------+--------------+--------------+--------------+--------------+------+----+-+-+--+------+
|Name|view| n_y| Initial res  | Initial resL1| Target res   | Final res    | Final res L1 |Visits|Iter|R|F|CL|Status|
+----+----+----+--------------+--------------+--------------+--------------+--------------+------+----+-+-+--+------+
| 3M |   0|   0|  6.771095e-12|  4.379828e-04|  9.938726e-17|  8.139942e-17|  4.220519e-07|     2|   6|0|n|29|  OK  |
Velocity (predicted):
        (local) sd   0: min(  26088)=0.0018289672653202   , max(  46082)=11.809850272638      
Flow alg-view 0 is not Neumann (not for Phase Change + Nested Iters)
+----+----+--------------+--------------+--------------+--------------+--------------+------+----+-+-+--+------+
|Name|view| Initial res  | Initial resL1| Target res   | Final res    | Final res L1 |Visits|Iter|R|F|CL|Status|
|DVGR|   0|  5.234863e-13|  5.192735e-05|  3.271790e-17|  7.505629e-18|  3.282451e-07|     5|  15|0|n|30|  OK  |
PRESSURE SOLVER(geom_index=  0): sum_C_dp=6.35585e-13
Face Momentum (sd=  0): max value of div(mf) (cv=22256) = 1.668848e-10
	norm_L2 of div(momentum) = 2.739641e-09.
nsd = 0 min_dtHy = 0.000122578 (nCV =	46200 ) max_dtHy = 0.00304201 (nCV =	2282 ) 
+----+----+--------------+--------------+--------------+--------------+--------------+------+----+-+-+--+------+
|Name|view| Initial res  | Initial resL1| Target res   | Final res    | Final res L1 |Visits|Iter|R|F|CL|Status|
|CHT |   0|  4.227764e-10|  1.736521e-03|  2.642352e-14|  9.700188e-17|  6.133003e-07|     2|  18|0|n|30|  OK  |
nsd = 0 min_dtke = 3.81221e-05 (nCV =	46146 ) max_dtke = 0.00120017 (nCV =	27355 ) 
+----+----+----+--------------+--------------+--------------+--------------+--------------+------+----+-+-+--+------+
|Name|view| n_y| Initial res  | Initial resL1| Target res   | Final res    | Final res L1 |Visits|Iter|R|F|CL|Status|
+----+----+----+--------------+--------------+--------------+--------------+--------------+------+----+-+-+--+------+
|turb|   0|   0|  6.564908e-12|  5.655567e-05|  5.652351e-21|  5.667843e-22|  9.361314e-10|     4|  24|0|n|30|  OK  |
|turb|   0|   1|  1.130383e-04|  1.381300e-01|  1.164974e-15|  1.243712e-16|  4.668621e-07|     4|  24|0|n|30|  OK  |
Filter: K,E,momentum: sd =   0 isolating K from zero=     39 E from zero=  20069 E from infinity=  21651
slv : Fluid subdom(new) 0
slv : P static (new)                 : min(  44638) = 101324.72833558      , max(   8670) = 101421.90123933      
slv : P_static - Rho*g*h (new)       : min(  44638) = 101324.71855013      , max(   8670) = 101421.91944404      
slv : Density (new)                  : min(  47398) = 1.3300842644515      , max(   8670) = 1.3312835218981      
slv : Velocity (new)                 : min(  26088) = 0.0030357667901317   , max(  45901) = 11.81444389073       
slv : Mach number (new)              : min(  26088) = 9.3131483379556e-06  , max(  45901) = 0.036248744366612    
slv : Turbulent k (new)              : min(   2681) = 1e-40                , max(  24019) = 2.026844080679       
slv : Turbulent e (new)              : min(   7703) = 3.7606490634161e-40  , max(  23590) = 6430.6509195965      
slv : Temperature (new)              : min(  46080) = 293.12541203434      , max(   8672) = 293.21127740832      
slv : Total enthalpy, Y-shifted (new): min(  41485) = -12.358875595411     , max(   7576) = 12.320330979114      
slv : MASS FLUXES AT OPENINGS: MF=-0.000260977, AP=0.000260974
slv : DvGr statistics: min alpha=0.114181(nfa=88066, geom_slice=0)
slv : +----------------------------------+------------+-------+------------+------------+
slv : |          Collector name          | Total Time | Count |  Avg Time  |  Max Time  |
slv : +----------------------------------+------------+-------+------------+------------+
slv : | Calculate_inc                    |      19.734|     35|       0.564|       0.799|
slv : | CollectEMT_Results               |       0.000|     36|       0.000|       0.000|
slv : | HeatPathCalculator_Dynamic       |       0.017|      1|       0.017|       0.017|
slv : | LiSy_make_portrait               |       0.448|    165|       0.003|       0.016|
slv : | Results_processing               |       2.552|     35|       0.073|       0.092|
slv : | build_sl_ordering_CHT            |       0.016|     36|       0.000|       0.005|
slv : | build_sl_ordering_MDS            |       0.082|     36|       0.002|       0.014|
slv : | build_sl_ordering_fluid          |       0.081|     36|       0.002|       0.014|
slv : | calc_Convolutions_MDS            |       0.626|     36|       0.017|       0.021|
slv : | calc_wall_dist                   |       2.275|      1|       2.275|       2.275|
slv : | create_Gr_operators_MDS          |       0.612|     36|       0.017|       0.024|
slv : | create_Gr_operators_portrait_MDS |       0.184|     36|       0.005|       0.008|
slv : | init_Hy_group_MDS                |       0.336|     36|       0.009|       0.013|
slv : | perform_stage_total              |      19.799|    980|       0.020|       2.275|
slv : | precalc_at_start_MDS             |       1.593|      2|       0.796|       1.564|
slv : | solve_3M_MDS                     |       2.218|     36|       0.062|       0.080|
slv : | solve_3M_alg_MDS                 |       1.236|     36|       0.034|       0.052|
slv : | solve_BG_MDS                     |       1.399|     36|       0.039|       0.061|
slv : | solve_BG_alg_MDS                 |       1.136|     36|       0.032|       0.055|
slv : | solve_BL_MDS                     |       3.542|     36|       0.098|       0.242|
slv : | solve_CHT                        |       1.082|     36|       0.030|       0.066|
slv : | solve_CHT_MDS                    |       0.862|     36|       0.024|       0.061|
slv : | solve_CHT_alg_MDS                |       0.384|     36|       0.011|       0.046|
slv : | solve_DvGr_MDS                   |       4.238|     36|       0.118|       0.207|
slv : | solve_DvGr_alg_MDS               |       2.511|     36|       0.070|       0.161|
slv : | solve_INPR_MDS                   |       0.000|      1|       0.000|       0.000|
slv : | solve_PS+QJ                      |       0.000|      0|       0.000|       0.000|
slv : | solve_YLMA_MDS                   |       0.000|     36|       0.000|       0.000|
slv : | solve_YNOx_MDS                   |       0.000|     36|       0.000|       0.000|
slv : | solve_YTd_MDS                    |       0.001|     36|       0.000|       0.000|
slv : | solve_YTurb_MDS                  |       4.213|     36|       0.117|       0.172|
slv : | solve_YTurb_alg_MDS              |       1.894|     72|       0.026|       0.056|
slv : | update_BC_MDS                    |       0.000|     37|       0.000|       0.000|
slv : | update_Mf_after_DvGr             |       0.339|     36|       0.009|       0.015|
slv : | update_VelPressure_MDS           |       0.107|     36|       0.003|       0.005|
slv : +----------------------------------+------------+-------+------------+------------+
-----------------------------------------------------------------------
Memory Working Set Current = 386.04 Mb, Memory Working Set Peak = 386.04 Mb
Memory Private Bytes Current = 414.08 Mb, Memory Private Bytes Peak = 414.08 Mb
Process Threads Number: 32
-----------------------------------------------------------------------
Algebra Pool      : mem_usage = 205.31 Mb, allocated count = 2290

================== Tstep=36 ===================
nslice = 0; reset pressure calculator:  Rho_ref_grav_new = 1.33099
nslice = 0  P_ref = 101325
nslice = 0  Rho_ref_grav_old = 1.33098, Rho_ref_grav_new = 1.33099
 fluid-flow view[  0]: rho_ref_grav_averaged_in_view = 1.3309850637973       
<Dynamic P> on nsd = 0 {openings (inlet / outlet)}:
  (SP = Static Pressure, EP = Environment Pressure, TP = Total Pressure, E = External)
  {#1, SP, (0.000000e+00 / 7.086032e+01)}
  MWS[  0]=0.417707
tau_viscous_averaged = 0.00427275 
dt(mass,momentum; nsd=  0): min dt/dtG(ncv=  46078)=1.00 , max dt/dtG(ncv=   2282)=24.8   , dtG=0.000122814
Flow alg-view 0 in phys-view 0 isn't Neumann (not Multi Phase treating)
Face Momentum (sd=  0): max value of div(mf) (cv=22256) = 1.668848e-10
Flow alg-view 0 is not Neumann (not for Phase Change + Nested Iters)
+----+----+--------------+--------------+--------------+--------------+--------------+------+----+-+-+--+------+
|Name|view| Initial res  | Initial resL1| Target res   | Final res    | Final res L1 |Visits|Iter|R|F|CL|Status|
| BG |   0|  7.660620e-18|  3.341166e-07|  3.271790e-19|  2.340037e-19|  5.907133e-08|     6|  18|0|n|30|  OK  |
log10(resTarget_Lim / resTarget_Orig): 2.8 
Face Momentum (sd=  0): max value of div(mf) (cv=39627) = 3.860628e-11
	norm_L2 of div(momentum) = 4.837393e-10.
Flow alg-view 0 in phys-view 0 isn't Neumann (not Multi Phase treating)
LOG: number of a-faces with weighted approximations in 0 subdomain: 9.89889 percent
LOG: Rate of a-faces corrected to CUp1st in 0 subdomain: 1.33106 %
slv : SolveBL stage
|nsd|Real WF|NormalF|Cycle F|CriticF| EdgeF |CyclBrF|ExtParF|RWFnumSt|StLvlNum|  nfw  |  alp_U_min  |  nfw  |  alp_U_max  |  nfw  |  alp_T_min  |  nfw  |  alp_T_max  |  nfw  |  BL_s_min   |  nfw  |   BL_s_max  |
|  0|  12896|  12822|      0|      2|     72|      0|      0|   12896|     122|   2053|0            |   3931|1538.78      |   2912|0            |  10559|10292.8      |   7470|-8.37536     |   2912|0            |
Face Momentum (sd=  0): max value of div(mf) (cv=39627) = 3.860628e-11
	norm_L2 of div(momentum) = 4.837393e-10.
slv : 3m: nsd = 0 
slv :  3m: ROTATION = NO 
slv :  3m: gravity_vector     = {	 0 	 -9.81 	 0	 }  
slv :  3m: gravity_vector_LCS = {	 0 	 -9.81 	 0	 }  
slv :  +----+----+----+--------------+--------------+--------------+--------------+--------------+------+----+-+-+--+------+
|Name|view| n_y| Initial res  | Initial resL1| Target res   | Final res    | Final res L1 |Visits|Iter|R|F|CL|Status|
+----+----+----+--------------+--------------+--------------+--------------+--------------+------+----+-+-+--+------+
| 3M |   0|   0|  6.237410e-12|  3.988805e-04|  9.923022e-17|  6.302246e-17|  3.595727e-07|     2|   6|0|n|29|  OK  |
Velocity (predicted):
        (local) sd   0: min(  26352)=0.0051705402819982   , max(  46151)=11.849452957658      
Flow alg-view 0 is not Neumann (not for Phase Change + Nested Iters)
+----+----+--------------+--------------+--------------+--------------+--------------+------+----+-+-+--+------+
|Name|view| Initial res  | Initial resL1| Target res   | Final res    | Final res L1 |Visits|Iter|R|F|CL|Status|
|DVGR|   0|  6.750051e-13|  5.518772e-05|  4.218782e-17|  9.660735e-18|  3.544439e-07|     5|  15|0|n|30|  OK  |
PRESSURE SOLVER(geom_index=  0): sum_C_dp=8.55816e-13
Face Momentum (sd=  0): max value of div(mf) (cv=24508) = 2.314126e-10
	norm_L2 of div(momentum) = 3.108173e-09.
nsd = 0 min_dtHy = 0.00012282 (nCV =	46180 ) max_dtHy = 0.00304819 (nCV =	2282 ) 
+----+----+--------------+--------------+--------------+--------------+--------------+------+----+-+-+--+------+
|Name|view| Initial res  | Initial resL1| Target res   | Final res    | Final res L1 |Visits|Iter|R|F|CL|Status|
|CHT |   0|  3.176757e-10|  1.626649e-03|  1.985473e-14|  7.035504e-17|  4.888695e-07|     2|  18|0|n|30|  OK  |
nsd = 0 min_dtke = 3.78453e-05 (nCV =	46200 ) max_dtke = 0.00119986 (nCV =	27355 ) 
+----+----+----+--------------+--------------+--------------+--------------+--------------+------+----+-+-+--+------+
|Name|view| n_y| Initial res  | Initial resL1| Target res   | Final res    | Final res L1 |Visits|Iter|R|F|CL|Status|
+----+----+----+--------------+--------------+--------------+--------------+--------------+------+----+-+-+--+------+
|turb|   0|   0|  7.509993e-12|  5.526162e-05|  5.643223e-21|  4.833079e-22|  8.492452e-10|     4|  24|0|n|30|  OK  |
|turb|   0|   1|  1.420324e-04|  1.372551e-01|  1.161128e-15|  1.059162e-16|  4.159422e-07|     4|  24|0|n|30|  OK  |
Filter: K,E,momentum: sd =   0 isolating K from zero=     51 E from zero=  20853 E from infinity=  21950
slv : Fluid subdom(new) 0
slv : P static (new)                 : min(  44654) = 101324.74550346      , max(   8670) = 101422.32593611      
slv : P_static - Rho*g*h (new)       : min(  44654) = 101324.74200806      , max(   8670) = 101422.34414085      
slv : Density (new)                  : min(  47398) = 1.330085613085       , max(   8670) = 1.3312890917445      
slv : Velocity (new)                 : min(  16010) = 0.0059155125783691   , max(  46151) = 11.874152296811      
slv : Mach number (new)              : min(  16010) = 1.8147660450432e-05  , max(  46151) = 0.036431903712073    
slv : Turbulent k (new)              : min(   2681) = 1e-40                , max(  24019) = 2.0407569625672      
slv : Turbulent e (new)              : min(   7574) = 3.4290964249168e-40  , max(  23590) = 6745.5754891547      
slv : Temperature (new)              : min(  46162) = 293.12593851458      , max(   8672) = 293.21129967227      
slv : Total enthalpy, Y-shifted (new): min(  41488) = -12.697922168361     , max(   7576) = 12.320323419894      
slv : MASS FLUXES AT OPENINGS: MF=-0.000260972, AP=0.000260967
slv : DvGr statistics: min alpha=0.114024(nfa=88066, geom_slice=0)
slv : +----------------------------------+------------+-------+------------+------------+
slv : |          Collector name          | Total Time | Count |  Avg Time  |  Max Time  |
slv : +----------------------------------+------------+-------+------------+------------+
slv : | Calculate_inc                    |      20.348|     36|       0.565|       0.799|
slv : | CollectEMT_Results               |       0.000|     37|       0.000|       0.000|
slv : | HeatPathCalculator_Dynamic       |       0.017|      1|       0.017|       0.017|
slv : | LiSy_make_portrait               |       0.459|    169|       0.003|       0.016|
slv : | Results_processing               |       2.633|     36|       0.073|       0.092|
slv : | build_sl_ordering_CHT            |       0.016|     37|       0.000|       0.005|
slv : | build_sl_ordering_MDS            |       0.082|     37|       0.002|       0.014|
slv : | build_sl_ordering_fluid          |       0.081|     37|       0.002|       0.014|
slv : | calc_Convolutions_MDS            |       0.646|     37|       0.017|       0.021|
slv : | calc_wall_dist                   |       2.275|      1|       2.275|       2.275|
slv : | create_Gr_operators_MDS          |       0.632|     37|       0.017|       0.024|
slv : | create_Gr_operators_portrait_MDS |       0.190|     37|       0.005|       0.008|
slv : | init_Hy_group_MDS                |       0.348|     37|       0.009|       0.013|
slv : | perform_stage_total              |      20.312|   1007|       0.020|       2.275|
slv : | precalc_at_start_MDS             |       1.593|      2|       0.796|       1.564|
slv : | solve_3M_MDS                     |       2.281|     37|       0.062|       0.080|
slv : | solve_3M_alg_MDS                 |       1.274|     37|       0.034|       0.052|
slv : | solve_BG_MDS                     |       1.434|     37|       0.039|       0.061|
slv : | solve_BG_alg_MDS                 |       1.163|     37|       0.031|       0.055|
slv : | solve_BL_MDS                     |       3.643|     37|       0.098|       0.242|
slv : | solve_CHT                        |       1.129|     37|       0.031|       0.066|
slv : | solve_CHT_MDS                    |       0.903|     37|       0.024|       0.061|
slv : | solve_CHT_alg_MDS                |       0.411|     37|       0.011|       0.046|
slv : | solve_DvGr_MDS                   |       4.336|     37|       0.117|       0.207|
slv : | solve_DvGr_alg_MDS               |       2.563|     37|       0.069|       0.161|
slv : | solve_INPR_MDS                   |       0.000|      1|       0.000|       0.000|
slv : | solve_PS+QJ                      |       0.000|      0|       0.000|       0.000|
slv : | solve_YLMA_MDS                   |       0.000|     37|       0.000|       0.000|
slv : | solve_YNOx_MDS                   |       0.000|     37|       0.000|       0.000|
slv : | solve_YTd_MDS                    |       0.001|     37|       0.000|       0.000|
slv : | solve_YTurb_MDS                  |       4.371|     37|       0.118|       0.172|
slv : | solve_YTurb_alg_MDS              |       1.990|     74|       0.027|       0.056|
slv : | update_BC_MDS                    |       0.000|     38|       0.000|       0.000|
slv : | update_Mf_after_DvGr             |       0.347|     37|       0.009|       0.015|
slv : | update_VelPressure_MDS           |       0.110|     37|       0.003|       0.005|
slv : +----------------------------------+------------+-------+------------+------------+
-----------------------------------------------------------------------
Memory Working Set Current = 386.08 Mb, Memory Working Set Peak = 386.08 Mb
Memory Private Bytes Current = 414.08 Mb, Memory Private Bytes Peak = 414.08 Mb
Process Threads Number: 32
-----------------------------------------------------------------------
Algebra Pool      : mem_usage = 205.31 Mb, allocated count = 2287

================== Tstep=37 ===================
nslice = 0; reset pressure calculator:  Rho_ref_grav_new = 1.33099
nslice = 0  P_ref = 101325
nslice = 0  Rho_ref_grav_old = 1.33099, Rho_ref_grav_new = 1.33099
 fluid-flow view[  0]: rho_ref_grav_averaged_in_view = 1.3309894415607       
<Dynamic P> on nsd = 0 {openings (inlet / outlet)}:
  (SP = Static Pressure, EP = Environment Pressure, TP = Total Pressure, E = External)
  {#1, SP, (0.000000e+00 / 7.103773e+01)}
  MWS[  0]=0.419818
tau_viscous_averaged = 0.00427274 
dt(mass,momentum; nsd=  0): min dt/dtG(ncv=  46078)=1.00 , max dt/dtG(ncv=   2282)=24.8   , dtG=0.00012249
Flow alg-view 0 in phys-view 0 isn't Neumann (not Multi Phase treating)
Face Momentum (sd=  0): max value of div(mf) (cv=24508) = 2.314126e-10
Flow alg-view 0 is not Neumann (not for Phase Change + Nested Iters)
+----+----+--------------+--------------+--------------+--------------+--------------+------+----+-+-+--+------+
|Name|view| Initial res  | Initial resL1| Target res   | Final res    | Final res L1 |Visits|Iter|R|F|CL|Status|
| BG |   0|  9.798339e-18|  3.599782e-07|  4.218782e-19|  2.713430e-19|  6.069774e-08|     6|  18|0|n|30|  OK  |
log10(resTarget_Lim / resTarget_Orig): 2.8 
Face Momentum (sd=  0): max value of div(mf) (cv=43995) = 3.307557e-11
	norm_L2 of div(momentum) = 5.209060e-10.
Flow alg-view 0 in phys-view 0 isn't Neumann (not Multi Phase treating)
LOG: number of a-faces with weighted approximations in 0 subdomain: 10.03 percent
LOG: Rate of a-faces corrected to CUp1st in 0 subdomain: 1.3478 %
slv : SolveBL stage
|nsd|Real WF|NormalF|Cycle F|CriticF| EdgeF |CyclBrF|ExtParF|RWFnumSt|StLvlNum|  nfw  |  alp_U_min  |  nfw  |  alp_U_max  |  nfw  |  alp_T_min  |  nfw  |  alp_T_max  |  nfw  |  BL_s_min   |  nfw  |   BL_s_max  |
|  0|  12896|  12822|      0|      2|     72|      0|      0|   12896|     122|   2053|0            |   4860|972.697      |   2097|0            |   7585|34782.5      |   7470|-9.16584     |   2097|0            |
Face Momentum (sd=  0): max value of div(mf) (cv=43995) = 3.307557e-11
	norm_L2 of div(momentum) = 5.209060e-10.
slv : 3m: nsd = 0 
slv :  3m: ROTATION = NO 
slv :  3m: gravity_vector     = {	 0 	 -9.81 	 0	 }  
slv :  3m: gravity_vector_LCS = {	 0 	 -9.81 	 0	 }  
slv :  +----+----+----+--------------+--------------+--------------+--------------+--------------+------+----+-+-+--+------+
|Name|view| n_y| Initial res  | Initial resL1| Target res   | Final res    | Final res L1 |Visits|Iter|R|F|CL|Status|
+----+----+----+--------------+--------------+--------------+--------------+--------------+------+----+-+-+--+------+
| 3M |   0|   0|  5.736483e-12|  3.693945e-04|  1.003383e-16|  4.530883e-17|  3.027019e-07|     2|   6|0|n|29|  OK  |
Velocity (predicted):
        (local) sd   0: min(  16806)=0.0041876227286195   , max(  46151)=11.881301651987      
Flow alg-view 0 is not Neumann (not for Phase Change + Nested Iters)
+----+----+--------------+--------------+--------------+--------------+--------------+------+----+-+-+--+------+
|Name|view| Initial res  | Initial resL1| Target res   | Final res    | Final res L1 |Visits|Iter|R|F|CL|Status|
|DVGR|   0|  7.272585e-13|  5.494211e-05|  4.545365e-17|  1.070981e-17|  3.430526e-07|     5|  15|0|n|30|  OK  |
PRESSURE SOLVER(geom_index=  0): sum_C_dp=8.6985e-13
Face Momentum (sd=  0): max value of div(mf) (cv=24508) = 2.805917e-10
	norm_L2 of div(momentum) = 3.272585e-09.
nsd = 0 min_dtHy = 0.000122496 (nCV =	46200 ) max_dtHy = 0.00304259 (nCV =	2282 ) 
+----+----+--------------+--------------+--------------+--------------+--------------+------+----+-+-+--+------+
|Name|view| Initial res  | Initial resL1| Target res   | Final res    | Final res L1 |Visits|Iter|R|F|CL|Status|
|CHT |   0|  2.459801e-10|  1.488290e-03|  1.537376e-14|  4.425180e-17|  3.667963e-07|     2|  18|0|n|30|  OK  |
nsd = 0 min_dtke = 3.76921e-05 (nCV =	46180 ) max_dtke = 0.0011975 (nCV =	27355 ) 
+----+----+----+--------------+--------------+--------------+--------------+--------------+------+----+-+-+--+------+
|Name|view| n_y| Initial res  | Initial resL1| Target res   | Final res    | Final res L1 |Visits|Iter|R|F|CL|Status|
+----+----+----+--------------+--------------+--------------+--------------+--------------+------+----+-+-+--+------+
|turb|   0|   0|  8.606701e-12|  5.454170e-05|  5.768813e-21|  4.138452e-22|  8.024201e-10|     4|  24|0|n|30|  OK  |
|turb|   0|   1|  1.748701e-04|  1.378348e-01|  1.198893e-15|  9.045806e-17|  3.750454e-07|     4|  24|0|n|30|  OK  |
Filter: K,E,momentum: sd =   0 isolating K from zero=     67 E from zero=  21448 E from infinity=  22033
slv : Fluid subdom(new) 0
slv : P static (new)                 : min(  44654) = 101324.75214316      , max(   8670) = 101422.76201122      
slv : P_static - Rho*g*h (new)       : min(  44654) = 101324.74864775      , max(   8670) = 101422.78021602      
slv : Density (new)                  : min(  47398) = 1.3300868395776      , max(   8670) = 1.3312948167052      
slv : Velocity (new)                 : min(  16806) = 0.003678181048168    , max(  46151) = 11.899556826866      
slv : Mach number (new)              : min(  16806) = 1.1283951084877e-05  , max(  46151) = 0.036509769875763    
slv : Turbulent k (new)              : min(   2681) = 1e-40                , max(  24019) = 2.0878717693779      
slv : Turbulent e (new)              : min(   7574) = 3.4290828833212e-40  , max(  23590) = 7102.4940351159      
slv : Temperature (new)              : min(  45438) = 293.12648497456      , max(   8672) = 293.21131032732      
slv : Total enthalpy, Y-shifted (new): min(  41488) = -12.934956863614     , max(   7576) = 12.320311911394      
slv : MASS FLUXES AT OPENINGS: MF=-0.000260966, AP=0.000260961
slv : DvGr statistics: min alpha=0.113831(nfa=88066, geom_slice=0)
slv : +----------------------------------+------------+-------+------------+------------+
slv : |          Collector name          | Total Time | Count |  Avg Time  |  Max Time  |
slv : +----------------------------------+------------+-------+------------+------------+
slv : | Calculate_inc                    |      20.958|     37|       0.566|       0.799|
slv : | CollectEMT_Results               |       0.000|     38|       0.000|       0.000|
slv : | HeatPathCalculator_Dynamic       |       0.017|      1|       0.017|       0.017|
slv : | LiSy_make_portrait               |       0.470|    173|       0.003|       0.016|
slv : | Results_processing               |       2.712|     37|       0.073|       0.092|
slv : | build_sl_ordering_CHT            |       0.016|     38|       0.000|       0.005|
slv : | build_sl_ordering_MDS            |       0.082|     38|       0.002|       0.014|
slv : | build_sl_ordering_fluid          |       0.081|     38|       0.002|       0.014|
slv : | calc_Convolutions_MDS            |       0.667|     38|       0.018|       0.021|
slv : | calc_wall_dist                   |       2.275|      1|       2.275|       2.275|
slv : | create_Gr_operators_MDS          |       0.652|     38|       0.017|       0.024|
slv : | create_Gr_operators_portrait_MDS |       0.194|     38|       0.005|       0.008|
slv : | init_Hy_group_MDS                |       0.359|     38|       0.009|       0.013|
slv : | perform_stage_total              |      20.824|   1034|       0.020|       2.275|
slv : | precalc_at_start_MDS             |       1.593|      2|       0.796|       1.564|
slv : | solve_3M_MDS                     |       2.352|     38|       0.062|       0.080|
slv : | solve_3M_alg_MDS                 |       1.312|     38|       0.035|       0.052|
slv : | solve_BG_MDS                     |       1.463|     38|       0.039|       0.061|
slv : | solve_BG_alg_MDS                 |       1.186|     38|       0.031|       0.055|
slv : | solve_BL_MDS                     |       3.739|     38|       0.098|       0.242|
slv : | solve_CHT                        |       1.178|     38|       0.031|       0.066|
slv : | solve_CHT_MDS                    |       0.945|     38|       0.025|       0.061|
slv : | solve_CHT_alg_MDS                |       0.438|     38|       0.012|       0.046|
slv : | solve_DvGr_MDS                   |       4.435|     38|       0.117|       0.207|
slv : | solve_DvGr_alg_MDS               |       2.615|     38|       0.069|       0.161|
slv : | solve_INPR_MDS                   |       0.000|      1|       0.000|       0.000|
slv : | solve_PS+QJ                      |       0.000|      0|       0.000|       0.000|
slv : | solve_YLMA_MDS                   |       0.000|     38|       0.000|       0.000|
slv : | solve_YNOx_MDS                   |       0.000|     38|       0.000|       0.000|
slv : | solve_YTd_MDS                    |       0.001|     38|       0.000|       0.000|
slv : | solve_YTurb_MDS                  |       4.535|     38|       0.119|       0.172|
slv : | solve_YTurb_alg_MDS              |       2.085|     76|       0.027|       0.056|
slv : | update_BC_MDS                    |       0.000|     39|       0.000|       0.000|
slv : | update_Mf_after_DvGr             |       0.358|     38|       0.009|       0.015|
slv : | update_VelPressure_MDS           |       0.113|     38|       0.003|       0.005|
slv : +----------------------------------+------------+-------+------------+------------+
-----------------------------------------------------------------------
Memory Working Set Current = 386.06 Mb, Memory Working Set Peak = 386.08 Mb
Memory Private Bytes Current = 414.08 Mb, Memory Private Bytes Peak = 414.08 Mb
Process Threads Number: 32
-----------------------------------------------------------------------
Algebra Pool      : mem_usage = 205.31 Mb, allocated count = 2291

================== Tstep=38 ===================
nslice = 0; reset pressure calculator:  Rho_ref_grav_new = 1.33099
nslice = 0  P_ref = 101325
nslice = 0  Rho_ref_grav_old = 1.33099, Rho_ref_grav_new = 1.33099
 fluid-flow view[  0]: rho_ref_grav_averaged_in_view = 1.3309940943883       
<Dynamic P> on nsd = 0 {openings (inlet / outlet)}:
  (SP = Static Pressure, EP = Environment Pressure, TP = Total Pressure, E = External)
  {#1, SP, (0.000000e+00 / 7.118809e+01)}
  MWS[  0]=0.420717
tau_viscous_averaged = 0.00427146 
dt(mass,momentum; nsd=  0): min dt/dtG(ncv=  46078)=1.00 , max dt/dtG(ncv=   2282)=24.9   , dtG=0.000121948
Flow alg-view 0 in phys-view 0 isn't Neumann (not Multi Phase treating)
Face Momentum (sd=  0): max value of div(mf) (cv=24508) = 2.805917e-10
Flow alg-view 0 is not Neumann (not for Phase Change + Nested Iters)
+----+----+--------------+--------------+--------------+--------------+--------------+------+----+-+-+--+------+
|Name|view| Initial res  | Initial resL1| Target res   | Final res    | Final res L1 |Visits|Iter|R|F|CL|Status|
| BG |   0|  1.083151e-17|  3.482652e-07|  4.545365e-19|  2.783855e-19|  6.189339e-08|     6|  18|0|n|30|  OK  |
log10(resTarget_Lim / resTarget_Orig): 2.8 
Face Momentum (sd=  0): max value of div(mf) (cv=43995) = 3.381104e-11
	norm_L2 of div(momentum) = 5.276225e-10.
Flow alg-view 0 in phys-view 0 isn't Neumann (not Multi Phase treating)
LOG: number of a-faces with weighted approximations in 0 subdomain: 10.1233 percent
LOG: Rate of a-faces corrected to CUp1st in 0 subdomain: 1.37814 %
slv : SolveBL stage
|nsd|Real WF|NormalF|Cycle F|CriticF| EdgeF |CyclBrF|ExtParF|RWFnumSt|StLvlNum|  nfw  |  alp_U_min  |  nfw  |  alp_U_max  |  nfw  |  alp_T_min  |  nfw  |  alp_T_max  |  nfw  |  BL_s_min   |  nfw  |   BL_s_max  |
|  0|  12896|  12822|      0|      2|     72|      0|      0|   12896|     121|   2053|0            |   3931|19192.1      |   2097|0            |   5094|23900.4      |   7470|-9.86204     |   2097|0            |
Face Momentum (sd=  0): max value of div(mf) (cv=43995) = 3.381104e-11
	norm_L2 of div(momentum) = 5.276225e-10.
slv : 3m: nsd = 0 
slv :  3m: ROTATION = NO 
slv :  3m: gravity_vector     = {	 0 	 -9.81 	 0	 }  
slv :  3m: gravity_vector_LCS = {	 0 	 -9.81 	 0	 }  
slv :  +----+----+----+--------------+--------------+--------------+--------------+--------------+------+----+-+-+--+------+
|Name|view| n_y| Initial res  | Initial resL1| Target res   | Final res    | Final res L1 |Visits|Iter|R|F|CL|Status|
+----+----+----+--------------+--------------+--------------+--------------+--------------+------+----+-+-+--+------+
| 3M |   0|   0|  5.427060e-12|  3.463919e-04|  1.008868e-16|  3.056980e-17|  2.523863e-07|     2|   6|0|n|29|  OK  |
Velocity (predicted):
        (local) sd   0: min(  22470)=0.0025782629551699   , max(  46080)=11.92340107108       
Flow alg-view 0 is not Neumann (not for Phase Change + Nested Iters)
+----+----+--------------+--------------+--------------+--------------+--------------+------+----+-+-+--+------+
|Name|view| Initial res  | Initial resL1| Target res   | Final res    | Final res L1 |Visits|Iter|R|F|CL|Status|
|DVGR|   0|  7.220499e-13|  5.291761e-05|  4.512812e-17|  9.812436e-18|  3.145517e-07|     5|  15|0|n|30|  OK  |
PRESSURE SOLVER(geom_index=  0): sum_C_dp=7.48519e-13
Face Momentum (sd=  0): max value of div(mf) (cv=24508) = 2.615019e-10
	norm_L2 of div(momentum) = 3.132481e-09.
nsd = 0 min_dtHy = 0.000121954 (nCV =	46078 ) max_dtHy = 0.00303882 (nCV =	2282 ) 
+----+----+--------------+--------------+--------------+--------------+--------------+------+----+-+-+--+------+
|Name|view| Initial res  | Initial resL1| Target res   | Final res    | Final res L1 |Visits|Iter|R|F|CL|Status|
|CHT |   0|  1.916911e-10|  1.321840e-03|  1.198070e-14|  2.550933e-17|  2.671039e-07|     2|  18|0|n|30|  OK  |
nsd = 0 min_dtke = 3.75951e-05 (nCV =	46178 ) max_dtke = 0.00119655 (nCV =	27355 ) 
+----+----+----+--------------+--------------+--------------+--------------+--------------+------+----+-+-+--+------+
|Name|view| n_y| Initial res  | Initial resL1| Target res   | Final res    | Final res L1 |Visits|Iter|R|F|CL|Status|
+----+----+----+--------------+--------------+--------------+--------------+--------------+------+----+-+-+--+------+
|turb|   0|   0|  9.643237e-12|  5.396718e-05|  5.827223e-21|  3.498392e-22|  7.607475e-10|     4|  24|0|n|30|  OK  |
|turb|   0|   1|  2.075674e-04|  1.384843e-01|  1.216134e-15|  7.673103e-17|  3.434792e-07|     4|  24|0|n|30|  OK  |
Filter: K,E,momentum: sd =   0 isolating K from zero=     71 E from zero=  21885 E from infinity=  22091
slv : Fluid subdom(new) 0
slv : P static (new)                 : min(  44654) = 101324.75321137      , max(   8670) = 101423.13125229      
slv : P_static - Rho*g*h (new)       : min(  44654) = 101324.74971595      , max(   8670) = 101423.14945716      
slv : Density (new)                  : min(  47398) = 1.3300878879344      , max(   8670) = 1.3312996680472      
slv : Velocity (new)                 : min(  22076) = 0.0044280326912683   , max(  46080) = 11.929973661673      
slv : Mach number (new)              : min(  22076) = 1.3584284461707e-05  , max(  46080) = 0.036603338690353    
slv : Turbulent k (new)              : min(   2681) = 1e-40                , max(  24019) = 2.1623394257122      
slv : Turbulent e (new)              : min(   7616) = 3.2917186569674e-40  , max(  23590) = 7491.734572561       
slv : Temperature (new)              : min(  44748) = 293.12714018803      , max(   8672) = 293.21131509598      
slv : Total enthalpy, Y-shifted (new): min(  40285) = -13.098684328236     , max(   7576) = 12.320317699005      
slv : MASS FLUXES AT OPENINGS: MF=-0.000260961, AP=0.000260957
slv : DvGr statistics: min alpha=0.113689(nfa=88066, geom_slice=0)
slv : +----------------------------------+------------+-------+------------+------------+
slv : |          Collector name          | Total Time | Count |  Avg Time  |  Max Time  |
slv : +----------------------------------+------------+-------+------------+------------+
slv : | Calculate_inc                    |      21.571|     38|       0.568|       0.799|
slv : | CollectEMT_Results               |       0.000|     39|       0.000|       0.000|
slv : | HeatPathCalculator_Dynamic       |       0.017|      1|       0.017|       0.017|
slv : | LiSy_make_portrait               |       0.481|    177|       0.003|       0.016|
slv : | Results_processing               |       2.783|     38|       0.073|       0.092|
slv : | build_sl_ordering_CHT            |       0.016|     39|       0.000|       0.005|
slv : | build_sl_ordering_MDS            |       0.083|     39|       0.002|       0.014|
slv : | build_sl_ordering_fluid          |       0.081|     39|       0.002|       0.014|
slv : | calc_Convolutions_MDS            |       0.684|     39|       0.018|       0.021|
slv : | calc_wall_dist                   |       2.275|      1|       2.275|       2.275|
slv : | create_Gr_operators_MDS          |       0.668|     39|       0.017|       0.024|
slv : | create_Gr_operators_portrait_MDS |       0.202|     39|       0.005|       0.008|
slv : | init_Hy_group_MDS                |       0.370|     39|       0.009|       0.013|
slv : | perform_stage_total              |      21.338|   1061|       0.020|       2.275|
slv : | precalc_at_start_MDS             |       1.593|      2|       0.796|       1.564|
slv : | solve_3M_MDS                     |       2.411|     39|       0.062|       0.080|
slv : | solve_3M_alg_MDS                 |       1.347|     39|       0.035|       0.052|
slv : | solve_BG_MDS                     |       1.498|     39|       0.038|       0.061|
slv : | solve_BG_alg_MDS                 |       1.212|     39|       0.031|       0.055|
slv : | solve_BL_MDS                     |       3.834|     39|       0.098|       0.242|
slv : | solve_CHT                        |       1.223|     39|       0.031|       0.066|
slv : | solve_CHT_MDS                    |       0.983|     39|       0.025|       0.061|
slv : | solve_CHT_alg_MDS                |       0.462|     39|       0.012|       0.046|
slv : | solve_DvGr_MDS                   |       4.551|     39|       0.117|       0.207|
slv : | solve_DvGr_alg_MDS               |       2.674|     39|       0.069|       0.161|
slv : | solve_INPR_MDS                   |       0.000|      1|       0.000|       0.000|
slv : | solve_PS+QJ                      |       0.000|      0|       0.000|       0.000|
slv : | solve_YLMA_MDS                   |       0.000|     39|       0.000|       0.000|
slv : | solve_YNOx_MDS                   |       0.000|     39|       0.000|       0.000|
slv : | solve_YTd_MDS                    |       0.001|     39|       0.000|       0.000|
slv : | solve_YTurb_MDS                  |       4.688|     39|       0.120|       0.172|
slv : | solve_YTurb_alg_MDS              |       2.177|     78|       0.028|       0.056|
slv : | update_BC_MDS                    |       0.000|     40|       0.000|       0.000|
slv : | update_Mf_after_DvGr             |       0.370|     39|       0.009|       0.015|
slv : | update_VelPressure_MDS           |       0.117|     39|       0.003|       0.005|
slv : +----------------------------------+------------+-------+------------+------------+
-----------------------------------------------------------------------
Memory Working Set Current = 386.07 Mb, Memory Working Set Peak = 386.08 Mb
Memory Private Bytes Current = 414.08 Mb, Memory Private Bytes Peak = 414.08 Mb
Process Threads Number: 32
-----------------------------------------------------------------------
Algebra Pool      : mem_usage = 205.31 Mb, allocated count = 2287

================== Tstep=39 ===================
nslice = 0; reset pressure calculator:  Rho_ref_grav_new = 1.331
nslice = 0  P_ref = 101325
nslice = 0  Rho_ref_grav_old = 1.33099, Rho_ref_grav_new = 1.331
 fluid-flow view[  0]: rho_ref_grav_averaged_in_view = 1.3309980809413       
<Dynamic P> on nsd = 0 {openings (inlet / outlet)}:
  (SP = Static Pressure, EP = Environment Pressure, TP = Total Pressure, E = External)
  {#1, SP, (0.000000e+00 / 7.131623e+01)}
  MWS[  0]=0.421792
tau_viscous_averaged = 0.00426958 
dt(mass,momentum; nsd=  0): min dt/dtG(ncv=  46078)=1.00 , max dt/dtG(ncv=   2282)=25.0   , dtG=0.000121198
Flow alg-view 0 in phys-view 0 isn't Neumann (not Multi Phase treating)
Face Momentum (sd=  0): max value of div(mf) (cv=24508) = 2.615019e-10
Flow alg-view 0 is not Neumann (not for Phase Change + Nested Iters)
+----+----+--------------+--------------+--------------+--------------+--------------+------+----+-+-+--+------+
|Name|view| Initial res  | Initial resL1| Target res   | Final res    | Final res L1 |Visits|Iter|R|F|CL|Status|
| BG |   0|  9.919722e-18|  3.194603e-07|  4.512812e-19|  2.361515e-19|  5.932233e-08|     6|  18|0|n|30|  OK  |
log10(resTarget_Lim / resTarget_Orig): 2.9 
Face Momentum (sd=  0): max value of div(mf) (cv=43995) = 2.986037e-11
	norm_L2 of div(momentum) = 4.859542e-10.
Flow alg-view 0 in phys-view 0 isn't Neumann (not Multi Phase treating)
LOG: number of a-faces with weighted approximations in 0 subdomain: 10.1376 percent
LOG: Rate of a-faces corrected to CUp1st in 0 subdomain: 1.36017 %
slv : SolveBL stage
|nsd|Real WF|NormalF|Cycle F|CriticF| EdgeF |CyclBrF|ExtParF|RWFnumSt|StLvlNum|  nfw  |  alp_U_min  |  nfw  |  alp_U_max  |  nfw  |  alp_T_min  |  nfw  |  alp_T_max  |  nfw  |  BL_s_min   |  nfw  |   BL_s_max  |
|  0|  12896|  12822|      0|      2|     72|      0|      0|   12896|     121|   2053|0            |   2929|1593.62      |   2097|0            |   5198|23256.9      |   7470|-10.4899     |   2097|0            |
Face Momentum (sd=  0): max value of div(mf) (cv=43995) = 2.986037e-11
	norm_L2 of div(momentum) = 4.859542e-10.
slv : 3m: nsd = 0 
slv :  3m: ROTATION = NO 
slv :  3m: gravity_vector     = {	 0 	 -9.81 	 0	 }  
slv :  3m: gravity_vector_LCS = {	 0 	 -9.81 	 0	 }  
slv :  +----+----+----+--------------+--------------+--------------+--------------+--------------+------+----+-+-+--+------+
|Name|view| n_y| Initial res  | Initial resL1| Target res   | Final res    | Final res L1 |Visits|Iter|R|F|CL|Status|
+----+----+----+--------------+--------------+--------------+--------------+--------------+------+----+-+-+--+------+
| 3M |   0|   0|  4.878305e-12|  3.213364e-04|  1.015298e-16|  2.124657e-17|  2.129187e-07|     2|   6|0|n|29|  OK  |
Velocity (predicted):
        (local) sd   0: min(  21558)=0.0043007902190703   , max(  46080)=11.961126244422      
Flow alg-view 0 is not Neumann (not for Phase Change + Nested Iters)
+----+----+--------------+--------------+--------------+--------------+--------------+------+----+-+-+--+------+
|Name|view| Initial res  | Initial resL1| Target res   | Final res    | Final res L1 |Visits|Iter|R|F|CL|Status|
|DVGR|   0|  6.167554e-13|  4.944587e-05|  3.854721e-17|  8.204895e-18|  2.762765e-07|     5|  15|0|n|30|  OK  |
PRESSURE SOLVER(geom_index=  0): sum_C_dp=6.6438e-13
Face Momentum (sd=  0): max value of div(mf) (cv=24512) = 2.137381e-10
	norm_L2 of div(momentum) = 2.864419e-09.
nsd = 0 min_dtHy = 0.000121204 (nCV =	46078 ) max_dtHy = 0.00303066 (nCV =	2282 ) 
+----+----+--------------+--------------+--------------+--------------+--------------+------+----+-+-+--+------+
|Name|view| Initial res  | Initial resL1| Target res   | Final res    | Final res L1 |Visits|Iter|R|F|CL|Status|
|CHT |   0|  1.465367e-10|  1.135098e-03|  9.158545e-15|  1.393926e-17|  1.931951e-07|     2|  18|0|n|30|  OK  |
nsd = 0 min_dtke = 3.75409e-05 (nCV =	46200 ) max_dtke = 0.00119551 (nCV =	27355 ) 
+----+----+----+--------------+--------------+--------------+--------------+--------------+------+----+-+-+--+------+
|Name|view| n_y| Initial res  | Initial resL1| Target res   | Final res    | Final res L1 |Visits|Iter|R|F|CL|Status|
+----+----+----+--------------+--------------+--------------+--------------+--------------+------+----+-+-+--+------+
|turb|   0|   0|  1.044420e-11|  5.286744e-05|  5.897650e-21|  2.752548e-22|  6.808426e-10|     4|  24|0|n|30|  OK  |
|turb|   0|   1|  2.365030e-04|  1.381411e-01|  1.237105e-15|  6.324579e-17|  3.107449e-07|     4|  24|0|n|30|  OK  |
Filter: K,E,momentum: sd =   0 isolating K from zero=    104 E from zero=  22237 E from infinity=  21989
slv : Fluid subdom(new) 0
slv : P static (new)                 : min(  44654) = 101324.75155526      , max(   8670) = 101423.46457618      
slv : P_static - Rho*g*h (new)       : min(  44654) = 101324.74805982      , max(   8670) = 101423.4827811       
slv : Density (new)                  : min(  47398) = 1.3300888728387      , max(   8670) = 1.3313040500949      
slv : Velocity (new)                 : min(  21528) = 0.005026658630166    , max(  46080) = 11.966454089449      
slv : Mach number (new)              : min(  21528) = 1.5420851742435e-05  , max(  46080) = 0.03671520724064     
slv : Turbulent k (new)              : min(   1701) = 1e-40                , max(  24019) = 2.2468169368139      
slv : Turbulent e (new)              : min(   7616) = 3.2917072482592e-40  , max(  23590) = 7906.8936751834      
slv : Temperature (new)              : min(  44748) = 293.12785201839      , max(   8672) = 293.21131695554      
slv : Total enthalpy, Y-shifted (new): min(  41489) = -13.21753483687      , max(   7576) = 12.320305020801      
slv : MASS FLUXES AT OPENINGS: MF=-0.000260956, AP=0.000260953
slv : DvGr statistics: min alpha=0.113515(nfa=88066, geom_slice=0)
slv : +----------------------------------+------------+-------+------------+------------+
slv : |          Collector name          | Total Time | Count |  Avg Time  |  Max Time  |
slv : +----------------------------------+------------+-------+------------+------------+
slv : | Calculate_inc                    |      22.184|     39|       0.569|       0.799|
slv : | CollectEMT_Results               |       0.000|     40|       0.000|       0.000|
slv : | HeatPathCalculator_Dynamic       |       0.017|      1|       0.017|       0.017|
slv : | LiSy_make_portrait               |       0.492|    181|       0.003|       0.016|
slv : | Results_processing               |       2.850|     39|       0.073|       0.092|
slv : | build_sl_ordering_CHT            |       0.016|     40|       0.000|       0.005|
slv : | build_sl_ordering_MDS            |       0.083|     40|       0.002|       0.014|
slv : | build_sl_ordering_fluid          |       0.082|     40|       0.002|       0.014|
slv : | calc_Convolutions_MDS            |       0.700|     40|       0.018|       0.021|
slv : | calc_wall_dist                   |       2.275|      1|       2.275|       2.275|
slv : | create_Gr_operators_MDS          |       0.683|     40|       0.017|       0.024|
slv : | create_Gr_operators_portrait_MDS |       0.208|     40|       0.005|       0.008|
slv : | init_Hy_group_MDS                |       0.382|     40|       0.010|       0.013|
slv : | perform_stage_total              |      21.868|   1088|       0.020|       2.275|
slv : | precalc_at_start_MDS             |       1.593|      2|       0.796|       1.564|
slv : | solve_3M_MDS                     |       2.471|     40|       0.062|       0.080|
slv : | solve_3M_alg_MDS                 |       1.381|     40|       0.035|       0.052|
slv : | solve_BG_MDS                     |       1.534|     40|       0.038|       0.061|
slv : | solve_BG_alg_MDS                 |       1.240|     40|       0.031|       0.055|
slv : | solve_BL_MDS                     |       3.928|     40|       0.098|       0.242|
slv : | solve_CHT                        |       1.275|     40|       0.032|       0.066|
slv : | solve_CHT_MDS                    |       1.029|     40|       0.026|       0.061|
slv : | solve_CHT_alg_MDS                |       0.491|     40|       0.012|       0.046|
slv : | solve_DvGr_MDS                   |       4.652|     40|       0.116|       0.207|
slv : | solve_DvGr_alg_MDS               |       2.729|     40|       0.068|       0.161|
slv : | solve_INPR_MDS                   |       0.000|      1|       0.000|       0.000|
slv : | solve_PS+QJ                      |       0.000|      0|       0.000|       0.000|
slv : | solve_YLMA_MDS                   |       0.001|     40|       0.000|       0.000|
slv : | solve_YNOx_MDS                   |       0.000|     40|       0.000|       0.000|
slv : | solve_YTd_MDS                    |       0.001|     40|       0.000|       0.000|
slv : | solve_YTurb_MDS                  |       4.876|     40|       0.122|       0.187|
slv : | solve_YTurb_alg_MDS              |       2.292|     80|       0.029|       0.058|
slv : | update_BC_MDS                    |       0.000|     41|       0.000|       0.000|
slv : | update_Mf_after_DvGr             |       0.381|     40|       0.010|       0.015|
slv : | update_VelPressure_MDS           |       0.121|     40|       0.003|       0.005|
slv : +----------------------------------+------------+-------+------------+------------+
Interpolator cache: total calls 67646, optimised calls 26562 (39.3 %)
-----------------------------------------------------------------------
Memory Working Set Current = 386.07 Mb, Memory Working Set Peak = 386.08 Mb
Memory Private Bytes Current = 414.08 Mb, Memory Private Bytes Peak = 414.08 Mb
Process Threads Number: 32
-----------------------------------------------------------------------
Iteration : time = 3.48232 , count = 5 , time/count = 0.696465
Calculate_inc() : time = 3.08575 , count = 5 , time/count = 0.617151
TreatFlowEvolution() : time = 0.382854 , count = 5 , time/count = 0.0765708
SolverPreview : time = 0 , count = 5 , time/count = 0
TreatGoals : time = 0.36488 , count = 5 , time/count = 0.072976
Algebra Pool      : mem_usage = 205.31 Mb, allocated count = 2290

================== Tstep=40 ===================
nslice = 0; reset pressure calculator:  Rho_ref_grav_new = 1.331
nslice = 0  P_ref = 101325
nslice = 0  Rho_ref_grav_old = 1.331, Rho_ref_grav_new = 1.331
 fluid-flow view[  0]: rho_ref_grav_averaged_in_view = 1.3310016966468       
<Dynamic P> on nsd = 0 {openings (inlet / outlet)}:
  (SP = Static Pressure, EP = Environment Pressure, TP = Total Pressure, E = External)
  {#1, SP, (0.000000e+00 / 7.143037e+01)}
  MWS[  0]=0.423082
tau_viscous_averaged = 0.00426683 
dt(mass,momentum; nsd=  0): min dt/dtG(ncv=  46180)=1.00 , max dt/dtG(ncv=   2282)=25.1   , dtG=0.000176459
Flow alg-view 0 in phys-view 0 isn't Neumann (not Multi Phase treating)
Face Momentum (sd=  0): max value of div(mf) (cv=24512) = 2.137381e-10
Flow alg-view 0 is not Neumann (not for Phase Change + Nested Iters)
+----+----+--------------+--------------+--------------+--------------+--------------+------+----+-+-+--+------+
|Name|view| Initial res  | Initial resL1| Target res   | Final res    | Final res L1 |Visits|Iter|R|F|CL|Status|
| BG |   0|  8.299555e-18|  2.808899e-07|  3.854721e-19|  1.788789e-19|  5.071489e-08|     6|  18|0|n|30|  OK  |
log10(resTarget_Lim / resTarget_Orig): 2.9 
Face Momentum (sd=  0): max value of div(mf) (cv=43936) = 2.679023e-11
	norm_L2 of div(momentum) = 4.229407e-10.
Flow alg-view 0 in phys-view 0 isn't Neumann (not Multi Phase treating)
LOG: number of a-faces with weighted approximations in 0 subdomain: 10.0514 percent
LOG: Rate of a-faces corrected to CUp1st in 0 subdomain: 1.39052 %
slv : SolveBL stage
|nsd|Real WF|NormalF|Cycle F|CriticF| EdgeF |CyclBrF|ExtParF|RWFnumSt|StLvlNum|  nfw  |  alp_U_min  |  nfw  |  alp_U_max  |  nfw  |  alp_T_min  |  nfw  |  alp_T_max  |  nfw  |  BL_s_min   |  nfw  |   BL_s_max  |
|  0|  12896|  12822|      0|      2|     72|      0|      0|   12896|     122|   2053|0            |   4937|5318.76      |   2046|0            |   7894|35223.8      |   7470|-11.0074     |   2046|0            |
Face Momentum (sd=  0): max value of div(mf) (cv=43936) = 2.679023e-11
	norm_L2 of div(momentum) = 4.229407e-10.
slv : 3m: nsd = 0 
slv :  3m: ROTATION = NO 
slv :  3m: gravity_vector     = {	 0 	 -9.81 	 0	 }  
slv :  3m: gravity_vector_LCS = {	 0 	 -9.81 	 0	 }  
slv :  +----+----+----+--------------+--------------+--------------+--------------+--------------+------+----+-+-+--+------+
|Name|view| n_y| Initial res  | Initial resL1| Target res   | Final res    | Final res L1 |Visits|Iter|R|F|CL|Status|
+----+----+----+--------------+--------------+--------------+--------------+--------------+------+----+-+-+--+------+
| 3M |   0|   0|  4.534848e-12|  3.005036e-04|  9.373250e-17|  6.223441e-17|  3.871564e-07|     2|   6|0|n|29|  OK  |
Velocity (predicted):
        (local) sd   0: min(  26062)=0.0034296915307963   , max(  46080)=11.992906770404      
Flow alg-view 0 is not Neumann (not for Phase Change + Nested Iters)
+----+----+--------------+--------------+--------------+--------------+--------------+------+----+-+-+--+------+
|Name|view| Initial res  | Initial resL1| Target res   | Final res    | Final res L1 |Visits|Iter|R|F|CL|Status|
|DVGR|   0|  6.031948e-13|  4.963050e-05|  3.769968e-17|  8.279535e-18|  2.773580e-07|     5|  15|0|n|30|  OK  |
PRESSURE SOLVER(geom_index=  0): sum_C_dp=3.28734e-13
Face Momentum (sd=  0): max value of div(mf) (cv=24512) = 2.261083e-10
	norm_L2 of div(momentum) = 2.877418e-09.
nsd = 0 min_dtHy = 0.000176468 (nCV =	46180 ) max_dtHy = 0.00443113 (nCV =	2282 ) 
+----+----+--------------+--------------+--------------+--------------+--------------+------+----+-+-+--+------+
|Name|view| Initial res  | Initial resL1| Target res   | Final res    | Final res L1 |Visits|Iter|R|F|CL|Status|
|CHT |   0|  1.078828e-10|  9.437787e-04|  6.742678e-15|  1.314737e-16|  6.025447e-07|     2|  18|0|n|30|  OK  |
nsd = 0 min_dtke = 3.98602e-05 (nCV =	46180 ) max_dtke = 0.00158106 (nCV =	26792 ) 
+----+----+----+--------------+--------------+--------------+--------------+--------------+------+----+-+-+--+------+
|Name|view| n_y| Initial res  | Initial resL1| Target res   | Final res    | Final res L1 |Visits|Iter|R|F|CL|Status|
+----+----+----+--------------+--------------+--------------+--------------+--------------+------+----+-+-+--+------+
|turb|   0|   0|  1.078233e-11|  5.162088e-05|  5.583437e-21|  1.732946e-21|  1.728607e-09|     4|  24|0|n|30|  OK  |
|turb|   0|   1|  2.519454e-04|  1.365874e-01|  1.178787e-15|  4.214983e-16|  8.103150e-07|     4|  24|0|n|30|  OK  |
Filter: K,E,momentum: sd =   0 isolating K from zero=    100 E from zero=  22524 E from infinity=  21846
slv : Fluid subdom(new) 0
slv : P static (new)                 : min(  44654) = 101324.76559246      , max(   8670) = 101423.69810884      
slv : P_static - Rho*g*h (new)       : min(  44654) = 101324.76209702      , max(   8670) = 101423.71631381      
slv : Density (new)                  : min(  47390) = 1.3300900570858      , max(   8670) = 1.3313071227696      
slv : Velocity (new)                 : min(  26082) = 0.0044308061316318   , max(  46080) = 12.00252957508       
slv : Mach number (new)              : min(  26082) = 1.3592845347531e-05  , max(  46080) = 0.036825824986254    
slv : Turbulent k (new)              : min(   1702) = 1e-40                , max(  24019) = 2.3096209508107      
slv : Turbulent e (new)              : min(   7641) = 3.0686577638462e-40  , max(  23590) = 8314.5397688663      
slv : Temperature (new)              : min(  44748) = 293.12884479492      , max(   8672) = 293.2113175377       
slv : Total enthalpy, Y-shifted (new): min(  43229) = -13.253808765033     , max(   7576) = 12.320293444299      
slv : MASS FLUXES AT OPENINGS: MF=-0.000260951, AP=0.000260947
slv : DvGr statistics: min alpha=0.113401(nfa=88066, geom_slice=0)
slv : +----------------------------------+------------+-------+------------+------------+
slv : |          Collector name          | Total Time | Count |  Avg Time  |  Max Time  |
slv : +----------------------------------+------------+-------+------------+------------+
slv : | Calculate_inc                    |      22.820|     40|       0.571|       0.799|
slv : | CollectEMT_Results               |       0.000|     41|       0.000|       0.000|
slv : | HeatPathCalculator_Dynamic       |       0.017|      1|       0.017|       0.017|
slv : | LiSy_make_portrait               |       0.505|    186|       0.003|       0.016|
slv : | Results_processing               |       2.937|     40|       0.073|       0.092|
slv : | build_sl_ordering_CHT            |       0.016|     41|       0.000|       0.005|
slv : | build_sl_ordering_MDS            |       0.092|     41|       0.002|       0.014|
slv : | build_sl_ordering_fluid          |       0.090|     41|       0.002|       0.014|
slv : | calc_Convolutions_MDS            |       0.719|     41|       0.018|       0.021|
slv : | calc_wall_dist                   |       2.275|      1|       2.275|       2.275|
slv : | create_Gr_operators_MDS          |       0.700|     41|       0.017|       0.024|
slv : | create_Gr_operators_portrait_MDS |       0.213|     41|       0.005|       0.008|
slv : | init_Hy_group_MDS                |       0.391|     41|       0.010|       0.013|
slv : | perform_stage_total              |      22.377|   1115|       0.020|       2.275|
slv : | precalc_at_start_MDS             |       1.593|      2|       0.796|       1.564|
slv : | solve_3M_MDS                     |       2.530|     41|       0.062|       0.080|
slv : | solve_3M_alg_MDS                 |       1.416|     41|       0.035|       0.052|
slv : | solve_BG_MDS                     |       1.569|     41|       0.038|       0.061|
slv : | solve_BG_alg_MDS                 |       1.266|     41|       0.031|       0.055|
slv : | solve_BL_MDS                     |       4.040|     41|       0.099|       0.242|
slv : | solve_CHT                        |       1.315|     41|       0.032|       0.066|
slv : | solve_CHT_MDS                    |       1.063|     41|       0.026|       0.061|
slv : | solve_CHT_alg_MDS                |       0.514|     41|       0.013|       0.046|
slv : | solve_DvGr_MDS                   |       4.747|     41|       0.116|       0.207|
slv : | solve_DvGr_alg_MDS               |       2.781|     41|       0.068|       0.161|
slv : | solve_INPR_MDS                   |       0.000|      1|       0.000|       0.000|
slv : | solve_PS+QJ                      |       0.000|      0|       0.000|       0.000|
slv : | solve_YLMA_MDS                   |       0.001|     41|       0.000|       0.000|
slv : | solve_YNOx_MDS                   |       0.000|     41|       0.000|       0.000|
slv : | solve_YTd_MDS                    |       0.001|     41|       0.000|       0.000|
slv : | solve_YTurb_MDS                  |       5.023|     41|       0.123|       0.187|
slv : | solve_YTurb_alg_MDS              |       2.381|     82|       0.029|       0.058|
slv : | update_BC_MDS                    |       0.000|     42|       0.000|       0.000|
slv : | update_Mf_after_DvGr             |       0.389|     41|       0.009|       0.015|
slv : | update_VelPressure_MDS           |       0.124|     41|       0.003|       0.005|
slv : +----------------------------------+------------+-------+------------+------------+
-----------------------------------------------------------------------
Memory Working Set Current = 386.11 Mb, Memory Working Set Peak = 386.11 Mb
Memory Private Bytes Current = 414.08 Mb, Memory Private Bytes Peak = 414.08 Mb
Process Threads Number: 32
-----------------------------------------------------------------------
Algebra Pool      : mem_usage = 205.31 Mb, allocated count = 2286

================== Tstep=41 ===================
nslice = 0; reset pressure calculator:  Rho_ref_grav_new = 1.331
nslice = 0  P_ref = 101325
nslice = 0  Rho_ref_grav_old = 1.331, Rho_ref_grav_new = 1.331
 fluid-flow view[  0]: rho_ref_grav_averaged_in_view = 1.3310041325573       
<Dynamic P> on nsd = 0 {openings (inlet / outlet)}:
  (SP = Static Pressure, EP = Environment Pressure, TP = Total Pressure, E = External)
  {#1, SP, (0.000000e+00 / 7.156621e+01)}
  MWS[  0]=0.424358
tau_viscous_averaged = 0.00426304 
dt(mass,momentum; nsd=  0): min dt/dtG(ncv=  46180)=1.00 , max dt/dtG(ncv=   2282)=25.2   , dtG=0.000175191
Flow alg-view 0 in phys-view 0 isn't Neumann (not Multi Phase treating)
Face Momentum (sd=  0): max value of div(mf) (cv=24512) = 2.261083e-10
Flow alg-view 0 is not Neumann (not for Phase Change + Nested Iters)
+----+----+--------------+--------------+--------------+--------------+--------------+------+----+-+-+--+------+
|Name|view| Initial res  | Initial resL1| Target res   | Final res    | Final res L1 |Visits|Iter|R|F|CL|Status|
| BG |   0|  8.363090e-18|  2.816985e-07|  3.769968e-19|  1.982741e-19|  5.142478e-08|     6|  18|0|n|30|  OK  |
log10(resTarget_Lim / resTarget_Orig): 2.9 
Face Momentum (sd=  0): max value of div(mf) (cv=43995) = 3.020594e-11
	norm_L2 of div(momentum) = 4.452798e-10.
Flow alg-view 0 in phys-view 0 isn't Neumann (not Multi Phase treating)
LOG: number of a-faces with weighted approximations in 0 subdomain: 9.94307 percent
LOG: Rate of a-faces corrected to CUp1st in 0 subdomain: 1.36161 %
slv : SolveBL stage
|nsd|Real WF|NormalF|Cycle F|CriticF| EdgeF |CyclBrF|ExtParF|RWFnumSt|StLvlNum|  nfw  |  alp_U_min  |  nfw  |  alp_U_max  |  nfw  |  alp_T_min  |  nfw  |  alp_T_max  |  nfw  |  BL_s_min   |  nfw  |   BL_s_max  |
|  0|  12896|  12822|      0|      2|     72|      0|      0|   12896|     122|   2053|0            |   2811|2801.44      |   2046|0            |   5093|25940.2      |   7470|-11.5491     |   2046|0            |
Face Momentum (sd=  0): max value of div(mf) (cv=43995) = 3.020594e-11
	norm_L2 of div(momentum) = 4.452798e-10.
slv : 3m: nsd = 0 
slv :  3m: ROTATION = NO 
slv :  3m: gravity_vector     = {	 0 	 -9.81 	 0	 }  
slv :  3m: gravity_vector_LCS = {	 0 	 -9.81 	 0	 }  
slv :  +----+----+----+--------------+--------------+--------------+--------------+--------------+------+----+-+-+--+------+
|Name|view| n_y| Initial res  | Initial resL1| Target res   | Final res    | Final res L1 |Visits|Iter|R|F|CL|Status|
+----+----+----+--------------+--------------+--------------+--------------+--------------+------+----+-+-+--+------+
| 3M |   0|   0|  4.040603e-12|  2.811805e-04|  9.442069e-17|  4.179082e-17|  3.218971e-07|     2|   6|0|n|29|  OK  |
Velocity (predicted):
        (local) sd   0: min(  22076)=0.0043868691840414   , max(  46150)=12.014665727627      
Flow alg-view 0 is not Neumann (not for Phase Change + Nested Iters)
+----+----+--------------+--------------+--------------+--------------+--------------+------+----+-+-+--+------+
|Name|view| Initial res  | Initial resL1| Target res   | Final res    | Final res L1 |Visits|Iter|R|F|CL|Status|
|DVGR|   0|  5.512467e-13|  4.795588e-05|  3.445292e-17|  8.509044e-18|  2.794355e-07|     5|  15|0|n|30|  OK  |
PRESSURE SOLVER(geom_index=  0): sum_C_dp=3.9159e-13
Face Momentum (sd=  0): max value of div(mf) (cv=24512) = 2.273014e-10
	norm_L2 of div(momentum) = 2.917027e-09.
nsd = 0 min_dtHy = 0.0001752 (nCV =	46180 ) max_dtHy = 0.00441037 (nCV =	2282 ) 
+----+----+--------------+--------------+--------------+--------------+--------------+------+----+-+-+--+------+
|Name|view| Initial res  | Initial resL1| Target res   | Final res    | Final res L1 |Visits|Iter|R|F|CL|Status|
|CHT |   0|  6.282283e-11|  6.824225e-04|  3.926427e-15|  5.677036e-17|  3.945697e-07|     2|  18|0|n|30|  OK  |
nsd = 0 min_dtke = 3.744e-05 (nCV =	46146 ) max_dtke = 0.00158 (nCV =	26792 ) 
+----+----+----+--------------+--------------+--------------+--------------+--------------+------+----+-+-+--+------+
|Name|view| n_y| Initial res  | Initial resL1| Target res   | Final res    | Final res L1 |Visits|Iter|R|F|CL|Status|
+----+----+----+--------------+--------------+--------------+--------------+--------------+------+----+-+-+--+------+
|turb|   0|   0|  1.178812e-11|  5.098133e-05|  5.666067e-21|  1.205487e-21|  1.420951e-09|     4|  24|0|n|30|  OK  |
|turb|   0|   1|  2.825710e-04|  1.377750e-01|  1.203392e-15|  3.339493e-16|  7.158868e-07|     4|  24|0|n|30|  OK  |
Filter: K,E,momentum: sd =   0 isolating K from zero=    109 E from zero=  22718 E from infinity=  21694
slv : Fluid subdom(new) 0
slv : P static (new)                 : min(  44654) = 101324.79193336      , max(   8670) = 101423.9786425       
slv : P_static - Rho*g*h (new)       : min(  44654) = 101324.78843791      , max(   8670) = 101423.99684751      
slv : Density (new)                  : min(  47390) = 1.3300910440173      , max(   8670) = 1.3313108123278      
slv : Velocity (new)                 : min(  35079) = 0.0075051165800901   , max(  46080) = 12.023908760185      
slv : Mach number (new)              : min(  35079) = 2.3024232640682e-05  , max(  46080) = 0.036891375329903    
slv : Turbulent k (new)              : min(   1705) = 1e-40                , max(  24019) = 2.3749417008378      
slv : Turbulent e (new)              : min(   7656) = 3.2914872099885e-40  , max(  23590) = 8726.2682975397      
slv : Temperature (new)              : min(  44748) = 293.12955239133      , max(   8672) = 293.21131748782      
slv : Total enthalpy, Y-shifted (new): min(  40669) = -13.451017977024     , max(   7576) = 12.320275261628      
slv : MASS FLUXES AT OPENINGS: MF=-0.000260947, AP=0.000260942
slv : DvGr statistics: min alpha=0.113228(nfa=88066, geom_slice=0)
slv : +----------------------------------+------------+-------+------------+------------+
slv : |          Collector name          | Total Time | Count |  Avg Time  |  Max Time  |
slv : +----------------------------------+------------+-------+------------+------------+
slv : | Calculate_inc                    |      23.418|     41|       0.571|       0.799|
slv : | CollectEMT_Results               |       0.000|     42|       0.000|       0.000|
slv : | HeatPathCalculator_Dynamic       |       0.017|      1|       0.017|       0.017|
slv : | LiSy_make_portrait               |       0.515|    190|       0.003|       0.016|
slv : | Results_processing               |       3.016|     41|       0.074|       0.092|
slv : | build_sl_ordering_CHT            |       0.016|     42|       0.000|       0.005|
slv : | build_sl_ordering_MDS            |       0.092|     42|       0.002|       0.014|
slv : | build_sl_ordering_fluid          |       0.091|     42|       0.002|       0.014|
slv : | calc_Convolutions_MDS            |       0.736|     42|       0.018|       0.021|
slv : | calc_wall_dist                   |       2.275|      1|       2.275|       2.275|
slv : | create_Gr_operators_MDS          |       0.716|     42|       0.017|       0.024|
slv : | create_Gr_operators_portrait_MDS |       0.218|     42|       0.005|       0.008|
slv : | init_Hy_group_MDS                |       0.400|     42|       0.010|       0.013|
slv : | perform_stage_total              |      22.865|   1142|       0.020|       2.275|
slv : | precalc_at_start_MDS             |       1.593|      2|       0.796|       1.564|
slv : | solve_3M_MDS                     |       2.592|     42|       0.062|       0.080|
slv : | solve_3M_alg_MDS                 |       1.451|     42|       0.035|       0.052|
slv : | solve_BG_MDS                     |       1.600|     42|       0.038|       0.061|
slv : | solve_BG_alg_MDS                 |       1.289|     42|       0.031|       0.055|
slv : | solve_BL_MDS                     |       4.133|     42|       0.098|       0.242|
slv : | solve_CHT                        |       1.357|     42|       0.032|       0.066|
slv : | solve_CHT_MDS                    |       1.100|     42|       0.026|       0.061|
slv : | solve_CHT_alg_MDS                |       0.535|     42|       0.013|       0.046|
slv : | solve_DvGr_MDS                   |       4.847|     42|       0.115|       0.207|
slv : | solve_DvGr_alg_MDS               |       2.834|     42|       0.067|       0.161|
slv : | solve_INPR_MDS                   |       0.000|      1|       0.000|       0.000|
slv : | solve_PS+QJ                      |       0.000|      0|       0.000|       0.000|
slv : | solve_YLMA_MDS                   |       0.001|     42|       0.000|       0.000|
slv : | solve_YNOx_MDS                   |       0.000|     42|       0.000|       0.000|
slv : | solve_YTd_MDS                    |       0.001|     42|       0.000|       0.000|
slv : | solve_YTurb_MDS                  |       5.179|     42|       0.123|       0.187|
slv : | solve_YTurb_alg_MDS              |       2.473|     84|       0.029|       0.058|
slv : | update_BC_MDS                    |       0.000|     43|       0.000|       0.000|
slv : | update_Mf_after_DvGr             |       0.397|     42|       0.009|       0.015|
slv : | update_VelPressure_MDS           |       0.126|     42|       0.003|       0.005|
slv : +----------------------------------+------------+-------+------------+------------+
-----------------------------------------------------------------------
Memory Working Set Current = 386.14 Mb, Memory Working Set Peak = 386.14 Mb
Memory Private Bytes Current = 414.08 Mb, Memory Private Bytes Peak = 414.08 Mb
Process Threads Number: 32
-----------------------------------------------------------------------
Algebra Pool      : mem_usage = 205.31 Mb, allocated count = 2290

================== Tstep=42 ===================
nslice = 0; reset pressure calculator:  Rho_ref_grav_new = 1.33101
nslice = 0  P_ref = 101325
nslice = 0  Rho_ref_grav_old = 1.331, Rho_ref_grav_new = 1.33101
 fluid-flow view[  0]: rho_ref_grav_averaged_in_view = 1.331007310898        
<Dynamic P> on nsd = 0 {openings (inlet / outlet)}:
  (SP = Static Pressure, EP = Environment Pressure, TP = Total Pressure, E = External)
  {#1, SP, (0.000000e+00 / 7.169077e+01)}
  MWS[  0]=0.425114
tau_viscous_averaged = 0.00425848 
dt(mass,momentum; nsd=  0): min dt/dtG(ncv=  46180)=1.00 , max dt/dtG(ncv=   2282)=25.3   , dtG=0.000174138
Flow alg-view 0 in phys-view 0 isn't Neumann (not Multi Phase treating)
Face Momentum (sd=  0): max value of div(mf) (cv=24512) = 2.273014e-10
Flow alg-view 0 is not Neumann (not for Phase Change + Nested Iters)
+----+----+--------------+--------------+--------------+--------------+--------------+------+----+-+-+--+------+
|Name|view| Initial res  | Initial resL1| Target res   | Final res    | Final res L1 |Visits|Iter|R|F|CL|Status|
| BG |   0|  8.583246e-18|  2.835146e-07|  3.445292e-19|  2.274425e-19|  5.146215e-08|     6|  18|0|n|30|  OK  |
log10(resTarget_Lim / resTarget_Orig): 2.8 
Face Momentum (sd=  0): max value of div(mf) (cv=43995) = 3.548573e-11
	norm_L2 of div(momentum) = 4.769094e-10.
Flow alg-view 0 in phys-view 0 isn't Neumann (not Multi Phase treating)
LOG: number of a-faces with weighted approximations in 0 subdomain: 9.85542 percent
LOG: Rate of a-faces corrected to CUp1st in 0 subdomain: 1.34454 %
slv : SolveBL stage
|nsd|Real WF|NormalF|Cycle F|CriticF| EdgeF |CyclBrF|ExtParF|RWFnumSt|StLvlNum|  nfw  |  alp_U_min  |  nfw  |  alp_U_max  |  nfw  |  alp_T_min  |  nfw  |  alp_T_max  |  nfw  |  BL_s_min   |  nfw  |   BL_s_max  |
|  0|  12896|  12822|      0|      2|     72|      0|      0|   12896|     122|   2053|0            |   2982|3476.35      |   2046|0            |   5201|21189.6      |   7470|-11.9396     |   2046|0            |
Face Momentum (sd=  0): max value of div(mf) (cv=43995) = 3.548573e-11
	norm_L2 of div(momentum) = 4.769094e-10.
slv : 3m: nsd = 0 
slv :  3m: ROTATION = NO 
slv :  3m: gravity_vector     = {	 0 	 -9.81 	 0	 }  
slv :  3m: gravity_vector_LCS = {	 0 	 -9.81 	 0	 }  
slv :  +----+----+----+--------------+--------------+--------------+--------------+--------------+------+----+-+-+--+------+
|Name|view| n_y| Initial res  | Initial resL1| Target res   | Final res    | Final res L1 |Visits|Iter|R|F|CL|Status|
+----+----+----+--------------+--------------+--------------+--------------+--------------+------+----+-+-+--+------+
| 3M |   0|   0|  3.672363e-12|  2.650797e-04|  9.484938e-17|  3.091932e-17|  2.784020e-07|     2|   6|0|n|29|  OK  |
Velocity (predicted):
        (local) sd   0: min(  15879)=0.00085612934232872  , max(  46150)=12.034172266385      
Flow alg-view 0 is not Neumann (not for Phase Change + Nested Iters)
+----+----+--------------+--------------+--------------+--------------+--------------+------+----+-+-+--+------+
|Name|view| Initial res  | Initial resL1| Target res   | Final res    | Final res L1 |Visits|Iter|R|F|CL|Status|
|DVGR|   0|  5.057251e-13|  4.650351e-05|  3.160782e-17|  7.862415e-18|  2.706310e-07|     5|  15|0|n|30|  OK  |
PRESSURE SOLVER(geom_index=  0): sum_C_dp=3.96004e-13
Face Momentum (sd=  0): max value of div(mf) (cv=22130) = 1.903126e-10
	norm_L2 of div(momentum) = 2.804000e-09.
nsd = 0 min_dtHy = 0.000174146 (nCV =	46180 ) max_dtHy = 0.00440553 (nCV =	2282 ) 
+----+----+--------------+--------------+--------------+--------------+--------------+------+----+-+-+--+------+
|Name|view| Initial res  | Initial resL1| Target res   | Final res    | Final res L1 |Visits|Iter|R|F|CL|Status|
|CHT |   0|  3.353378e-11|  4.691838e-04|  2.095861e-15|  2.680099e-17|  2.706166e-07|     2|  18|0|n|30|  OK  |
nsd = 0 min_dtke = 3.9621e-05 (nCV =	46200 ) max_dtke = 0.00157943 (nCV =	26792 ) 
+----+----+----+--------------+--------------+--------------+--------------+--------------+------+----+-+-+--+------+
|Name|view| n_y| Initial res  | Initial resL1| Target res   | Final res    | Final res L1 |Visits|Iter|R|F|CL|Status|
+----+----+----+--------------+--------------+--------------+--------------+--------------+------+----+-+-+--+------+
|turb|   0|   0|  1.220056e-11|  5.024529e-05|  5.707681e-21|  9.499676e-22|  1.251584e-09|     4|  24|0|n|30|  OK  |
|turb|   0|   1|  2.992223e-04|  1.369127e-01|  1.216511e-15|  2.760470e-16|  6.502406e-07|     4|  24|0|n|30|  OK  |
Filter: K,E,momentum: sd =   0 isolating K from zero=    113 E from zero=  22741 E from infinity=  21465
slv : Fluid subdom(new) 0
slv : P static (new)                 : min(  44670) = 101324.83572698      , max(   8670) = 101424.25804219      
slv : P_static - Rho*g*h (new)       : min(  44654) = 101324.83543698      , max(   8670) = 101424.27624724      
slv : Density (new)                  : min(  47390) = 1.3300916801891      , max(   8670) = 1.3313144849985      
slv : Velocity (new)                 : min(  15879) = 0.0029034061145727   , max(  46080) = 12.039794909299      
slv : Mach number (new)              : min(  15879) = 8.9070927437619e-06  , max(  46080) = 0.036940095602734    
slv : Turbulent k (new)              : min(   1702) = 1e-40                , max(  24019) = 2.4475678051768      
slv : Turbulent e (new)              : min(   7585) = 3.2522370015615e-40  , max(  23590) = 9133.224204374       
slv : Temperature (new)              : min(  44748) = 293.12995288362      , max(   8672) = 293.21131745059      
slv : Total enthalpy, Y-shifted (new): min(  40669) = -13.756279721724     , max(   7576) = 12.320263865926      
slv : MASS FLUXES AT OPENINGS: MF=-0.000260943, AP=0.000260938
slv : DvGr statistics: min alpha=0.113154(nfa=88066, geom_slice=0)
slv : +----------------------------------+------------+-------+------------+------------+
slv : |          Collector name          | Total Time | Count |  Avg Time  |  Max Time  |
slv : +----------------------------------+------------+-------+------------+------------+
slv : | Calculate_inc                    |      23.995|     42|       0.571|       0.799|
slv : | CollectEMT_Results               |       0.000|     43|       0.000|       0.000|
slv : | HeatPathCalculator_Dynamic       |       0.017|      1|       0.017|       0.017|
slv : | LiSy_make_portrait               |       0.525|    194|       0.003|       0.016|
slv : | Results_processing               |       3.094|     42|       0.074|       0.092|
slv : | build_sl_ordering_CHT            |       0.016|     43|       0.000|       0.005|
slv : | build_sl_ordering_MDS            |       0.092|     43|       0.002|       0.014|
slv : | build_sl_ordering_fluid          |       0.091|     43|       0.002|       0.014|
slv : | calc_Convolutions_MDS            |       0.753|     43|       0.018|       0.021|
slv : | calc_wall_dist                   |       2.275|      1|       2.275|       2.275|
slv : | create_Gr_operators_MDS          |       0.731|     43|       0.017|       0.024|
slv : | create_Gr_operators_portrait_MDS |       0.223|     43|       0.005|       0.008|
slv : | init_Hy_group_MDS                |       0.408|     43|       0.009|       0.013|
slv : | perform_stage_total              |      23.345|   1169|       0.020|       2.275|
slv : | precalc_at_start_MDS             |       1.593|      2|       0.796|       1.564|
slv : | solve_3M_MDS                     |       2.653|     43|       0.062|       0.080|
slv : | solve_3M_alg_MDS                 |       1.486|     43|       0.035|       0.052|
slv : | solve_BG_MDS                     |       1.631|     43|       0.038|       0.061|
slv : | solve_BG_alg_MDS                 |       1.313|     43|       0.031|       0.055|
slv : | solve_BL_MDS                     |       4.226|     43|       0.098|       0.242|
slv : | solve_CHT                        |       1.396|     43|       0.032|       0.066|
slv : | solve_CHT_MDS                    |       1.134|     43|       0.026|       0.061|
slv : | solve_CHT_alg_MDS                |       0.557|     43|       0.013|       0.046|
slv : | solve_DvGr_MDS                   |       4.947|     43|       0.115|       0.207|
slv : | solve_DvGr_alg_MDS               |       2.887|     43|       0.067|       0.161|
slv : | solve_INPR_MDS                   |       0.000|      1|       0.000|       0.000|
slv : | solve_PS+QJ                      |       0.000|      0|       0.000|       0.000|
slv : | solve_YLMA_MDS                   |       0.001|     43|       0.000|       0.000|
slv : | solve_YNOx_MDS                   |       0.000|     43|       0.000|       0.000|
slv : | solve_YTd_MDS                    |       0.001|     43|       0.000|       0.000|
slv : | solve_YTurb_MDS                  |       5.328|     43|       0.124|       0.187|
slv : | solve_YTurb_alg_MDS              |       2.563|     86|       0.030|       0.058|
slv : | update_BC_MDS                    |       0.000|     44|       0.000|       0.000|
slv : | update_Mf_after_DvGr             |       0.406|     43|       0.009|       0.015|
slv : | update_VelPressure_MDS           |       0.129|     43|       0.003|       0.005|
slv : +----------------------------------+------------+-------+------------+------------+
-----------------------------------------------------------------------
Memory Working Set Current = 386.15 Mb, Memory Working Set Peak = 386.15 Mb
Memory Private Bytes Current = 414.08 Mb, Memory Private Bytes Peak = 414.08 Mb
Process Threads Number: 32
-----------------------------------------------------------------------
Algebra Pool      : mem_usage = 205.31 Mb, allocated count = 2290

================== Tstep=43 ===================
nslice = 0; reset pressure calculator:  Rho_ref_grav_new = 1.33101
nslice = 0  P_ref = 101325
nslice = 0  Rho_ref_grav_old = 1.33101, Rho_ref_grav_new = 1.33101
 fluid-flow view[  0]: rho_ref_grav_averaged_in_view = 1.3310106139504       
<Dynamic P> on nsd = 0 {openings (inlet / outlet)}:
  (SP = Static Pressure, EP = Environment Pressure, TP = Total Pressure, E = External)
  {#1, SP, (0.000000e+00 / 7.180755e+01)}
  MWS[  0]=0.425676
tau_viscous_averaged = 0.00425339 
dt(mass,momentum; nsd=  0): min dt/dtG(ncv=  46180)=1.00 , max dt/dtG(ncv=   2282)=25.4   , dtG=0.000173273
Flow alg-view 0 in phys-view 0 isn't Neumann (not Multi Phase treating)
Face Momentum (sd=  0): max value of div(mf) (cv=22130) = 1.903126e-10
Flow alg-view 0 is not Neumann (not for Phase Change + Nested Iters)
+----+----+--------------+--------------+--------------+--------------+--------------+------+----+-+-+--+------+
|Name|view| Initial res  | Initial resL1| Target res   | Final res    | Final res L1 |Visits|Iter|R|F|CL|Status|
| BG |   0|  7.927871e-18|  2.744716e-07|  3.160782e-19|  2.311031e-19|  5.050462e-08|     6|  18|0|n|30|  OK  |
log10(resTarget_Lim / resTarget_Orig): 2.8 
Face Momentum (sd=  0): max value of div(mf) (cv=43995) = 3.678739e-11
	norm_L2 of div(momentum) = 4.807318e-10.
Flow alg-view 0 in phys-view 0 isn't Neumann (not Multi Phase treating)
LOG: number of a-faces with weighted approximations in 0 subdomain: 9.7692 percent
LOG: Rate of a-faces corrected to CUp1st in 0 subdomain: 1.30289 %
slv : SolveBL stage
|nsd|Real WF|NormalF|Cycle F|CriticF| EdgeF |CyclBrF|ExtParF|RWFnumSt|StLvlNum|  nfw  |  alp_U_min  |  nfw  |  alp_U_max  |  nfw  |  alp_T_min  |  nfw  |  alp_T_max  |  nfw  |  BL_s_min   |  nfw  |   BL_s_max  |
|  0|  12896|  12822|      0|      2|     72|      0|      0|   12896|     122|   2053|0            |   5051|3409.19      |   2046|0            |   5093|25916.1      |   7470|-12.2547     |   2046|0            |
Face Momentum (sd=  0): max value of div(mf) (cv=43995) = 3.678739e-11
	norm_L2 of div(momentum) = 4.807318e-10.
slv : 3m: nsd = 0 
slv :  3m: ROTATION = NO 
slv :  3m: gravity_vector     = {	 0 	 -9.81 	 0	 }  
slv :  3m: gravity_vector_LCS = {	 0 	 -9.81 	 0	 }  
slv :  +----+----+----+--------------+--------------+--------------+--------------+--------------+------+----+-+-+--+------+
|Name|view| n_y| Initial res  | Initial resL1| Target res   | Final res    | Final res L1 |Visits|Iter|R|F|CL|Status|
+----+----+----+--------------+--------------+--------------+--------------+--------------+------+----+-+-+--+------+
| 3M |   0|   0|  3.317604e-12|  2.509695e-04|  9.517095e-17|  2.327425e-17|  2.435080e-07|     2|   6|0|n|29|  OK  |
Velocity (predicted):
        (local) sd   0: min(  26082)=0.0036846544828547   , max(  46150)=12.050568510197      
Flow alg-view 0 is not Neumann (not for Phase Change + Nested Iters)
+----+----+--------------+--------------+--------------+--------------+--------------+------+----+-+-+--+------+
|Name|view| Initial res  | Initial resL1| Target res   | Final res    | Final res L1 |Visits|Iter|R|F|CL|Status|
|DVGR|   0|  4.175171e-13|  4.384572e-05|  2.609482e-17|  7.119980e-18|  2.541501e-07|     5|  15|0|n|30|  OK  |
PRESSURE SOLVER(geom_index=  0): sum_C_dp=4.04253e-13
Face Momentum (sd=  0): max value of div(mf) (cv=22487) = 1.644822e-10
	norm_L2 of div(momentum) = 2.668329e-09.
nsd = 0 min_dtHy = 0.000173281 (nCV =	46180 ) max_dtHy = 0.00440118 (nCV =	2282 ) 
+----+----+--------------+--------------+--------------+--------------+--------------+------+----+-+-+--+------+
|Name|view| Initial res  | Initial resL1| Target res   | Final res    | Final res L1 |Visits|Iter|R|F|CL|Status|
|CHT |   0|  1.705691e-11|  3.150184e-04|  1.066057e-15|  1.393210e-17|  1.974882e-07|     2|  18|0|n|30|  OK  |
nsd = 0 min_dtke = 3.95126e-05 (nCV =	46214 ) max_dtke = 0.001579 (nCV =	26792 ) 
+----+----+----+--------------+--------------+--------------+--------------+--------------+------+----+-+-+--+------+
|Name|view| n_y| Initial res  | Initial resL1| Target res   | Final res    | Final res L1 |Visits|Iter|R|F|CL|Status|
+----+----+----+--------------+--------------+--------------+--------------+--------------+------+----+-+-+--+------+
|turb|   0|   0|  1.284794e-11|  5.000505e-05|  5.745544e-21|  8.258792e-22|  1.194851e-09|     4|  24|0|n|30|  OK  |
|turb|   0|   1|  3.190625e-04|  1.383647e-01|  1.227682e-15|  2.320086e-16|  5.922281e-07|     4|  24|0|n|30|  OK  |
Filter: K,E,momentum: sd =   0 isolating K from zero=    133 E from zero=  22797 E from infinity=  21261
slv : Fluid subdom(new) 0
slv : P static (new)                 : min(  44670) = 101324.87328034      , max(   8670) = 101424.54964543      
slv : P_static - Rho*g*h (new)       : min(  44670) = 101324.87691881      , max(   8670) = 101424.56785052      
slv : Density (new)                  : min(  47390) = 1.3300920719751      , max(   8670) = 1.3313183183541      
slv : Velocity (new)                 : min(  26085) = 0.0041055094406605   , max(  46150) = 12.055460164626      
slv : Mach number (new)              : min(  26085) = 1.2594896458959e-05  , max(  46150) = 0.036988149830938    
slv : Turbulent k (new)              : min(   1703) = 1e-40                , max(  24019) = 2.5265794595167      
slv : Turbulent e (new)              : min(   7655) = 3.0414183125957e-40  , max(  23590) = 9528.8880019911      
slv : Temperature (new)              : min(  44748) = 293.13010455543      , max(   8672) = 293.21131758681      
slv : Total enthalpy, Y-shifted (new): min(  40669) = -13.951874645966     , max(   7576) = 12.320252546974      
slv : MASS FLUXES AT OPENINGS: MF=-0.000260939, AP=0.000260934
slv : DvGr statistics: min alpha=0.113046(nfa=88066, geom_slice=0)
slv : +----------------------------------+------------+-------+------------+------------+
slv : |          Collector name          | Total Time | Count |  Avg Time  |  Max Time  |
slv : +----------------------------------+------------+-------+------------+------------+
slv : | Calculate_inc                    |      24.560|     43|       0.571|       0.799|
slv : | CollectEMT_Results               |       0.000|     44|       0.000|       0.000|
slv : | HeatPathCalculator_Dynamic       |       0.017|      1|       0.017|       0.017|
slv : | LiSy_make_portrait               |       0.538|    198|       0.003|       0.016|
slv : | Results_processing               |       3.173|     43|       0.074|       0.092|
slv : | build_sl_ordering_CHT            |       0.016|     44|       0.000|       0.005|
slv : | build_sl_ordering_MDS            |       0.093|     44|       0.002|       0.014|
slv : | build_sl_ordering_fluid          |       0.091|     44|       0.002|       0.014|
slv : | calc_Convolutions_MDS            |       0.770|     44|       0.017|       0.021|
slv : | calc_wall_dist                   |       2.275|      1|       2.275|       2.275|
slv : | create_Gr_operators_MDS          |       0.748|     44|       0.017|       0.024|
slv : | create_Gr_operators_portrait_MDS |       0.228|     44|       0.005|       0.008|
slv : | init_Hy_group_MDS                |       0.417|     44|       0.009|       0.013|
slv : | perform_stage_total              |      23.856|   1196|       0.020|       2.275|
slv : | precalc_at_start_MDS             |       1.593|      2|       0.796|       1.564|
slv : | solve_3M_MDS                     |       2.723|     44|       0.062|       0.080|
slv : | solve_3M_alg_MDS                 |       1.524|     44|       0.035|       0.052|
slv : | solve_BG_MDS                     |       1.662|     44|       0.038|       0.061|
slv : | solve_BG_alg_MDS                 |       1.336|     44|       0.030|       0.055|
slv : | solve_BL_MDS                     |       4.321|     44|       0.098|       0.242|
slv : | solve_CHT                        |       1.436|     44|       0.033|       0.066|
slv : | solve_CHT_MDS                    |       1.168|     44|       0.027|       0.061|
slv : | solve_CHT_alg_MDS                |       0.580|     44|       0.013|       0.046|
slv : | solve_DvGr_MDS                   |       5.055|     44|       0.115|       0.207|
slv : | solve_DvGr_alg_MDS               |       2.944|     44|       0.067|       0.161|
slv : | solve_INPR_MDS                   |       0.000|      1|       0.000|       0.000|
slv : | solve_PS+QJ                      |       0.000|      0|       0.000|       0.000|
slv : | solve_YLMA_MDS                   |       0.001|     44|       0.000|       0.000|
slv : | solve_YNOx_MDS                   |       0.000|     44|       0.000|       0.000|
slv : | solve_YTd_MDS                    |       0.001|     44|       0.000|       0.000|
slv : | solve_YTurb_MDS                  |       5.482|     44|       0.125|       0.187|
slv : | solve_YTurb_alg_MDS              |       2.654|     88|       0.030|       0.058|
slv : | update_BC_MDS                    |       0.000|     45|       0.000|       0.000|
slv : | update_Mf_after_DvGr             |       0.416|     44|       0.009|       0.015|
slv : | update_VelPressure_MDS           |       0.132|     44|       0.003|       0.005|
slv : +----------------------------------+------------+-------+------------+------------+
-----------------------------------------------------------------------
Memory Working Set Current = 386.08 Mb, Memory Working Set Peak = 386.15 Mb
Memory Private Bytes Current = 414.09 Mb, Memory Private Bytes Peak = 414.09 Mb
Process Threads Number: 32
-----------------------------------------------------------------------
Algebra Pool      : mem_usage = 205.31 Mb, allocated count = 2284

================== Tstep=44 ===================
nslice = 0; reset pressure calculator:  Rho_ref_grav_new = 1.33101
nslice = 0  P_ref = 101325
nslice = 0  Rho_ref_grav_old = 1.33101, Rho_ref_grav_new = 1.33101
 fluid-flow view[  0]: rho_ref_grav_averaged_in_view = 1.3310141092987       
<Dynamic P> on nsd = 0 {openings (inlet / outlet)}:
  (SP = Static Pressure, EP = Environment Pressure, TP = Total Pressure, E = External)
  {#1, SP, (0.000000e+00 / 7.191602e+01)}
  MWS[  0]=0.42623
tau_viscous_averaged = 0.00424679 
dt(mass,momentum; nsd=  0): min dt/dtG(ncv=  46064)=1.00 , max dt/dtG(ncv=   2282)=25.5   , dtG=0.000172592
Flow alg-view 0 in phys-view 0 isn't Neumann (not Multi Phase treating)
Face Momentum (sd=  0): max value of div(mf) (cv=22487) = 1.644822e-10
Flow alg-view 0 is not Neumann (not for Phase Change + Nested Iters)
+----+----+--------------+--------------+--------------+--------------+--------------+------+----+-+-+--+------+
|Name|view| Initial res  | Initial resL1| Target res   | Final res    | Final res L1 |Visits|Iter|R|F|CL|Status|
| BG |   0|  7.177980e-18|  2.577631e-07|  2.609482e-19|  2.148674e-19|  4.615546e-08|     6|  18|0|n|30|  OK  |
log10(resTarget_Lim / resTarget_Orig): 2.8 
Face Momentum (sd=  0): max value of div(mf) (cv=43995) = 3.692257e-11
	norm_L2 of div(momentum) = 4.635379e-10.
Flow alg-view 0 in phys-view 0 isn't Neumann (not Multi Phase treating)
LOG: number of a-faces with weighted approximations in 0 subdomain: 9.67514 percent
LOG: Rate of a-faces corrected to CUp1st in 0 subdomain: 1.29216 %
slv : SolveBL stage
|nsd|Real WF|NormalF|Cycle F|CriticF| EdgeF |CyclBrF|ExtParF|RWFnumSt|StLvlNum|  nfw  |  alp_U_min  |  nfw  |  alp_U_max  |  nfw  |  alp_T_min  |  nfw  |  alp_T_max  |  nfw  |  BL_s_min   |  nfw  |   BL_s_max  |
|  0|  12896|  12822|      0|      2|     72|      0|      0|   12896|     122|   2053|0            |   4937|2151.51      |   2044|0            |   1311|20494.4      |   7470|-12.4576     |   2044|0            |
Face Momentum (sd=  0): max value of div(mf) (cv=43995) = 3.692257e-11
	norm_L2 of div(momentum) = 4.635379e-10.
slv : 3m: nsd = 0 
slv :  3m: ROTATION = NO 
slv :  3m: gravity_vector     = {	 0 	 -9.81 	 0	 }  
slv :  3m: gravity_vector_LCS = {	 0 	 -9.81 	 0	 }  
slv :  +----+----+----+--------------+--------------+--------------+--------------+--------------+------+----+-+-+--+------+
|Name|view| n_y| Initial res  | Initial resL1| Target res   | Final res    | Final res L1 |Visits|Iter|R|F|CL|Status|
+----+----+----+--------------+--------------+--------------+--------------+--------------+------+----+-+-+--+------+
| 3M |   0|   0|  3.112264e-12|  2.386749e-04|  9.547720e-17|  1.642747e-17|  2.076165e-07|     2|   6|0|n|29|  OK  |
Velocity (predicted):
        (local) sd   0: min(  16023)=0.002932309228135    , max(  46150)=12.065204435038      
Flow alg-view 0 is not Neumann (not for Phase Change + Nested Iters)
+----+----+--------------+--------------+--------------+--------------+--------------+------+----+-+-+--+------+
|Name|view| Initial res  | Initial resL1| Target res   | Final res    | Final res L1 |Visits|Iter|R|F|CL|Status|
|DVGR|   0|  3.968409e-13|  4.231826e-05|  2.480255e-17|  5.905309e-18|  2.331527e-07|     5|  15|0|n|30|  OK  |
PRESSURE SOLVER(geom_index=  0): sum_C_dp=3.78668e-13
Face Momentum (sd=  0): max value of div(mf) (cv=24402) = 1.349725e-10
	norm_L2 of div(momentum) = 2.430084e-09.
nsd = 0 min_dtHy = 0.0001726 (nCV =	46200 ) max_dtHy = 0.00440036 (nCV =	2282 ) 
+----+----+--------------+--------------+--------------+--------------+--------------+------+----+-+-+--+------+
|Name|view| Initial res  | Initial resL1| Target res   | Final res    | Final res L1 |Visits|Iter|R|F|CL|Status|
|CHT |   0|  8.562922e-12|  2.145052e-04|  5.351826e-16|  7.682357e-18|  1.485279e-07|     2|  18|0|n|30|  OK  |
nsd = 0 min_dtke = 3.94504e-05 (nCV =	46200 ) max_dtke = 0.00157853 (nCV =	26792 ) 
+----+----+----+--------------+--------------+--------------+--------------+--------------+------+----+-+-+--+------+
|Name|view| n_y| Initial res  | Initial resL1| Target res   | Final res    | Final res L1 |Visits|Iter|R|F|CL|Status|
+----+----+----+--------------+--------------+--------------+--------------+--------------+------+----+-+-+--+------+
|turb|   0|   0|  1.341520e-11|  4.949758e-05|  5.777823e-21|  7.304814e-22|  1.157304e-09|     4|  24|0|n|30|  OK  |
|turb|   0|   1|  3.364251e-04|  1.387791e-01|  1.237836e-15|  1.952004e-16|  5.591851e-07|     4|  24|0|n|30|  OK  |
Filter: K,E,momentum: sd =   0 isolating K from zero=    122 E from zero=  22810 E from infinity=  21046
slv : Fluid subdom(new) 0
slv : P static (new)                 : min(  44670) = 101324.91777053      , max(   8670) = 101424.8236367       
slv : P_static - Rho*g*h (new)       : min(  45374) = 101324.89229095      , max(   8670) = 101424.84184184      
slv : Density (new)                  : min(  47390) = 1.3300921122893      , max(   8670) = 1.3313219197399      
slv : Velocity (new)                 : min(  21708) = 0.0070055447356069   , max(  46150) = 12.068974192892      
slv : Mach number (new)              : min(  21708) = 2.1491666011859e-05  , max(  46150) = 0.03702962083037     
slv : Turbulent k (new)              : min(   1694) = 1e-40                , max(  24019) = 2.5962966026551      
slv : Turbulent e (new)              : min(   7572) = 3.1610911361464e-40  , max(  23590) = 9905.7440146444      
slv : Temperature (new)              : min(  44748) = 293.13009584789      , max(   8672) = 293.21131793154      
slv : Total enthalpy, Y-shifted (new): min(  40669) = -14.02629283615      , max(   7576) = 12.3202594846        
slv : MASS FLUXES AT OPENINGS: MF=-0.000260935, AP=0.000260931
slv : DvGr statistics: min alpha=0.113026(nfa=88066, geom_slice=0)
slv : +----------------------------------+------------+-------+------------+------------+
slv : |          Collector name          | Total Time | Count |  Avg Time  |  Max Time  |
slv : +----------------------------------+------------+-------+------------+------------+
slv : | Calculate_inc                    |      25.158|     44|       0.572|       0.799|
slv : | CollectEMT_Results               |       0.000|     45|       0.000|       0.000|
slv : | HeatPathCalculator_Dynamic       |       0.017|      1|       0.017|       0.017|
slv : | LiSy_make_portrait               |       0.549|    202|       0.003|       0.016|
slv : | Results_processing               |       3.235|     44|       0.074|       0.092|
slv : | build_sl_ordering_CHT            |       0.016|     45|       0.000|       0.005|
slv : | build_sl_ordering_MDS            |       0.093|     45|       0.002|       0.014|
slv : | build_sl_ordering_fluid          |       0.092|     45|       0.002|       0.014|
slv : | calc_Convolutions_MDS            |       0.786|     45|       0.017|       0.021|
slv : | calc_wall_dist                   |       2.275|      1|       2.275|       2.275|
slv : | create_Gr_operators_MDS          |       0.764|     45|       0.017|       0.024|
slv : | create_Gr_operators_portrait_MDS |       0.233|     45|       0.005|       0.008|
slv : | init_Hy_group_MDS                |       0.426|     45|       0.009|       0.013|
slv : | perform_stage_total              |      24.333|   1223|       0.020|       2.275|
slv : | precalc_at_start_MDS             |       1.593|      2|       0.796|       1.564|
slv : | solve_3M_MDS                     |       2.783|     45|       0.062|       0.080|
slv : | solve_3M_alg_MDS                 |       1.559|     45|       0.035|       0.052|
slv : | solve_BG_MDS                     |       1.692|     45|       0.038|       0.061|
slv : | solve_BG_alg_MDS                 |       1.360|     45|       0.030|       0.055|
slv : | solve_BL_MDS                     |       4.414|     45|       0.098|       0.242|
slv : | solve_CHT                        |       1.480|     45|       0.033|       0.066|
slv : | solve_CHT_MDS                    |       1.206|     45|       0.027|       0.061|
slv : | solve_CHT_alg_MDS                |       0.603|     45|       0.013|       0.046|
slv : | solve_DvGr_MDS                   |       5.153|     45|       0.115|       0.207|
slv : | solve_DvGr_alg_MDS               |       2.996|     45|       0.067|       0.161|
slv : | solve_INPR_MDS                   |       0.000|      1|       0.000|       0.000|
slv : | solve_PS+QJ                      |       0.000|      0|       0.000|       0.000|
slv : | solve_YLMA_MDS                   |       0.001|     45|       0.000|       0.000|
slv : | solve_YNOx_MDS                   |       0.000|     45|       0.000|       0.000|
slv : | solve_YTd_MDS                    |       0.001|     45|       0.000|       0.000|
slv : | solve_YTurb_MDS                  |       5.631|     45|       0.125|       0.187|
slv : | solve_YTurb_alg_MDS              |       2.745|     90|       0.031|       0.058|
slv : | update_BC_MDS                    |       0.000|     46|       0.000|       0.000|
slv : | update_Mf_after_DvGr             |       0.424|     45|       0.009|       0.015|
slv : | update_VelPressure_MDS           |       0.135|     45|       0.003|       0.005|
slv : +----------------------------------+------------+-------+------------+------------+
Interpolator cache: total calls 67130, optimised calls 26279 (39.1 %)
-----------------------------------------------------------------------
Memory Working Set Current = 386.11 Mb, Memory Working Set Peak = 386.15 Mb
Memory Private Bytes Current = 414.09 Mb, Memory Private Bytes Peak = 414.09 Mb
Process Threads Number: 32
-----------------------------------------------------------------------
Iteration : time = 3.28969 , count = 5 , time/count = 0.657937
Calculate_inc() : time = 2.90152 , count = 5 , time/count = 0.580304
TreatFlowEvolution() : time = 0.380512 , count = 5 , time/count = 0.0761024
SolverPreview : time = 0 , count = 5 , time/count = 0
TreatGoals : time = 0.37157 , count = 5 , time/count = 0.074314
Algebra Pool      : mem_usage = 205.31 Mb, allocated count = 2288

================== Tstep=45 ===================
nslice = 0; reset pressure calculator:  Rho_ref_grav_new = 1.33102
nslice = 0  P_ref = 101325
nslice = 0  Rho_ref_grav_old = 1.33101, Rho_ref_grav_new = 1.33102
 fluid-flow view[  0]: rho_ref_grav_averaged_in_view = 1.3310174252175       
<Dynamic P> on nsd = 0 {openings (inlet / outlet)}:
  (SP = Static Pressure, EP = Environment Pressure, TP = Total Pressure, E = External)
  {#1, SP, (0.000000e+00 / 7.201476e+01)}
  MWS[  0]=0.426708
tau_viscous_averaged = 0.00423838 
dt(mass,momentum; nsd=  0): min dt/dtG(ncv=  46178)=1.00 , max dt/dtG(ncv=   2282)=25.5   , dtG=0.000172066
Flow alg-view 0 in phys-view 0 isn't Neumann (not Multi Phase treating)
Face Momentum (sd=  0): max value of div(mf) (cv=24402) = 1.349725e-10
Flow alg-view 0 is not Neumann (not for Phase Change + Nested Iters)
+----+----+--------------+--------------+--------------+--------------+--------------+------+----+-+-+--+------+
|Name|view| Initial res  | Initial resL1| Target res   | Final res    | Final res L1 |Visits|Iter|R|F|CL|Status|
| BG |   0|  5.956516e-18|  2.365578e-07|  2.480255e-19|  1.854239e-19|  4.286342e-08|     6|  18|0|n|30|  OK  |
log10(resTarget_Lim / resTarget_Orig): 2.8 
Face Momentum (sd=  0): max value of div(mf) (cv=43995) = 3.461347e-11
	norm_L2 of div(momentum) = 4.306088e-10.
Flow alg-view 0 in phys-view 0 isn't Neumann (not Multi Phase treating)
LOG: number of a-faces with weighted approximations in 0 subdomain: 9.60816 percent
LOG: Rate of a-faces corrected to CUp1st in 0 subdomain: 1.24206 %
slv : SolveBL stage
|nsd|Real WF|NormalF|Cycle F|CriticF| EdgeF |CyclBrF|ExtParF|RWFnumSt|StLvlNum|  nfw  |  alp_U_min  |  nfw  |  alp_U_max  |  nfw  |  alp_T_min  |  nfw  |  alp_T_max  |  nfw  |  BL_s_min   |  nfw  |   BL_s_max  |
|  0|  12896|  12822|      0|      2|     72|      0|      0|   12896|     122|   2053|0            |   4948|5004.98      |   1311|0            |   5093|25899.3      |   7470|-12.6272     |   1311|0            |
Face Momentum (sd=  0): max value of div(mf) (cv=43995) = 3.461347e-11
	norm_L2 of div(momentum) = 4.306088e-10.
slv : 3m: nsd = 0 
slv :  3m: ROTATION = NO 
slv :  3m: gravity_vector     = {	 0 	 -9.81 	 0	 }  
slv :  3m: gravity_vector_LCS = {	 0 	 -9.81 	 0	 }  
slv :  +----+----+----+--------------+--------------+--------------+--------------+--------------+------+----+-+-+--+------+
|Name|view| n_y| Initial res  | Initial resL1| Target res   | Final res    | Final res L1 |Visits|Iter|R|F|CL|Status|
+----+----+----+--------------+--------------+--------------+--------------+--------------+------+----+-+-+--+------+
| 3M |   0|   0|  2.783179e-12|  2.254684e-04|  9.574054e-17|  1.247879e-17|  1.834435e-07|     2|   6|0|n|29|  OK  |
Velocity (predicted):
        (local) sd   0: min(  21708)=0.0061031376023905   , max(  46216)=12.079995576531      
Flow alg-view 0 is not Neumann (not for Phase Change + Nested Iters)
+----+----+--------------+--------------+--------------+--------------+--------------+------+----+-+-+--+------+
|Name|view| Initial res  | Initial resL1| Target res   | Final res    | Final res L1 |Visits|Iter|R|F|CL|Status|
|DVGR|   0|  3.339647e-13|  3.985895e-05|  2.087279e-17|  4.686339e-18|  2.065257e-07|     5|  15|0|n|30|  OK  |
PRESSURE SOLVER(geom_index=  0): sum_C_dp=3.53964e-13
Face Momentum (sd=  0): max value of div(mf) (cv=22487) = 1.262473e-10
	norm_L2 of div(momentum) = 2.164795e-09.
nsd = 0 min_dtHy = 0.000172074 (nCV =	46200 ) max_dtHy = 0.00439139 (nCV =	2282 ) 
+----+----+--------------+--------------+--------------+--------------+--------------+------+----+-+-+--+------+
|Name|view| Initial res  | Initial resL1| Target res   | Final res    | Final res L1 |Visits|Iter|R|F|CL|Status|
|CHT |   0|  4.445285e-12|  1.524047e-04|  2.778303e-16|  4.264328e-18|  1.111103e-07|     2|  18|0|n|30|  OK  |
nsd = 0 min_dtke = 3.90214e-05 (nCV =	23593 ) max_dtke = 0.00157812 (nCV =	26792 ) 
+----+----+----+--------------+--------------+--------------+--------------+--------------+------+----+-+-+--+------+
|Name|view| n_y| Initial res  | Initial resL1| Target res   | Final res    | Final res L1 |Visits|Iter|R|F|CL|Status|
+----+----+----+--------------+--------------+--------------+--------------+--------------+------+----+-+-+--+------+
|turb|   0|   0|  1.355421e-11|  4.888246e-05|  5.807715e-21|  6.720711e-22|  1.156155e-09|     4|  24|0|n|30|  OK  |
|turb|   0|   1|  3.424431e-04|  1.381157e-01|  1.246920e-15|  1.695219e-16|  5.219925e-07|     4|  24|0|n|30|  OK  |
Filter: K,E,momentum: sd =   0 isolating K from zero=    139 E from zero=  22859 E from infinity=  20792
slv : Fluid subdom(new) 0
slv : P static (new)                 : min(  45374) = 101324.92038702      , max(   8670) = 101425.08550823      
slv : P_static - Rho*g*h (new)       : min(  45374) = 101324.88867061      , max(   8670) = 101425.10371342      
slv : Density (new)                  : min(  47390) = 1.3300920461804      , max(   8670) = 1.331325362251       
slv : Velocity (new)                 : min(  35051) = 0.0086811093330856   , max(  46216) = 12.083384328721      
slv : Mach number (new)              : min(  35051) = 2.6631944771455e-05  , max(  46216) = 0.037073830103609    
slv : Turbulent k (new)              : min(   1701) = 1e-40                , max(  24019) = 2.6573008416974      
slv : Turbulent e (new)              : min(   7654) = 2.8851810755347e-40  , max(  23590) = 10262.674087657      
slv : Temperature (new)              : min(  44748) = 293.13001183445      , max(  22063) = 293.21138675505      
slv : Total enthalpy, Y-shifted (new): min(  42665) = -14.126251817892     , max(   7576) = 12.32024679695       
slv : MASS FLUXES AT OPENINGS: MF=-0.000260932, AP=0.000260928
slv : DvGr statistics: min alpha=0.112939(nfa=88066, geom_slice=0)
slv : +----------------------------------+------------+-------+------------+------------+
slv : |          Collector name          | Total Time | Count |  Avg Time  |  Max Time  |
slv : +----------------------------------+------------+-------+------------+------------+
slv : | Calculate_inc                    |      25.725|     45|       0.572|       0.799|
slv : | CollectEMT_Results               |       0.000|     46|       0.000|       0.000|
slv : | HeatPathCalculator_Dynamic       |       0.017|      1|       0.017|       0.017|
slv : | LiSy_make_portrait               |       0.559|    206|       0.003|       0.016|
slv : | Results_processing               |       3.315|     45|       0.074|       0.092|
slv : | build_sl_ordering_CHT            |       0.016|     46|       0.000|       0.005|
slv : | build_sl_ordering_MDS            |       0.093|     46|       0.002|       0.014|
slv : | build_sl_ordering_fluid          |       0.092|     46|       0.002|       0.014|
slv : | calc_Convolutions_MDS            |       0.803|     46|       0.017|       0.021|
slv : | calc_wall_dist                   |       2.275|      1|       2.275|       2.275|
slv : | create_Gr_operators_MDS          |       0.779|     46|       0.017|       0.024|
slv : | create_Gr_operators_portrait_MDS |       0.238|     46|       0.005|       0.008|
slv : | init_Hy_group_MDS                |       0.435|     46|       0.009|       0.013|
slv : | perform_stage_total              |      24.817|   1250|       0.020|       2.275|
slv : | precalc_at_start_MDS             |       1.593|      2|       0.796|       1.564|
slv : | solve_3M_MDS                     |       2.845|     46|       0.062|       0.080|
slv : | solve_3M_alg_MDS                 |       1.596|     46|       0.035|       0.052|
slv : | solve_BG_MDS                     |       1.722|     46|       0.037|       0.061|
slv : | solve_BG_alg_MDS                 |       1.384|     46|       0.030|       0.055|
slv : | solve_BL_MDS                     |       4.507|     46|       0.098|       0.242|
slv : | solve_CHT                        |       1.519|     46|       0.033|       0.066|
slv : | solve_CHT_MDS                    |       1.240|     46|       0.027|       0.061|
slv : | solve_CHT_alg_MDS                |       0.626|     46|       0.014|       0.046|
slv : | solve_DvGr_MDS                   |       5.252|     46|       0.114|       0.207|
slv : | solve_DvGr_alg_MDS               |       3.048|     46|       0.066|       0.161|
slv : | solve_INPR_MDS                   |       0.000|      1|       0.000|       0.000|
slv : | solve_PS+QJ                      |       0.000|      0|       0.000|       0.000|
slv : | solve_YLMA_MDS                   |       0.001|     46|       0.000|       0.000|
slv : | solve_YNOx_MDS                   |       0.000|     46|       0.000|       0.000|
slv : | solve_YTd_MDS                    |       0.002|     46|       0.000|       0.000|
slv : | solve_YTurb_MDS                  |       5.785|     46|       0.126|       0.187|
slv : | solve_YTurb_alg_MDS              |       2.840|     92|       0.031|       0.058|
slv : | update_BC_MDS                    |       0.000|     47|       0.000|       0.000|
slv : | update_Mf_after_DvGr             |       0.432|     46|       0.009|       0.015|
slv : | update_VelPressure_MDS           |       0.137|     46|       0.003|       0.005|
slv : +----------------------------------+------------+-------+------------+------------+
-----------------------------------------------------------------------
Memory Working Set Current = 386.15 Mb, Memory Working Set Peak = 386.15 Mb
Memory Private Bytes Current = 414.09 Mb, Memory Private Bytes Peak = 414.09 Mb
Process Threads Number: 32
-----------------------------------------------------------------------
Algebra Pool      : mem_usage = 205.31 Mb, allocated count = 2287

================== Tstep=46 ===================
nslice = 0; reset pressure calculator:  Rho_ref_grav_new = 1.33102
nslice = 0  P_ref = 101325
nslice = 0  Rho_ref_grav_old = 1.33102, Rho_ref_grav_new = 1.33102
 fluid-flow view[  0]: rho_ref_grav_averaged_in_view = 1.3310205847589       
<Dynamic P> on nsd = 0 {openings (inlet / outlet)}:
  (SP = Static Pressure, EP = Environment Pressure, TP = Total Pressure, E = External)
  {#1, SP, (0.000000e+00 / 7.210147e+01)}
  MWS[  0]=0.427217
tau_viscous_averaged = 0.00422831 
dt(mass,momentum; nsd=  0): min dt/dtG(ncv=  46078)=1.00 , max dt/dtG(ncv=   2282)=25.6   , dtG=0.000171684
Flow alg-view 0 in phys-view 0 isn't Neumann (not Multi Phase treating)
Face Momentum (sd=  0): max value of div(mf) (cv=22487) = 1.262473e-10
Flow alg-view 0 is not Neumann (not for Phase Change + Nested Iters)
+----+----+--------------+--------------+--------------+--------------+--------------+------+----+-+-+--+------+
|Name|view| Initial res  | Initial resL1| Target res   | Final res    | Final res L1 |Visits|Iter|R|F|CL|Status|
| BG |   0|  4.731724e-18|  2.097263e-07|  2.087279e-19|  1.496548e-19|  3.741660e-08|     6|  18|0|n|30|  OK  |
log10(resTarget_Lim / resTarget_Orig): 2.8 
Face Momentum (sd=  0): max value of div(mf) (cv=43995) = 3.168874e-11
	norm_L2 of div(momentum) = 3.868524e-10.
Flow alg-view 0 in phys-view 0 isn't Neumann (not Multi Phase treating)
LOG: number of a-faces with weighted approximations in 0 subdomain: 9.59534 percent
LOG: Rate of a-faces corrected to CUp1st in 0 subdomain: 1.23744 %
slv : SolveBL stage
|nsd|Real WF|NormalF|Cycle F|CriticF| EdgeF |CyclBrF|ExtParF|RWFnumSt|StLvlNum|  nfw  |  alp_U_min  |  nfw  |  alp_U_max  |  nfw  |  alp_T_min  |  nfw  |  alp_T_max  |  nfw  |  BL_s_min   |  nfw  |   BL_s_max  |
|  0|  12896|  12822|      0|      2|     72|      0|      0|   12896|     122|   2053|0            |   4937|42602.9      |   1311|0            |   7971|32384        |   7470|-12.7199     |   1311|0            |
Face Momentum (sd=  0): max value of div(mf) (cv=43995) = 3.168874e-11
	norm_L2 of div(momentum) = 3.868524e-10.
slv : 3m: nsd = 0 
slv :  3m: ROTATION = NO 
slv :  3m: gravity_vector     = {	 0 	 -9.81 	 0	 }  
slv :  3m: gravity_vector_LCS = {	 0 	 -9.81 	 0	 }  
slv :  +----+----+----+--------------+--------------+--------------+--------------+--------------+------+----+-+-+--+------+
|Name|view| n_y| Initial res  | Initial resL1| Target res   | Final res    | Final res L1 |Visits|Iter|R|F|CL|Status|
+----+----+----+--------------+--------------+--------------+--------------+--------------+------+----+-+-+--+------+
| 3M |   0|   0|  2.590926e-12|  2.137681e-04|  9.601393e-17|  1.019716e-17|  1.655998e-07|     2|   6|0|n|29|  OK  |
Velocity (predicted):
        (local) sd   0: min(  26323)=0.0027162975265154   , max(  46216)=12.094473324914      
Flow alg-view 0 is not Neumann (not for Phase Change + Nested Iters)
+----+----+--------------+--------------+--------------+--------------+--------------+------+----+-+-+--+------+
|Name|view| Initial res  | Initial resL1| Target res   | Final res    | Final res L1 |Visits|Iter|R|F|CL|Status|
|DVGR|   0|  3.304830e-13|  3.831444e-05|  2.065519e-17|  1.897110e-17|  3.956910e-07|     4|  12|0|n|30|  OK  |
PRESSURE SOLVER(geom_index=  0): sum_C_dp=2.84871e-13
Face Momentum (sd=  0): max value of div(mf) (cv=24389) = 3.553116e-10
	norm_L2 of div(momentum) = 4.355582e-09.
nsd = 0 min_dtHy = 0.000171692 (nCV =	46200 ) max_dtHy = 0.00439571 (nCV =	2282 ) 
+----+----+--------------+--------------+--------------+--------------+--------------+------+----+-+-+--+------+
|Name|view| Initial res  | Initial resL1| Target res   | Final res    | Final res L1 |Visits|Iter|R|F|CL|Status|
|CHT |   0|  2.389373e-12|  1.148773e-04|  1.493358e-16|  2.356632e-18|  8.311618e-08|     2|  18|0|n|30|  OK  |
nsd = 0 min_dtke = 3.86144e-05 (nCV =	23593 ) max_dtke = 0.00157769 (nCV =	26792 ) 
+----+----+----+--------------+--------------+--------------+--------------+--------------+------+----+-+-+--+------+
|Name|view| n_y| Initial res  | Initial resL1| Target res   | Final res    | Final res L1 |Visits|Iter|R|F|CL|Status|
+----+----+----+--------------+--------------+--------------+--------------+--------------+------+----+-+-+--+------+
|turb|   0|   0|  1.391509e-11|  4.875209e-05|  5.836541e-21|  6.651184e-22|  1.213881e-09|     4|  24|0|n|30|  OK  |
|turb|   0|   1|  3.529746e-04|  1.386944e-01|  1.256070e-15|  1.445650e-16|  4.975698e-07|     4|  24|0|n|30|  OK  |
Filter: K,E,momentum: sd =   0 isolating K from zero=    128 E from zero=  22856 E from infinity=  20550
slv : Fluid subdom(new) 0
slv : P static (new)                 : min(  45374) = 101324.90936322      , max(   8670) = 101425.29844126      
slv : P_static - Rho*g*h (new)       : min(  45374) = 101324.87764673      , max(   8670) = 101425.31664649      
slv : Density (new)                  : min(  47390) = 1.3300919791296      , max(   8670) = 1.3313281610888      
slv : Velocity (new)                 : min(  29636) = 0.0036909297200433   , max(  46216) = 12.09745372555       
slv : Mach number (new)              : min(  29636) = 1.1323033868827e-05  , max(  46216) = 0.037117011147648    
slv : Turbulent k (new)              : min(   1698) = 1e-40                , max(  24019) = 2.7103179006304      
slv : Turbulent e (new)              : min(   7682) = 3.0307844159321e-40  , max(  23590) = 10597.720361223      
slv : Temperature (new)              : min(  47154) = 293.1298681076       , max(  22063) = 293.21144004973      
slv : Total enthalpy, Y-shifted (new): min(  42665) = -14.109061608481     , max(   7576) = 12.320242630073      
slv : MASS FLUXES AT OPENINGS: MF=-0.000260929, AP=0.000260923
slv : DvGr statistics: min alpha=0.112938(nfa=88066, geom_slice=0)
slv : +----------------------------------+------------+-------+------------+------------+
slv : |          Collector name          | Total Time | Count |  Avg Time  |  Max Time  |
slv : +----------------------------------+------------+-------+------------+------------+
slv : | Calculate_inc                    |      26.296|     46|       0.572|       0.799|
slv : | CollectEMT_Results               |       0.000|     47|       0.000|       0.000|
slv : | HeatPathCalculator_Dynamic       |       0.017|      1|       0.017|       0.017|
slv : | LiSy_make_portrait               |       0.570|    210|       0.003|       0.016|
slv : | Results_processing               |       3.388|     46|       0.074|       0.092|
slv : | build_sl_ordering_CHT            |       0.016|     47|       0.000|       0.005|
slv : | build_sl_ordering_MDS            |       0.094|     47|       0.002|       0.014|
slv : | build_sl_ordering_fluid          |       0.092|     47|       0.002|       0.014|
slv : | calc_Convolutions_MDS            |       0.820|     47|       0.017|       0.021|
slv : | calc_wall_dist                   |       2.275|      1|       2.275|       2.275|
slv : | create_Gr_operators_MDS          |       0.794|     47|       0.017|       0.024|
slv : | create_Gr_operators_portrait_MDS |       0.243|     47|       0.005|       0.008|
slv : | init_Hy_group_MDS                |       0.444|     47|       0.009|       0.013|
slv : | perform_stage_total              |      25.289|   1277|       0.020|       2.275|
slv : | precalc_at_start_MDS             |       1.593|      2|       0.796|       1.564|
slv : | solve_3M_MDS                     |       2.904|     47|       0.062|       0.080|
slv : | solve_3M_alg_MDS                 |       1.630|     47|       0.035|       0.052|
slv : | solve_BG_MDS                     |       1.754|     47|       0.037|       0.061|
slv : | solve_BG_alg_MDS                 |       1.407|     47|       0.030|       0.055|
slv : | solve_BL_MDS                     |       4.603|     47|       0.098|       0.242|
slv : | solve_CHT                        |       1.559|     47|       0.033|       0.066|
slv : | solve_CHT_MDS                    |       1.275|     47|       0.027|       0.061|
slv : | solve_CHT_alg_MDS                |       0.649|     47|       0.014|       0.046|
slv : | solve_DvGr_MDS                   |       5.344|     47|       0.114|       0.207|
slv : | solve_DvGr_alg_MDS               |       3.093|     47|       0.066|       0.161|
slv : | solve_INPR_MDS                   |       0.000|      1|       0.000|       0.000|
slv : | solve_PS+QJ                      |       0.000|      0|       0.000|       0.000|
slv : | solve_YLMA_MDS                   |       0.001|     47|       0.000|       0.000|
slv : | solve_YNOx_MDS                   |       0.000|     47|       0.000|       0.000|
slv : | solve_YTd_MDS                    |       0.002|     47|       0.000|       0.000|
slv : | solve_YTurb_MDS                  |       5.931|     47|       0.126|       0.187|
slv : | solve_YTurb_alg_MDS              |       2.927|     94|       0.031|       0.058|
slv : | update_BC_MDS                    |       0.000|     48|       0.000|       0.000|
slv : | update_Mf_after_DvGr             |       0.440|     47|       0.009|       0.015|
slv : | update_VelPressure_MDS           |       0.141|     47|       0.003|       0.005|
slv : +----------------------------------+------------+-------+------------+------------+
-----------------------------------------------------------------------
Memory Working Set Current = 386.23 Mb, Memory Working Set Peak = 386.23 Mb
Memory Private Bytes Current = 414.09 Mb, Memory Private Bytes Peak = 414.09 Mb
Process Threads Number: 32
-----------------------------------------------------------------------
Algebra Pool      : mem_usage = 205.31 Mb, allocated count = 2284

================== Tstep=47 ===================
nslice = 0; reset pressure calculator:  Rho_ref_grav_new = 1.33102
nslice = 0  P_ref = 101325
nslice = 0  Rho_ref_grav_old = 1.33102, Rho_ref_grav_new = 1.33102
 fluid-flow view[  0]: rho_ref_grav_averaged_in_view = 1.3310231344756       
<Dynamic P> on nsd = 0 {openings (inlet / outlet)}:
  (SP = Static Pressure, EP = Environment Pressure, TP = Total Pressure, E = External)
  {#1, SP, (0.000000e+00 / 7.217872e+01)}
  MWS[  0]=0.427714
tau_viscous_averaged = 0.00421635 
dt(mass,momentum; nsd=  0): min dt/dtG(ncv=  46066)=1.00 , max dt/dtG(ncv=   2282)=25.6   , dtG=0.0001714
Flow alg-view 0 in phys-view 0 isn't Neumann (not Multi Phase treating)
Face Momentum (sd=  0): max value of div(mf) (cv=24389) = 3.553116e-10
Flow alg-view 0 is not Neumann (not for Phase Change + Nested Iters)
+----+----+--------------+--------------+--------------+--------------+--------------+------+----+-+-+--+------+
|Name|view| Initial res  | Initial resL1| Target res   | Final res    | Final res L1 |Visits|Iter|R|F|CL|Status|
| BG |   0|  1.901130e-17|  3.986923e-07|  2.065519e-19|  1.451070e-19|  3.487558e-08|     7|  21|0|n|30|  OK  |
log10(resTarget_Lim / resTarget_Orig): 2.2 
Face Momentum (sd=  0): max value of div(mf) (cv=43936) = 2.980612e-11
	norm_L2 of div(momentum) = 3.809292e-10.
Flow alg-view 0 in phys-view 0 isn't Neumann (not Multi Phase treating)
LOG: number of a-faces with weighted approximations in 0 subdomain: 9.64379 percent
LOG: Rate of a-faces corrected to CUp1st in 0 subdomain: 1.23197 %
slv : SolveBL stage
|nsd|Real WF|NormalF|Cycle F|CriticF| EdgeF |CyclBrF|ExtParF|RWFnumSt|StLvlNum|  nfw  |  alp_U_min  |  nfw  |  alp_U_max  |  nfw  |  alp_T_min  |  nfw  |  alp_T_max  |  nfw  |  BL_s_min   |  nfw  |   BL_s_max  |
|  0|  12896|  12822|      0|      2|     72|      0|      0|   12896|     122|   2053|0            |   4948|6317.64      |   1310|0            |   7898|42608.7      |   7470|-12.8072     |   1310|0            |
Face Momentum (sd=  0): max value of div(mf) (cv=43936) = 2.980612e-11
	norm_L2 of div(momentum) = 3.809292e-10.
slv : 3m: nsd = 0 
slv :  3m: ROTATION = NO 
slv :  3m: gravity_vector     = {	 0 	 -9.81 	 0	 }  
slv :  3m: gravity_vector_LCS = {	 0 	 -9.81 	 0	 }  
slv :  +----+----+----+--------------+--------------+--------------+--------------+--------------+------+----+-+-+--+------+
|Name|view| n_y| Initial res  | Initial resL1| Target res   | Final res    | Final res L1 |Visits|Iter|R|F|CL|Status|
+----+----+----+--------------+--------------+--------------+--------------+--------------+------+----+-+-+--+------+
| 3M |   0|   0|  2.328422e-12|  2.001525e-04|  9.628184e-17|  7.234558e-18|  1.425051e-07|     2|   6|0|n|29|  OK  |
Velocity (predicted):
        (local) sd   0: min(  21395)=0.0017059531314118   , max(  46216)=12.105896282132      
Flow alg-view 0 is not Neumann (not for Phase Change + Nested Iters)
+----+----+--------------+--------------+--------------+--------------+--------------+------+----+-+-+--+------+
|Name|view| Initial res  | Initial resL1| Target res   | Final res    | Final res L1 |Visits|Iter|R|F|CL|Status|
|DVGR|   0|  2.805437e-13|  3.639442e-05|  1.753398e-17|  1.569801e-17|  3.685034e-07|     4|  12|0|n|30|  OK  |
PRESSURE SOLVER(geom_index=  0): sum_C_dp=2.84921e-13
Face Momentum (sd=  0): max value of div(mf) (cv=24389) = 2.796762e-10
	norm_L2 of div(momentum) = 3.962072e-09.
nsd = 0 min_dtHy = 0.000171408 (nCV =	46214 ) max_dtHy = 0.00438379 (nCV =	2282 ) 
+----+----+--------------+--------------+--------------+--------------+--------------+------+----+-+-+--+------+
|Name|view| Initial res  | Initial resL1| Target res   | Final res    | Final res L1 |Visits|Iter|R|F|CL|Status|
|CHT |   0|  1.413218e-12|  9.024003e-05|  8.832612e-17|  1.298564e-18|  6.243577e-08|     2|  18|0|n|30|  OK  |
nsd = 0 min_dtke = 3.82703e-05 (nCV =	23593 ) max_dtke = 0.00157725 (nCV =	26792 ) 
+----+----+----+--------------+--------------+--------------+--------------+--------------+------+----+-+-+--+------+
|Name|view| n_y| Initial res  | Initial resL1| Target res   | Final res    | Final res L1 |Visits|Iter|R|F|CL|Status|
+----+----+----+--------------+--------------+--------------+--------------+--------------+------+----+-+-+--+------+
|turb|   0|   0|  1.409919e-11|  4.854315e-05|  5.866538e-21|  7.958448e-22|  1.368610e-09|     4|  24|0|n|30|  OK  |
|turb|   0|   1|  3.590180e-04|  1.386827e-01|  1.265322e-15|  1.296888e-16|  4.842105e-07|     4|  24|0|n|30|  OK  |
Filter: K,E,momentum: sd =   0 isolating K from zero=    131 E from zero=  22855 E from infinity=  20354
slv : Fluid subdom(new) 0
slv : P static (new)                 : min(  45374) = 101324.90784025      , max(   8670) = 101425.51311123      
slv : P_static - Rho*g*h (new)       : min(  45374) = 101324.8761237       , max(   8670) = 101425.5313165       
slv : Density (new)                  : min(  47373) = 1.3300912904324      , max(   8670) = 1.3313309838429      
slv : Velocity (new)                 : min(  22265) = 0.0027310082540653   , max(  46216) = 12.108567271874      
slv : Mach number (new)              : min(  22265) = 8.3781024978643e-06  , max(  46216) = 0.037151121514873    
slv : Turbulent k (new)              : min(   1701) = 1e-40                , max(  24019) = 2.7563579484748      
slv : Turbulent e (new)              : min(   7592) = 2.7773726085705e-40  , max(  23590) = 10912.713750377      
slv : Temperature (new)              : min(  47154) = 293.1296986783       , max(  22063) = 293.21149848333      
slv : Total enthalpy, Y-shifted (new): min(  42666) = -14.191364162726     , max(   7576) = 12.320241327342      
slv : MASS FLUXES AT OPENINGS: MF=-0.000260926, AP=0.00026092
slv : DvGr statistics: min alpha=0.112866(nfa=88066, geom_slice=0)
slv : +----------------------------------+------------+-------+------------+------------+
slv : |          Collector name          | Total Time | Count |  Avg Time  |  Max Time  |
slv : +----------------------------------+------------+-------+------------+------------+
slv : | Calculate_inc                    |      26.853|     47|       0.571|       0.799|
slv : | CollectEMT_Results               |       0.000|     48|       0.000|       0.000|
slv : | HeatPathCalculator_Dynamic       |       0.017|      1|       0.017|       0.017|
slv : | LiSy_make_portrait               |       0.582|    214|       0.003|       0.016|
slv : | Results_processing               |       3.464|     47|       0.074|       0.092|
slv : | build_sl_ordering_CHT            |       0.016|     48|       0.000|       0.005|
slv : | build_sl_ordering_MDS            |       0.094|     48|       0.002|       0.014|
slv : | build_sl_ordering_fluid          |       0.092|     48|       0.002|       0.014|
slv : | calc_Convolutions_MDS            |       0.837|     48|       0.017|       0.021|
slv : | calc_wall_dist                   |       2.275|      1|       2.275|       2.275|
slv : | create_Gr_operators_MDS          |       0.810|     48|       0.017|       0.024|
slv : | create_Gr_operators_portrait_MDS |       0.251|     48|       0.005|       0.008|
slv : | init_Hy_group_MDS                |       0.452|     48|       0.009|       0.013|
slv : | perform_stage_total              |      25.787|   1304|       0.020|       2.275|
slv : | precalc_at_start_MDS             |       1.593|      2|       0.796|       1.564|
slv : | solve_3M_MDS                     |       2.963|     48|       0.062|       0.080|
slv : | solve_3M_alg_MDS                 |       1.665|     48|       0.035|       0.052|
slv : | solve_BG_MDS                     |       1.791|     48|       0.037|       0.061|
slv : | solve_BG_alg_MDS                 |       1.437|     48|       0.030|       0.055|
slv : | solve_BL_MDS                     |       4.698|     48|       0.098|       0.242|
slv : | solve_CHT                        |       1.603|     48|       0.033|       0.066|
slv : | solve_CHT_MDS                    |       1.313|     48|       0.027|       0.061|
slv : | solve_CHT_alg_MDS                |       0.674|     48|       0.014|       0.046|
slv : | solve_DvGr_MDS                   |       5.440|     48|       0.113|       0.207|
slv : | solve_DvGr_alg_MDS               |       3.138|     48|       0.065|       0.161|
slv : | solve_INPR_MDS                   |       0.000|      1|       0.000|       0.000|
slv : | solve_PS+QJ                      |       0.000|      0|       0.000|       0.000|
slv : | solve_YLMA_MDS                   |       0.001|     48|       0.000|       0.000|
slv : | solve_YNOx_MDS                   |       0.000|     48|       0.000|       0.000|
slv : | solve_YTd_MDS                    |       0.002|     48|       0.000|       0.000|
slv : | solve_YTurb_MDS                  |       6.090|     48|       0.127|       0.187|
slv : | solve_YTurb_alg_MDS              |       3.020|     96|       0.031|       0.058|
slv : | update_BC_MDS                    |       0.000|     49|       0.000|       0.000|
slv : | update_Mf_after_DvGr             |       0.447|     48|       0.009|       0.015|
slv : | update_VelPressure_MDS           |       0.143|     48|       0.003|       0.005|
slv : +----------------------------------+------------+-------+------------+------------+
-----------------------------------------------------------------------
Memory Working Set Current = 386.12 Mb, Memory Working Set Peak = 386.23 Mb
Memory Private Bytes Current = 389.54 Mb, Memory Private Bytes Peak = 414.09 Mb
Process Threads Number: 32
-----------------------------------------------------------------------
Algebra Pool      : mem_usage = 205.31 Mb, allocated count = 2290

================== Tstep=48 ===================
nslice = 0; reset pressure calculator:  Rho_ref_grav_new = 1.33103
nslice = 0  P_ref = 101325
nslice = 0  Rho_ref_grav_old = 1.33102, Rho_ref_grav_new = 1.33103
 fluid-flow view[  0]: rho_ref_grav_averaged_in_view = 1.3310257131751       
<Dynamic P> on nsd = 0 {openings (inlet / outlet)}:
  (SP = Static Pressure, EP = Environment Pressure, TP = Total Pressure, E = External)
  {#1, SP, (0.000000e+00 / 7.225126e+01)}
  MWS[  0]=0.428107
tau_viscous_averaged = 0.00420269 
dt(mass,momentum; nsd=  0): min dt/dtG(ncv=  46178)=1.00 , max dt/dtG(ncv=   2282)=25.6   , dtG=0.000171182
Flow alg-view 0 in phys-view 0 isn't Neumann (not Multi Phase treating)
Face Momentum (sd=  0): max value of div(mf) (cv=24389) = 2.796762e-10
Flow alg-view 0 is not Neumann (not for Phase Change + Nested Iters)
+----+----+--------------+--------------+--------------+--------------+--------------+------+----+-+-+--+------+
|Name|view| Initial res  | Initial resL1| Target res   | Final res    | Final res L1 |Visits|Iter|R|F|CL|Status|
| BG |   0|  1.573398e-17|  3.713284e-07|  1.753398e-19|  1.381788e-19|  3.376517e-08|     7|  21|0|n|30|  OK  |
log10(resTarget_Lim / resTarget_Orig): 2.3 
Face Momentum (sd=  0): max value of div(mf) (cv=43936) = 2.915527e-11
	norm_L2 of div(momentum) = 3.717241e-10.
Flow alg-view 0 in phys-view 0 isn't Neumann (not Multi Phase treating)
LOG: number of a-faces with weighted approximations in 0 subdomain: 9.52479 percent
LOG: Rate of a-faces corrected to CUp1st in 0 subdomain: 1.21804 %
slv : SolveBL stage
|nsd|Real WF|NormalF|Cycle F|CriticF| EdgeF |CyclBrF|ExtParF|RWFnumSt|StLvlNum|  nfw  |  alp_U_min  |  nfw  |  alp_U_max  |  nfw  |  alp_T_min  |  nfw  |  alp_T_max  |  nfw  |  BL_s_min   |  nfw  |   BL_s_max  |
|  0|  12896|  12822|      0|      2|     72|      0|      0|   12896|     122|   2053|0            |   4031|5025.13      |   1310|0            |   5093|25980        |   7470|-12.8405     |   1310|0            |
Face Momentum (sd=  0): max value of div(mf) (cv=43936) = 2.915527e-11
	norm_L2 of div(momentum) = 3.717241e-10.
slv : 3m: nsd = 0 
slv :  3m: ROTATION = NO 
slv :  3m: gravity_vector     = {	 0 	 -9.81 	 0	 }  
slv :  3m: gravity_vector_LCS = {	 0 	 -9.81 	 0	 }  
slv :  +----+----+----+--------------+--------------+--------------+--------------+--------------+------+----+-+-+--+------+
|Name|view| n_y| Initial res  | Initial resL1| Target res   | Final res    | Final res L1 |Visits|Iter|R|F|CL|Status|
+----+----+----+--------------+--------------+--------------+--------------+--------------+------+----+-+-+--+------+
| 3M |   0|   0|  2.236658e-12|  1.925145e-04|  9.650019e-17|  5.747088e-18|  1.278069e-07|     2|   6|0|n|29|  OK  |
Velocity (predicted):
        (local) sd   0: min(  21395)=0.0019915680639071   , max(  46216)=12.116556307432      
Flow alg-view 0 is not Neumann (not for Phase Change + Nested Iters)
+----+----+--------------+--------------+--------------+--------------+--------------+------+----+-+-+--+------+
|Name|view| Initial res  | Initial resL1| Target res   | Final res    | Final res L1 |Visits|Iter|R|F|CL|Status|
|DVGR|   0|  2.602037e-13|  3.493125e-05|  1.626273e-17|  1.187889e-17|  3.276027e-07|     4|  12|0|n|30|  OK  |
PRESSURE SOLVER(geom_index=  0): sum_C_dp=2.50266e-13
Face Momentum (sd=  0): max value of div(mf) (cv=24389) = 2.738521e-10
	norm_L2 of div(momentum) = 3.446577e-09.
nsd = 0 min_dtHy = 0.00017119 (nCV =	46200 ) max_dtHy = 0.00437724 (nCV =	2282 ) 
+----+----+--------------+--------------+--------------+--------------+--------------+------+----+-+-+--+------+
|Name|view| Initial res  | Initial resL1| Target res   | Final res    | Final res L1 |Visits|Iter|R|F|CL|Status|
|CHT |   0|  8.663252e-13|  7.258023e-05|  5.414532e-17|  7.343584e-19|  4.757269e-08|     2|  18|0|n|30|  OK  |
nsd = 0 min_dtke = 3.79793e-05 (nCV =	23593 ) max_dtke = 0.00157689 (nCV =	26792 ) 
+----+----+----+--------------+--------------+--------------+--------------+--------------+------+----+-+-+--+------+
|Name|view| n_y| Initial res  | Initial resL1| Target res   | Final res    | Final res L1 |Visits|Iter|R|F|CL|Status|
+----+----+----+--------------+--------------+--------------+--------------+--------------+------+----+-+-+--+------+
|turb|   0|   0|  1.426988e-11|  4.848218e-05|  5.889331e-21|  1.098818e-21|  1.598974e-09|     4|  24|0|n|30|  OK  |
|turb|   0|   1|  3.640189e-04|  1.387034e-01|  1.272437e-15|  1.154200e-16|  4.939818e-07|     4|  24|0|n|30|  OK  |
Filter: K,E,momentum: sd =   0 isolating K from zero=    131 E from zero=  22864 E from infinity=  20177
slv : Fluid subdom(new) 0
slv : P static (new)                 : min(  45374) = 101324.91135776      , max(   8670) = 101425.70317052      
slv : P_static - Rho*g*h (new)       : min(  45374) = 101324.87964116      , max(   8670) = 101425.72137583      
slv : Density (new)                  : min(  47373) = 1.3300904012609      , max(   8670) = 1.3313334827118      
slv : Velocity (new)                 : min(  29697) = 0.0023235715148428   , max(  46216) = 12.117697160573      
slv : Mach number (new)              : min(  29697) = 7.1282527147876e-06  , max(  46216) = 0.037179143817111    
slv : Turbulent k (new)              : min(   1700) = 1e-40                , max(  24019) = 2.7960334786302      
slv : Turbulent e (new)              : min(   7654) = 2.8851623005592e-40  , max(  23590) = 11207.31905129       
slv : Temperature (new)              : min(  47154) = 293.12951808         , max(  22063) = 293.21151616475      
slv : Total enthalpy, Y-shifted (new): min(  42673) = -14.185009151989     , max(   7576) = 12.32024348372       
slv : MASS FLUXES AT OPENINGS: MF=-0.000260923, AP=0.000260919
slv : DvGr statistics: min alpha=0.112888(nfa=88066, geom_slice=0)
slv : +----------------------------------+------------+-------+------------+------------+
slv : |          Collector name          | Total Time | Count |  Avg Time  |  Max Time  |
slv : +----------------------------------+------------+-------+------------+------------+
slv : | Calculate_inc                    |      27.443|     48|       0.572|       0.799|
slv : | CollectEMT_Results               |       0.000|     49|       0.000|       0.000|
slv : | HeatPathCalculator_Dynamic       |       0.017|      1|       0.017|       0.017|
slv : | LiSy_make_portrait               |       0.594|    218|       0.003|       0.016|
slv : | Results_processing               |       3.543|     48|       0.074|       0.092|
slv : | build_sl_ordering_CHT            |       0.016|     49|       0.000|       0.005|
slv : | build_sl_ordering_MDS            |       0.094|     49|       0.002|       0.014|
slv : | build_sl_ordering_fluid          |       0.093|     49|       0.002|       0.014|
slv : | calc_Convolutions_MDS            |       0.853|     49|       0.017|       0.021|
slv : | calc_wall_dist                   |       2.275|      1|       2.275|       2.275|
slv : | create_Gr_operators_MDS          |       0.828|     49|       0.017|       0.024|
slv : | create_Gr_operators_portrait_MDS |       0.255|     49|       0.005|       0.008|
slv : | init_Hy_group_MDS                |       0.461|     49|       0.009|       0.013|
slv : | perform_stage_total              |      26.260|   1331|       0.020|       2.275|
slv : | precalc_at_start_MDS             |       1.593|      2|       0.796|       1.564|
slv : | solve_3M_MDS                     |       3.025|     49|       0.062|       0.080|
slv : | solve_3M_alg_MDS                 |       1.702|     49|       0.035|       0.052|
slv : | solve_BG_MDS                     |       1.825|     49|       0.037|       0.061|
slv : | solve_BG_alg_MDS                 |       1.465|     49|       0.030|       0.055|
slv : | solve_BL_MDS                     |       4.791|     49|       0.098|       0.242|
slv : | solve_CHT                        |       1.643|     49|       0.034|       0.066|
slv : | solve_CHT_MDS                    |       1.347|     49|       0.027|       0.061|
slv : | solve_CHT_alg_MDS                |       0.697|     49|       0.014|       0.046|
slv : | solve_DvGr_MDS                   |       5.530|     49|       0.113|       0.207|
slv : | solve_DvGr_alg_MDS               |       3.182|     49|       0.065|       0.161|
slv : | solve_INPR_MDS                   |       0.000|      1|       0.000|       0.000|
slv : | solve_PS+QJ                      |       0.000|      0|       0.000|       0.000|
slv : | solve_YLMA_MDS                   |       0.001|     49|       0.000|       0.000|
slv : | solve_YNOx_MDS                   |       0.000|     49|       0.000|       0.000|
slv : | solve_YTd_MDS                    |       0.002|     49|       0.000|       0.000|
slv : | solve_YTurb_MDS                  |       6.235|     49|       0.127|       0.187|
slv : | solve_YTurb_alg_MDS              |       3.111|     98|       0.032|       0.058|
slv : | update_BC_MDS                    |       0.000|     50|       0.000|       0.000|
slv : | update_Mf_after_DvGr             |       0.455|     49|       0.009|       0.015|
slv : | update_VelPressure_MDS           |       0.146|     49|       0.003|       0.005|
slv : +----------------------------------+------------+-------+------------+------------+
-----------------------------------------------------------------------
Memory Working Set Current = 386.20 Mb, Memory Working Set Peak = 386.23 Mb
Memory Private Bytes Current = 414.09 Mb, Memory Private Bytes Peak = 414.09 Mb
Process Threads Number: 32
-----------------------------------------------------------------------
Algebra Pool      : mem_usage = 205.31 Mb, allocated count = 2290

================== Tstep=49 ===================
nslice = 0; reset pressure calculator:  Rho_ref_grav_new = 1.33103
nslice = 0  P_ref = 101325
nslice = 0  Rho_ref_grav_old = 1.33103, Rho_ref_grav_new = 1.33103
 fluid-flow view[  0]: rho_ref_grav_averaged_in_view = 1.331027988001        
<Dynamic P> on nsd = 0 {openings (inlet / outlet)}:
  (SP = Static Pressure, EP = Environment Pressure, TP = Total Pressure, E = External)
  {#1, SP, (0.000000e+00 / 7.232026e+01)}
  MWS[  0]=0.42843
tau_viscous_averaged = 0.00418763 
dt(mass,momentum; nsd=  0): min dt/dtG(ncv=  46064)=1.00 , max dt/dtG(ncv=   2282)=25.6   , dtG=0.000170929
Flow alg-view 0 in phys-view 0 isn't Neumann (not Multi Phase treating)
Face Momentum (sd=  0): max value of div(mf) (cv=24389) = 2.738521e-10
Flow alg-view 0 is not Neumann (not for Phase Change + Nested Iters)
+----+----+--------------+--------------+--------------+--------------+--------------+------+----+-+-+--+------+
|Name|view| Initial res  | Initial resL1| Target res   | Final res    | Final res L1 |Visits|Iter|R|F|CL|Status|
| BG |   0|  1.191042e-17|  3.302589e-07|  1.626273e-19|  1.065399e-19|  2.970185e-08|     7|  21|0|n|30|  OK  |
log10(resTarget_Lim / resTarget_Orig): 2.3 
Face Momentum (sd=  0): max value of div(mf) (cv=43936) = 2.565119e-11
	norm_L2 of div(momentum) = 3.264045e-10.
Flow alg-view 0 in phys-view 0 isn't Neumann (not Multi Phase treating)
LOG: number of a-faces with weighted approximations in 0 subdomain: 9.54189 percent
LOG: Rate of a-faces corrected to CUp1st in 0 subdomain: 1.23421 %
slv : SolveBL stage
|nsd|Real WF|NormalF|Cycle F|CriticF| EdgeF |CyclBrF|ExtParF|RWFnumSt|StLvlNum|  nfw  |  alp_U_min  |  nfw  |  alp_U_max  |  nfw  |  alp_T_min  |  nfw  |  alp_T_max  |  nfw  |  BL_s_min   |  nfw  |   BL_s_max  |
|  0|  12896|  12822|      0|      2|     72|      0|      0|   12896|     122|   2053|0            |   4948|4798.38      |   1310|0            |   7050|78624.7      |   7470|-12.8825     |   1310|0            |
Face Momentum (sd=  0): max value of div(mf) (cv=43936) = 2.565119e-11
	norm_L2 of div(momentum) = 3.264045e-10.
slv : 3m: nsd = 0 
slv :  3m: ROTATION = NO 
slv :  3m: gravity_vector     = {	 0 	 -9.81 	 0	 }  
slv :  3m: gravity_vector_LCS = {	 0 	 -9.81 	 0	 }  
slv :  +----+----+----+--------------+--------------+--------------+--------------+--------------+------+----+-+-+--+------+
|Name|view| n_y| Initial res  | Initial resL1| Target res   | Final res    | Final res L1 |Visits|Iter|R|F|CL|Status|
+----+----+----+--------------+--------------+--------------+--------------+--------------+------+----+-+-+--+------+
| 3M |   0|   0|  1.957667e-12|  1.810138e-04|  9.668587e-17|  4.195039e-18|  1.140825e-07|     2|   6|0|n|29|  OK  |
Velocity (predicted):
        (local) sd   0: min(  22076)=0.0020437437861081   , max(  46180)=12.126134112831      
Flow alg-view 0 is not Neumann (not for Phase Change + Nested Iters)
+----+----+--------------+--------------+--------------+--------------+--------------+------+----+-+-+--+------+
|Name|view| Initial res  | Initial resL1| Target res   | Final res    | Final res L1 |Visits|Iter|R|F|CL|Status|
|DVGR|   0|  2.621448e-13|  3.325175e-05|  1.638405e-17|  9.831883e-18|  3.030528e-07|     4|  12|0|n|30|  OK  |
PRESSURE SOLVER(geom_index=  0): sum_C_dp=2.27666e-13
Face Momentum (sd=  0): max value of div(mf) (cv=24389) = 2.066955e-10
	norm_L2 of div(momentum) = 3.135583e-09.
nsd = 0 min_dtHy = 0.000170937 (nCV =	46214 ) max_dtHy = 0.00437806 (nCV =	2282 ) 
+----+----+--------------+--------------+--------------+--------------+--------------+------+----+-+-+--+------+
|Name|view| Initial res  | Initial resL1| Target res   | Final res    | Final res L1 |Visits|Iter|R|F|CL|Status|
|CHT |   0|  6.479284e-13|  6.047981e-05|  4.049552e-17|  4.339983e-19|  3.708239e-08|     2|  18|0|n|30|  OK  |
nsd = 0 min_dtke = 3.77334e-05 (nCV =	23593 ) max_dtke = 0.00157657 (nCV =	26792 ) 
+----+----+----+--------------+--------------+--------------+--------------+--------------+------+----+-+-+--+------+
|Name|view| n_y| Initial res  | Initial resL1| Target res   | Final res    | Final res L1 |Visits|Iter|R|F|CL|Status|
+----+----+----+--------------+--------------+--------------+--------------+--------------+------+----+-+-+--+------+
|turb|   0|   0|  1.441868e-11|  4.833739e-05|  5.909298e-21|  1.581422e-21|  1.875211e-09|     4|  24|0|n|30|  OK  |
|turb|   0|   1|  3.688822e-04|  1.386849e-01|  1.278497e-15|  1.123923e-16|  5.164533e-07|     4|  24|0|n|30|  OK  |
Filter: K,E,momentum: sd =   0 isolating K from zero=    125 E from zero=  22864 E from infinity=  20025
slv : Fluid subdom(new) 0
slv : P static (new)                 : min(  47188) = 101324.90897453      , max(   8670) = 101425.8764116       
slv : P_static - Rho*g*h (new)       : min(  45374) = 101324.88780293      , max(   8670) = 101425.89461693      
slv : Density (new)                  : min(  47373) = 1.3300896215368      , max(   8670) = 1.3313357623576      
slv : Velocity (new)                 : min(  35078) = 0.0051679513771647   , max(  46216) = 12.126983559624      
slv : Mach number (new)              : min(  35078) = 1.5854258922202e-05  , max(  46216) = 0.037207646145118    
slv : Turbulent k (new)              : min(   1701) = 1e-40                , max(  24019) = 2.8300677757937      
slv : Turbulent e (new)              : min(   7591) = 2.7068260971247e-40  , max(  23590) = 11483.723126226      
slv : Temperature (new)              : min(  47154) = 293.12936329185      , max(  22063) = 293.21150321218      
slv : Total enthalpy, Y-shifted (new): min(  42666) = -14.202045534628     , max(   7576) = 12.320232023728      
slv : MASS FLUXES AT OPENINGS: MF=-0.00026092, AP=0.000260917
slv : DvGr statistics: min alpha=0.112833(nfa=88066, geom_slice=0)
slv : +----------------------------------+------------+-------+------------+------------+
slv : |          Collector name          | Total Time | Count |  Avg Time  |  Max Time  |
slv : +----------------------------------+------------+-------+------------+------------+
slv : | Calculate_inc                    |      28.002|     49|       0.571|       0.799|
slv : | CollectEMT_Results               |       0.000|     50|       0.000|       0.000|
slv : | HeatPathCalculator_Dynamic       |       0.017|      1|       0.017|       0.017|
slv : | LiSy_make_portrait               |       0.604|    222|       0.003|       0.016|
slv : | Results_processing               |       3.623|     49|       0.074|       0.092|
slv : | build_sl_ordering_CHT            |       0.016|     50|       0.000|       0.005|
slv : | build_sl_ordering_MDS            |       0.095|     50|       0.002|       0.014|
slv : | build_sl_ordering_fluid          |       0.093|     50|       0.002|       0.014|
slv : | calc_Convolutions_MDS            |       0.870|     50|       0.017|       0.021|
slv : | calc_wall_dist                   |       2.275|      1|       2.275|       2.275|
slv : | create_Gr_operators_MDS          |       0.843|     50|       0.017|       0.024|
slv : | create_Gr_operators_portrait_MDS |       0.260|     50|       0.005|       0.008|
slv : | init_Hy_group_MDS                |       0.470|     50|       0.009|       0.013|
slv : | perform_stage_total              |      26.745|   1358|       0.020|       2.275|
slv : | precalc_at_start_MDS             |       1.593|      2|       0.796|       1.564|
slv : | solve_3M_MDS                     |       3.086|     50|       0.062|       0.080|
slv : | solve_3M_alg_MDS                 |       1.737|     50|       0.035|       0.052|
slv : | solve_BG_MDS                     |       1.859|     50|       0.037|       0.061|
slv : | solve_BG_alg_MDS                 |       1.491|     50|       0.030|       0.055|
slv : | solve_BL_MDS                     |       4.883|     50|       0.098|       0.242|
slv : | solve_CHT                        |       1.682|     50|       0.034|       0.066|
slv : | solve_CHT_MDS                    |       1.380|     50|       0.028|       0.061|
slv : | solve_CHT_alg_MDS                |       0.719|     50|       0.014|       0.046|
slv : | solve_DvGr_MDS                   |       5.625|     50|       0.113|       0.207|
slv : | solve_DvGr_alg_MDS               |       3.228|     50|       0.065|       0.161|
slv : | solve_INPR_MDS                   |       0.000|      1|       0.000|       0.000|
slv : | solve_PS+QJ                      |       0.000|      0|       0.000|       0.000|
slv : | solve_YLMA_MDS                   |       0.001|     50|       0.000|       0.000|
slv : | solve_YNOx_MDS                   |       0.000|     50|       0.000|       0.000|
slv : | solve_YTd_MDS                    |       0.002|     50|       0.000|       0.000|
slv : | solve_YTurb_MDS                  |       6.390|     50|       0.128|       0.187|
slv : | solve_YTurb_alg_MDS              |       3.202|    100|       0.032|       0.058|
slv : | update_BC_MDS                    |       0.000|     51|       0.000|       0.000|
slv : | update_Mf_after_DvGr             |       0.463|     50|       0.009|       0.015|
slv : | update_VelPressure_MDS           |       0.149|     50|       0.003|       0.005|
slv : +----------------------------------+------------+-------+------------+------------+
Interpolator cache: total calls 66887, optimised calls 26124 (39.1 %)
-----------------------------------------------------------------------
Memory Working Set Current = 386.22 Mb, Memory Working Set Peak = 386.23 Mb
Memory Private Bytes Current = 414.09 Mb, Memory Private Bytes Peak = 414.09 Mb
Process Threads Number: 32
-----------------------------------------------------------------------
Iteration : time = 3.21969 , count = 5 , time/count = 0.643937
Calculate_inc() : time = 2.84506 , count = 5 , time/count = 0.569012
TreatFlowEvolution() : time = 0.358159 , count = 5 , time/count = 0.0716318
SolverPreview : time = 0 , count = 5 , time/count = 0
TreatGoals : time = 0.349127 , count = 5 , time/count = 0.0698254
Algebra Pool      : mem_usage = 205.31 Mb, allocated count = 2290

================== Tstep=50 ===================
nslice = 0; reset pressure calculator:  Rho_ref_grav_new = 1.33103
nslice = 0  P_ref = 101325
nslice = 0  Rho_ref_grav_old = 1.33103, Rho_ref_grav_new = 1.33103
 fluid-flow view[  0]: rho_ref_grav_averaged_in_view = 1.3310300629402       
<Dynamic P> on nsd = 0 {openings (inlet / outlet)}:
  (SP = Static Pressure, EP = Environment Pressure, TP = Total Pressure, E = External)
  {#1, SP, (0.000000e+00 / 7.238457e+01)}
  MWS[  0]=0.428758
tau_viscous_averaged = 0.00417163 
dt(mass,momentum; nsd=  0): min dt/dtG(ncv=  46178)=1.00 , max dt/dtG(ncv=   2282)=25.6   , dtG=0.000170733
Flow alg-view 0 in phys-view 0 isn't Neumann (not Multi Phase treating)
Face Momentum (sd=  0): max value of div(mf) (cv=24389) = 2.066955e-10
Flow alg-view 0 is not Neumann (not for Phase Change + Nested Iters)
+----+----+--------------+--------------+--------------+--------------+--------------+------+----+-+-+--+------+
|Name|view| Initial res  | Initial resL1| Target res   | Final res    | Final res L1 |Visits|Iter|R|F|CL|Status|
| BG |   0|  9.860104e-18|  3.055581e-07|  1.638405e-19|  9.089325e-20|  2.891478e-08|     7|  21|0|n|30|  OK  |
log10(resTarget_Lim / resTarget_Orig): 2.4 
Face Momentum (sd=  0): max value of div(mf) (cv=43936) = 2.364529e-11
	norm_L2 of div(momentum) = 3.014851e-10.
Flow alg-view 0 in phys-view 0 isn't Neumann (not Multi Phase treating)
LOG: number of a-faces with weighted approximations in 0 subdomain: 9.52479 percent
LOG: Rate of a-faces corrected to CUp1st in 0 subdomain: 1.22863 %
slv : SolveBL stage
|nsd|Real WF|NormalF|Cycle F|CriticF| EdgeF |CyclBrF|ExtParF|RWFnumSt|StLvlNum|  nfw  |  alp_U_min  |  nfw  |  alp_U_max  |  nfw  |  alp_T_min  |  nfw  |  alp_T_max  |  nfw  |  BL_s_min   |  nfw  |   BL_s_max  |
|  0|  12896|  12822|      0|      2|     72|      0|      0|   12896|     122|   2053|0            |   2811|4313.33      |   1310|0            |   5093|21032.3      |   7470|-12.8839     |   1310|0            |
Face Momentum (sd=  0): max value of div(mf) (cv=43936) = 2.364529e-11
	norm_L2 of div(momentum) = 3.014851e-10.
slv : 3m: nsd = 0 
slv :  3m: ROTATION = NO 
slv :  3m: gravity_vector     = {	 0 	 -9.81 	 0	 }  
slv :  3m: gravity_vector_LCS = {	 0 	 -9.81 	 0	 }  
slv :  +----+----+----+--------------+--------------+--------------+--------------+--------------+------+----+-+-+--+------+
|Name|view| n_y| Initial res  | Initial resL1| Target res   | Final res    | Final res L1 |Visits|Iter|R|F|CL|Status|
+----+----+----+--------------+--------------+--------------+--------------+--------------+------+----+-+-+--+------+
| 3M |   0|   0|  2.012873e-12|  1.742924e-04|  9.687599e-17|  3.506218e-18|  1.047034e-07|     2|   6|0|n|29|  OK  |
Velocity (predicted):
        (local) sd   0: min(  22076)=0.0009852059551835   , max(  46180)=12.135350280504      
Flow alg-view 0 is not Neumann (not for Phase Change + Nested Iters)
+----+----+--------------+--------------+--------------+--------------+--------------+------+----+-+-+--+------+
|Name|view| Initial res  | Initial resL1| Target res   | Final res    | Final res L1 |Visits|Iter|R|F|CL|Status|
|DVGR|   0|  2.036037e-13|  3.151454e-05|  1.272523e-17|  7.510533e-18|  2.698126e-07|     4|  12|0|n|30|  OK  |
PRESSURE SOLVER(geom_index=  0): sum_C_dp=2.07816e-13
Face Momentum (sd=  0): max value of div(mf) (cv=24389) = 2.441506e-10
	norm_L2 of div(momentum) = 2.740535e-09.
nsd = 0 min_dtHy = 0.000170741 (nCV =	46200 ) max_dtHy = 0.00437564 (nCV =	2282 ) 
+----+----+--------------+--------------+--------------+--------------+--------------+------+----+-+-+--+------+
|Name|view| Initial res  | Initial resL1| Target res   | Final res    | Final res L1 |Visits|Iter|R|F|CL|Status|
|CHT |   0|  4.785664e-13|  5.153809e-05|  2.991040e-17|  2.772289e-19|  2.962777e-08|     2|  18|0|n|30|  OK  |
nsd = 0 min_dtke = 3.70947e-05 (nCV =	46180 ) max_dtke = 0.00157627 (nCV =	26792 ) 
+----+----+----+--------------+--------------+--------------+--------------+--------------+------+----+-+-+--+------+
|Name|view| n_y| Initial res  | Initial resL1| Target res   | Final res    | Final res L1 |Visits|Iter|R|F|CL|Status|
+----+----+----+--------------+--------------+--------------+--------------+--------------+------+----+-+-+--+------+
|turb|   0|   0|  1.457271e-11|  4.820254e-05|  5.928913e-21|  2.203276e-21|  2.156501e-09|     4|  24|0|n|30|  OK  |
|turb|   0|   1|  3.740557e-04|  1.387667e-01|  1.284543e-15|  1.107320e-16|  5.420749e-07|     4|  24|0|n|30|  OK  |
Filter: K,E,momentum: sd =   0 isolating K from zero=    129 E from zero=  22872 E from infinity=  19882
slv : Fluid subdom(new) 0
slv : P static (new)                 : min(  47188) = 101324.90933918      , max(   8670) = 101426.03791416      
slv : P_static - Rho*g*h (new)       : min(  45374) = 101324.90648129      , max(   8670) = 101426.05611952      
slv : Density (new)                  : min(  45005) = 1.3300888517484      , max(   8670) = 1.3313378848377      
slv : Velocity (new)                 : min(  17106) = 0.0044209098572236   , max(  46180) = 12.136019480351      
slv : Mach number (new)              : min(  17106) = 1.3562490817073e-05  , max(  46180) = 0.037235321144147    
slv : Turbulent k (new)              : min(   1698) = 1e-40                , max(  24019) = 2.859440138724       
slv : Turbulent e (new)              : min(   7654) = 2.8851525073275e-40  , max(  23590) = 11742.467099835      
slv : Temperature (new)              : min(  47154) = 293.12922258529      , max(  22063) = 293.21151455632      
slv : Total enthalpy, Y-shifted (new): min(  42673) = -14.233511824959     , max(   7576) = 12.320238848522      
slv : MASS FLUXES AT OPENINGS: MF=-0.000260918, AP=0.000260915
slv : DvGr statistics: min alpha=0.112859(nfa=88066, geom_slice=0)
slv : +----------------------------------+------------+-------+------------+------------+
slv : |          Collector name          | Total Time | Count |  Avg Time  |  Max Time  |
slv : +----------------------------------+------------+-------+------------+------------+
slv : | Calculate_inc                    |      28.570|     50|       0.571|       0.799|
slv : | CollectEMT_Results               |       0.000|     51|       0.000|       0.000|
slv : | HeatPathCalculator_Dynamic       |       0.017|      1|       0.017|       0.017|
slv : | LiSy_make_portrait               |       0.614|    226|       0.003|       0.016|
slv : | Results_processing               |       3.685|     50|       0.074|       0.092|
slv : | build_sl_ordering_CHT            |       0.016|     51|       0.000|       0.005|
slv : | build_sl_ordering_MDS            |       0.095|     51|       0.002|       0.014|
slv : | build_sl_ordering_fluid          |       0.093|     51|       0.002|       0.014|
slv : | calc_Convolutions_MDS            |       0.887|     51|       0.017|       0.021|
slv : | calc_wall_dist                   |       2.275|      1|       2.275|       2.275|
slv : | create_Gr_operators_MDS          |       0.858|     51|       0.017|       0.024|
slv : | create_Gr_operators_portrait_MDS |       0.265|     51|       0.005|       0.008|
slv : | init_Hy_group_MDS                |       0.481|     51|       0.009|       0.013|
slv : | perform_stage_total              |      27.219|   1385|       0.020|       2.275|
slv : | precalc_at_start_MDS             |       1.593|      2|       0.796|       1.564|
slv : | solve_3M_MDS                     |       3.146|     51|       0.062|       0.080|
slv : | solve_3M_alg_MDS                 |       1.772|     51|       0.035|       0.052|
slv : | solve_BG_MDS                     |       1.892|     51|       0.037|       0.061|
slv : | solve_BG_alg_MDS                 |       1.518|     51|       0.030|       0.055|
slv : | solve_BL_MDS                     |       4.976|     51|       0.098|       0.242|
slv : | solve_CHT                        |       1.721|     51|       0.034|       0.066|
slv : | solve_CHT_MDS                    |       1.414|     51|       0.028|       0.061|
slv : | solve_CHT_alg_MDS                |       0.742|     51|       0.015|       0.046|
slv : | solve_DvGr_MDS                   |       5.717|     51|       0.112|       0.207|
slv : | solve_DvGr_alg_MDS               |       3.274|     51|       0.064|       0.161|
slv : | solve_INPR_MDS                   |       0.000|      1|       0.000|       0.000|
slv : | solve_PS+QJ                      |       0.000|      0|       0.000|       0.000|
slv : | solve_YLMA_MDS                   |       0.001|     51|       0.000|       0.000|
slv : | solve_YNOx_MDS                   |       0.000|     51|       0.000|       0.000|
slv : | solve_YTd_MDS                    |       0.002|     51|       0.000|       0.000|
slv : | solve_YTurb_MDS                  |       6.537|     51|       0.128|       0.187|
slv : | solve_YTurb_alg_MDS              |       3.291|    102|       0.032|       0.058|
slv : | update_BC_MDS                    |       0.000|     52|       0.000|       0.000|
slv : | update_Mf_after_DvGr             |       0.471|     51|       0.009|       0.015|
slv : | update_VelPressure_MDS           |       0.152|     51|       0.003|       0.005|
slv : +----------------------------------+------------+-------+------------+------------+
-----------------------------------------------------------------------
Memory Working Set Current = 386.25 Mb, Memory Working Set Peak = 386.25 Mb
Memory Private Bytes Current = 414.09 Mb, Memory Private Bytes Peak = 414.09 Mb
Process Threads Number: 32
-----------------------------------------------------------------------
Algebra Pool      : mem_usage = 205.31 Mb, allocated count = 2290

================== Tstep=51 ===================
nslice = 0; reset pressure calculator:  Rho_ref_grav_new = 1.33103
nslice = 0  P_ref = 101325
nslice = 0  Rho_ref_grav_old = 1.33103, Rho_ref_grav_new = 1.33103
 fluid-flow view[  0]: rho_ref_grav_averaged_in_view = 1.3310319771994       
<Dynamic P> on nsd = 0 {openings (inlet / outlet)}:
  (SP = Static Pressure, EP = Environment Pressure, TP = Total Pressure, E = External)
  {#1, SP, (0.000000e+00 / 7.244484e+01)}
  MWS[  0]=0.429077
tau_viscous_averaged = 0.00415392 
dt(mass,momentum; nsd=  0): min dt/dtG(ncv=  46078)=1.00 , max dt/dtG(ncv=   2282)=25.6   , dtG=0.000170584
Flow alg-view 0 in phys-view 0 isn't Neumann (not Multi Phase treating)
Face Momentum (sd=  0): max value of div(mf) (cv=24389) = 2.441506e-10
Flow alg-view 0 is not Neumann (not for Phase Change + Nested Iters)
+----+----+--------------+--------------+--------------+--------------+--------------+------+----+-+-+--+------+
|Name|view| Initial res  | Initial resL1| Target res   | Final res    | Final res L1 |Visits|Iter|R|F|CL|Status|
| BG |   0|  7.535239e-18|  2.721571e-07|  1.272523e-19|  7.268124e-20|  2.414532e-08|     7|  21|0|n|30|  OK  |
log10(resTarget_Lim / resTarget_Orig): 2.4 
Face Momentum (sd=  0): max value of div(mf) (cv=43936) = 2.146408e-11
	norm_L2 of div(momentum) = 2.695946e-10.
Flow alg-view 0 in phys-view 0 isn't Neumann (not Multi Phase treating)
LOG: number of a-faces with weighted approximations in 0 subdomain: 9.5761 percent
LOG: Rate of a-faces corrected to CUp1st in 0 subdomain: 1.23898 %
slv : SolveBL stage
|nsd|Real WF|NormalF|Cycle F|CriticF| EdgeF |CyclBrF|ExtParF|RWFnumSt|StLvlNum|  nfw  |  alp_U_min  |  nfw  |  alp_U_max  |  nfw  |  alp_T_min  |  nfw  |  alp_T_max  |  nfw  |  BL_s_min   |  nfw  |   BL_s_max  |
|  0|  12896|  12822|      0|      2|     72|      0|      0|   12896|     122|   2053|0            |   4948|6414.71      |   1310|0            |   7877|39098.6      |   7470|-12.9021     |   1310|0            |
Face Momentum (sd=  0): max value of div(mf) (cv=43936) = 2.146408e-11
	norm_L2 of div(momentum) = 2.695946e-10.
slv : 3m: nsd = 0 
slv :  3m: ROTATION = NO 
slv :  3m: gravity_vector     = {	 0 	 -9.81 	 0	 }  
slv :  3m: gravity_vector_LCS = {	 0 	 -9.81 	 0	 }  
slv :  +----+----+----+--------------+--------------+--------------+--------------+--------------+------+----+-+-+--+------+
|Name|view| n_y| Initial res  | Initial resL1| Target res   | Final res    | Final res L1 |Visits|Iter|R|F|CL|Status|
+----+----+----+--------------+--------------+--------------+--------------+--------------+------+----+-+-+--+------+
| 3M |   0|   0|  1.768959e-12|  1.652153e-04|  9.706369e-17|  2.402112e-18|  9.099584e-08|     2|   6|0|n|29|  OK  |
Velocity (predicted):
        (local) sd   0: min(  29710)=0.00086940559284487  , max(  46180)=12.144716116817      
Flow alg-view 0 is not Neumann (not for Phase Change + Nested Iters)
+----+----+--------------+--------------+--------------+--------------+--------------+------+----+-+-+--+------+
|Name|view| Initial res  | Initial resL1| Target res   | Final res    | Final res L1 |Visits|Iter|R|F|CL|Status|
|DVGR|   0|  2.074915e-13|  3.004132e-05|  1.296822e-17|  5.717249e-18|  2.393447e-07|     4|  12|0|n|30|  OK  |
PRESSURE SOLVER(geom_index=  0): sum_C_dp=1.89609e-13
Face Momentum (sd=  0): max value of div(mf) (cv=24389) = 1.545479e-10
	norm_L2 of div(momentum) = 2.391077e-09.
nsd = 0 min_dtHy = 0.000170592 (nCV =	46212 ) max_dtHy = 0.00437174 (nCV =	2282 ) 
+----+----+--------------+--------------+--------------+--------------+--------------+------+----+-+-+--+------+
|Name|view| Initial res  | Initial resL1| Target res   | Final res    | Final res L1 |Visits|Iter|R|F|CL|Status|
|CHT |   0|  3.833796e-13|  4.514079e-05|  2.396123e-17|  1.777615e-19|  2.385733e-08|     2|  18|0|n|30|  OK  |
nsd = 0 min_dtke = 3.69019e-05 (nCV =	46200 ) max_dtke = 0.00157601 (nCV =	26792 ) 
+----+----+----+--------------+--------------+--------------+--------------+--------------+------+----+-+-+--+------+
|Name|view| n_y| Initial res  | Initial resL1| Target res   | Final res    | Final res L1 |Visits|Iter|R|F|CL|Status|
+----+----+----+--------------+--------------+--------------+--------------+--------------+------+----+-+-+--+------+
|turb|   0|   0|  1.468922e-11|  4.809552e-05|  5.947133e-21|  2.860410e-21|  2.421588e-09|     4|  24|0|n|30|  OK  |
|turb|   0|   1|  3.780511e-04|  1.386378e-01|  1.290175e-15|  1.122387e-16|  5.595466e-07|     4|  24|0|n|30|  OK  |
Filter: K,E,momentum: sd =   0 isolating K from zero=    125 E from zero=  22849 E from infinity=  19780
slv : Fluid subdom(new) 0
slv : P static (new)                 : min(  47188) = 101324.91312092      , max(   8670) = 101426.18604399      
slv : P_static - Rho*g*h (new)       : min(  47188) = 101324.91319418      , max(   8670) = 101426.20424938      
slv : Density (new)                  : min(  45005) = 1.3300882041603      , max(   8670) = 1.331339832751       
slv : Velocity (new)                 : min(  26350) = 0.0019140216892498   , max(  46180) = 12.142713927069      
slv : Mach number (new)              : min(  26350) = 5.8718430551751e-06  , max(  46180) = 0.037255867410326    
slv : Turbulent k (new)              : min(   1703) = 1e-40                , max(  24019) = 2.8842846331287      
slv : Turbulent e (new)              : min(   7606) = 3.0309205908974e-40  , max(  23590) = 11984.593008726      
slv : Temperature (new)              : min(  47154) = 293.12908718822      , max(  22255) = 293.2115352          
slv : Total enthalpy, Y-shifted (new): min(  38633) = -14.333764094433     , max(   7576) = 12.320229584135      
slv : MASS FLUXES AT OPENINGS: MF=-0.000260915, AP=0.000260913
slv : DvGr statistics: min alpha=0.112818(nfa=88066, geom_slice=0)
slv : +----------------------------------+------------+-------+------------+------------+
slv : |          Collector name          | Total Time | Count |  Avg Time  |  Max Time  |
slv : +----------------------------------+------------+-------+------------+------------+
slv : | Calculate_inc                    |      29.129|     51|       0.571|       0.799|
slv : | CollectEMT_Results               |       0.000|     52|       0.000|       0.000|
slv : | HeatPathCalculator_Dynamic       |       0.017|      1|       0.017|       0.017|
slv : | LiSy_make_portrait               |       0.625|    230|       0.003|       0.016|
slv : | Results_processing               |       3.764|     51|       0.074|       0.092|
slv : | build_sl_ordering_CHT            |       0.016|     52|       0.000|       0.005|
slv : | build_sl_ordering_MDS            |       0.095|     52|       0.002|       0.014|
slv : | build_sl_ordering_fluid          |       0.094|     52|       0.002|       0.014|
slv : | calc_Convolutions_MDS            |       0.904|     52|       0.017|       0.021|
slv : | calc_wall_dist                   |       2.275|      1|       2.275|       2.275|
slv : | create_Gr_operators_MDS          |       0.875|     52|       0.017|       0.024|
slv : | create_Gr_operators_portrait_MDS |       0.270|     52|       0.005|       0.008|
slv : | init_Hy_group_MDS                |       0.490|     52|       0.009|       0.013|
slv : | perform_stage_total              |      27.721|   1412|       0.020|       2.275|
slv : | precalc_at_start_MDS             |       1.593|      2|       0.796|       1.564|
slv : | solve_3M_MDS                     |       3.215|     52|       0.062|       0.080|
slv : | solve_3M_alg_MDS                 |       1.809|     52|       0.035|       0.052|
slv : | solve_BG_MDS                     |       1.926|     52|       0.037|       0.061|
slv : | solve_BG_alg_MDS                 |       1.544|     52|       0.030|       0.055|
slv : | solve_BL_MDS                     |       5.071|     52|       0.098|       0.242|
slv : | solve_CHT                        |       1.763|     52|       0.034|       0.066|
slv : | solve_CHT_MDS                    |       1.450|     52|       0.028|       0.061|
slv : | solve_CHT_alg_MDS                |       0.765|     52|       0.015|       0.046|
slv : | solve_DvGr_MDS                   |       5.811|     52|       0.112|       0.207|
slv : | solve_DvGr_alg_MDS               |       3.322|     52|       0.064|       0.161|
slv : | solve_INPR_MDS                   |       0.000|      1|       0.000|       0.000|
slv : | solve_PS+QJ                      |       0.000|      0|       0.000|       0.000|
slv : | solve_YLMA_MDS                   |       0.001|     52|       0.000|       0.000|
slv : | solve_YNOx_MDS                   |       0.000|     52|       0.000|       0.000|
slv : | solve_YTd_MDS                    |       0.002|     52|       0.000|       0.000|
slv : | solve_YTurb_MDS                  |       6.700|     52|       0.129|       0.187|
slv : | solve_YTurb_alg_MDS              |       3.394|    104|       0.033|       0.058|
slv : | update_BC_MDS                    |       0.000|     53|       0.000|       0.000|
slv : | update_Mf_after_DvGr             |       0.479|     52|       0.009|       0.015|
slv : | update_VelPressure_MDS           |       0.155|     52|       0.003|       0.005|
slv : +----------------------------------+------------+-------+------------+------------+
-----------------------------------------------------------------------
Memory Working Set Current = 386.25 Mb, Memory Working Set Peak = 386.25 Mb
Memory Private Bytes Current = 414.09 Mb, Memory Private Bytes Peak = 414.09 Mb
Process Threads Number: 32
-----------------------------------------------------------------------
Algebra Pool      : mem_usage = 205.31 Mb, allocated count = 2291

================== Tstep=52 ===================
nslice = 0; reset pressure calculator:  Rho_ref_grav_new = 1.33103
nslice = 0  P_ref = 101325
nslice = 0  Rho_ref_grav_old = 1.33103, Rho_ref_grav_new = 1.33103
 fluid-flow view[  0]: rho_ref_grav_averaged_in_view = 1.3310337296451       
<Dynamic P> on nsd = 0 {openings (inlet / outlet)}:
  (SP = Static Pressure, EP = Environment Pressure, TP = Total Pressure, E = External)
  {#1, SP, (0.000000e+00 / 7.250102e+01)}
  MWS[  0]=0.429314
tau_viscous_averaged = 0.00413549 
dt(mass,momentum; nsd=  0): min dt/dtG(ncv=  46078)=1.00 , max dt/dtG(ncv=   2282)=25.6   , dtG=0.000170467
Flow alg-view 0 in phys-view 0 isn't Neumann (not Multi Phase treating)
Face Momentum (sd=  0): max value of div(mf) (cv=24389) = 1.545479e-10
Flow alg-view 0 is not Neumann (not for Phase Change + Nested Iters)
+----+----+--------------+--------------+--------------+--------------+--------------+------+----+-+-+--+------+
|Name|view| Initial res  | Initial resL1| Target res   | Final res    | Final res L1 |Visits|Iter|R|F|CL|Status|
| BG |   0|  5.739415e-18|  2.415556e-07|  1.296822e-19|  6.141641e-20|  2.238578e-08|     7|  21|0|n|30|  OK  |
log10(resTarget_Lim / resTarget_Orig): 2.6 
Face Momentum (sd=  0): max value of div(mf) (cv=43936) = 1.981415e-11
	norm_L2 of div(momentum) = 2.478233e-10.
Flow alg-view 0 in phys-view 0 isn't Neumann (not Multi Phase treating)
LOG: number of a-faces with weighted approximations in 0 subdomain: 9.53477 percent
LOG: Rate of a-faces corrected to CUp1st in 0 subdomain: 1.2457 %
slv : SolveBL stage
|nsd|Real WF|NormalF|Cycle F|CriticF| EdgeF |CyclBrF|ExtParF|RWFnumSt|StLvlNum|  nfw  |  alp_U_min  |  nfw  |  alp_U_max  |  nfw  |  alp_T_min  |  nfw  |  alp_T_max  |  nfw  |  BL_s_min   |  nfw  |   BL_s_max  |
|  0|  12896|  12822|      0|      2|     72|      0|      0|   12896|     122|   2053|0            |   5890|8684.56      |   1310|0            |   7877|339562       |   7470|-12.8882     |   1310|0            |
Face Momentum (sd=  0): max value of div(mf) (cv=43936) = 1.981415e-11
	norm_L2 of div(momentum) = 2.478233e-10.
slv : 3m: nsd = 0 
slv :  3m: ROTATION = NO 
slv :  3m: gravity_vector     = {	 0 	 -9.81 	 0	 }  
slv :  3m: gravity_vector_LCS = {	 0 	 -9.81 	 0	 }  
slv :  +----+----+----+--------------+--------------+--------------+--------------+--------------+------+----+-+-+--+------+
|Name|view| n_y| Initial res  | Initial resL1| Target res   | Final res    | Final res L1 |Visits|Iter|R|F|CL|Status|
+----+----+----+--------------+--------------+--------------+--------------+--------------+------+----+-+-+--+------+
| 3M |   0|   0|  1.793008e-12|  1.592737e-04|  9.721573e-17|  2.399042e-18|  8.749673e-08|     2|   6|0|n|29|  OK  |
Velocity (predicted):
        (local) sd   0: min(  17106)=0.0014301666722258   , max(  46180)=12.15216678002       
Flow alg-view 0 is not Neumann (not for Phase Change + Nested Iters)
+----+----+--------------+--------------+--------------+--------------+--------------+------+----+-+-+--+------+
|Name|view| Initial res  | Initial resL1| Target res   | Final res    | Final res L1 |Visits|Iter|R|F|CL|Status|
|DVGR|   0|  1.695480e-13|  2.867634e-05|  1.059675e-17|  4.586451e-18|  2.188401e-07|     4|  12|0|n|30|  OK  |
PRESSURE SOLVER(geom_index=  0): sum_C_dp=1.73203e-13
Face Momentum (sd=  0): max value of div(mf) (cv=24389) = 1.915108e-10
	norm_L2 of div(momentum) = 2.141600e-09.
nsd = 0 min_dtHy = 0.000170475 (nCV =	46200 ) max_dtHy = 0.00437094 (nCV =	2282 ) 
+----+----+--------------+--------------+--------------+--------------+--------------+------+----+-+-+--+------+
|Name|view| Initial res  | Initial resL1| Target res   | Final res    | Final res L1 |Visits|Iter|R|F|CL|Status|
|CHT |   0|  3.252009e-13|  4.053289e-05|  2.032506e-17|  1.238188e-19|  2.022755e-08|     2|  18|0|n|30|  OK  |
nsd = 0 min_dtke = 3.7203e-05 (nCV =	23593 ) max_dtke = 0.00157572 (nCV =	26792 ) 
+----+----+----+--------------+--------------+--------------+--------------+--------------+------+----+-+-+--+------+
|Name|view| n_y| Initial res  | Initial resL1| Target res   | Final res    | Final res L1 |Visits|Iter|R|F|CL|Status|
+----+----+----+--------------+--------------+--------------+--------------+--------------+------+----+-+-+--+------+
|turb|   0|   0|  1.479592e-11|  4.807965e-05|  5.958539e-21|  3.644513e-21|  2.669832e-09|     4|  24|0|n|30|  OK  |
|turb|   0|   1|  3.815023e-04|  1.384945e-01|  1.293866e-15|  1.182685e-16|  5.783861e-07|     4|  24|0|n|30|  OK  |
Filter: K,E,momentum: sd =   0 isolating K from zero=    126 E from zero=  22840 E from infinity=  19667
slv : Fluid subdom(new) 0
slv : P static (new)                 : min(  45002) = 101324.90720623      , max(   8670) = 101426.32328244      
slv : P_static - Rho*g*h (new)       : min(  47188) = 101324.92293426      , max(   8670) = 101426.34148785      
slv : Density (new)                  : min(  45005) = 1.3300876251224      , max(   8670) = 1.3313416342764      
slv : Velocity (new)                 : min(  26350) = 0.0022529874211512   , max(  46180) = 12.152924147573      
slv : Mach number (new)              : min(  26350) = 6.9117232195436e-06  , max(  46180) = 0.037287203667271    
slv : Turbulent k (new)              : min(   1698) = 1e-40                , max(  24019) = 2.9050063769802      
slv : Turbulent e (new)              : min(   7556) = 2.8384095275955e-40  , max(  23590) = 12210.303402819      
slv : Temperature (new)              : min(  47154) = 293.12896989626      , max(  22255) = 293.21153784258      
slv : Total enthalpy, Y-shifted (new): min(  38633) = -14.441206824659     , max(   7576) = 12.320237143612      
slv : MASS FLUXES AT OPENINGS: MF=-0.000260913, AP=0.000260911
slv : DvGr statistics: min alpha=0.112844(nfa=88066, geom_slice=0)
slv : +----------------------------------+------------+-------+------------+------------+
slv : |          Collector name          | Total Time | Count |  Avg Time  |  Max Time  |
slv : +----------------------------------+------------+-------+------------+------------+
slv : | Calculate_inc                    |      29.721|     52|       0.572|       0.799|
slv : | CollectEMT_Results               |       0.000|     53|       0.000|       0.000|
slv : | HeatPathCalculator_Dynamic       |       0.017|      1|       0.017|       0.017|
slv : | LiSy_make_portrait               |       0.635|    234|       0.003|       0.016|
slv : | Results_processing               |       3.842|     52|       0.074|       0.092|
slv : | build_sl_ordering_CHT            |       0.016|     53|       0.000|       0.005|
slv : | build_sl_ordering_MDS            |       0.096|     53|       0.002|       0.014|
slv : | build_sl_ordering_fluid          |       0.094|     53|       0.002|       0.014|
slv : | calc_Convolutions_MDS            |       0.920|     53|       0.017|       0.021|
slv : | calc_wall_dist                   |       2.275|      1|       2.275|       2.275|
slv : | create_Gr_operators_MDS          |       0.891|     53|       0.017|       0.024|
slv : | create_Gr_operators_portrait_MDS |       0.278|     53|       0.005|       0.008|
slv : | init_Hy_group_MDS                |       0.498|     53|       0.009|       0.013|
slv : | perform_stage_total              |      28.211|   1439|       0.020|       2.275|
slv : | precalc_at_start_MDS             |       1.593|      2|       0.796|       1.564|
slv : | solve_3M_MDS                     |       3.274|     53|       0.062|       0.080|
slv : | solve_3M_alg_MDS                 |       1.844|     53|       0.035|       0.052|
slv : | solve_BG_MDS                     |       1.966|     53|       0.037|       0.061|
slv : | solve_BG_alg_MDS                 |       1.576|     53|       0.030|       0.055|
slv : | solve_BL_MDS                     |       5.170|     53|       0.098|       0.242|
slv : | solve_CHT                        |       1.803|     53|       0.034|       0.066|
slv : | solve_CHT_MDS                    |       1.485|     53|       0.028|       0.061|
slv : | solve_CHT_alg_MDS                |       0.788|     53|       0.015|       0.046|
slv : | solve_DvGr_MDS                   |       5.900|     53|       0.111|       0.207|
slv : | solve_DvGr_alg_MDS               |       3.367|     53|       0.064|       0.161|
slv : | solve_INPR_MDS                   |       0.000|      1|       0.000|       0.000|
slv : | solve_PS+QJ                      |       0.000|      0|       0.000|       0.000|
slv : | solve_YLMA_MDS                   |       0.001|     53|       0.000|       0.000|
slv : | solve_YNOx_MDS                   |       0.000|     53|       0.000|       0.000|
slv : | solve_YTd_MDS                    |       0.002|     53|       0.000|       0.000|
slv : | solve_YTurb_MDS                  |       6.851|     53|       0.129|       0.187|
slv : | solve_YTurb_alg_MDS              |       3.486|    106|       0.033|       0.058|
slv : | update_BC_MDS                    |       0.000|     54|       0.000|       0.000|
slv : | update_Mf_after_DvGr             |       0.486|     53|       0.009|       0.015|
slv : | update_VelPressure_MDS           |       0.158|     53|       0.003|       0.005|
slv : +----------------------------------+------------+-------+------------+------------+
-----------------------------------------------------------------------
Memory Working Set Current = 386.26 Mb, Memory Working Set Peak = 386.26 Mb
Memory Private Bytes Current = 414.09 Mb, Memory Private Bytes Peak = 414.09 Mb
Process Threads Number: 32
-----------------------------------------------------------------------
Algebra Pool      : mem_usage = 205.31 Mb, allocated count = 2290

================== Tstep=53 ===================
nslice = 0; reset pressure calculator:  Rho_ref_grav_new = 1.33104
nslice = 0  P_ref = 101325
nslice = 0  Rho_ref_grav_old = 1.33103, Rho_ref_grav_new = 1.33104
 fluid-flow view[  0]: rho_ref_grav_averaged_in_view = 1.3310353395671       
<Dynamic P> on nsd = 0 {openings (inlet / outlet)}:
  (SP = Static Pressure, EP = Environment Pressure, TP = Total Pressure, E = External)
  {#1, SP, (0.000000e+00 / 7.255338e+01)}
  MWS[  0]=0.429675
tau_viscous_averaged = 0.00411666 
dt(mass,momentum; nsd=  0): min dt/dtG(ncv=  46178)=1.00 , max dt/dtG(ncv=   2282)=25.6   , dtG=0.000170367
Flow alg-view 0 in phys-view 0 isn't Neumann (not Multi Phase treating)
Face Momentum (sd=  0): max value of div(mf) (cv=24389) = 1.915108e-10
Flow alg-view 0 is not Neumann (not for Phase Change + Nested Iters)
+----+----+--------------+--------------+--------------+--------------+--------------+------+----+-+-+--+------+
|Name|view| Initial res  | Initial resL1| Target res   | Final res    | Final res L1 |Visits|Iter|R|F|CL|Status|
| BG |   0|  4.605878e-18|  2.209122e-07|  1.059675e-19|  5.158640e-20|  2.009814e-08|     7|  21|0|n|30|  OK  |
log10(resTarget_Lim / resTarget_Orig): 2.6 
Face Momentum (sd=  0): max value of div(mf) (cv=43936) = 1.821810e-11
	norm_L2 of div(momentum) = 2.271264e-10.
Flow alg-view 0 in phys-view 0 isn't Neumann (not Multi Phase treating)
LOG: number of a-faces with weighted approximations in 0 subdomain: 9.5932 percent
LOG: Rate of a-faces corrected to CUp1st in 0 subdomain: 1.25615 %
slv : SolveBL stage
|nsd|Real WF|NormalF|Cycle F|CriticF| EdgeF |CyclBrF|ExtParF|RWFnumSt|StLvlNum|  nfw  |  alp_U_min  |  nfw  |  alp_U_max  |  nfw  |  alp_T_min  |  nfw  |  alp_T_max  |  nfw  |  BL_s_min   |  nfw  |   BL_s_max  |
|  0|  12896|  12822|      0|      2|     72|      0|      0|   12896|     122|   2053|0            |   4988|7793.71      |   1310|0            |   7877|36061.3      |   7470|-12.8988     |   1310|0            |
Face Momentum (sd=  0): max value of div(mf) (cv=43936) = 1.821810e-11
	norm_L2 of div(momentum) = 2.271264e-10.
slv : 3m: nsd = 0 
slv :  3m: ROTATION = NO 
slv :  3m: gravity_vector     = {	 0 	 -9.81 	 0	 }  
slv :  3m: gravity_vector_LCS = {	 0 	 -9.81 	 0	 }  
slv :  +----+----+----+--------------+--------------+--------------+--------------+--------------+------+----+-+-+--+------+
|Name|view| n_y| Initial res  | Initial resL1| Target res   | Final res    | Final res L1 |Visits|Iter|R|F|CL|Status|
+----+----+----+--------------+--------------+--------------+--------------+--------------+------+----+-+-+--+------+
| 3M |   0|   0|  1.572152e-12|  1.501257e-04|  9.742522e-17|  1.498685e-18|  7.515077e-08|     2|   6|0|n|29|  OK  |
Velocity (predicted):
        (local) sd   0: min(  26350)=0.0014242146176665   , max(  46180)=12.159581940408      
Flow alg-view 0 is not Neumann (not for Phase Change + Nested Iters)
+----+----+--------------+--------------+--------------+--------------+--------------+------+----+-+-+--+------+
|Name|view| Initial res  | Initial resL1| Target res   | Final res    | Final res L1 |Visits|Iter|R|F|CL|Status|
|DVGR|   0|  1.678720e-13|  2.719051e-05|  1.049200e-17|  3.467821e-18|  1.946492e-07|     4|  12|0|n|30|  OK  |
PRESSURE SOLVER(geom_index=  0): sum_C_dp=1.58387e-13
Face Momentum (sd=  0): max value of div(mf) (cv=24389) = 1.092672e-10
	norm_L2 of div(momentum) = 1.862209e-09.
nsd = 0 min_dtHy = 0.000170375 (nCV =	46180 ) max_dtHy = 0.00436718 (nCV =	2282 ) 
+----+----+--------------+--------------+--------------+--------------+--------------+------+----+-+-+--+------+
|Name|view| Initial res  | Initial resL1| Target res   | Final res    | Final res L1 |Visits|Iter|R|F|CL|Status|
|CHT |   0|  2.788996e-13|  3.638805e-05|  1.743123e-17|  8.274501e-20|  1.698276e-08|     2|  18|0|n|30|  OK  |
nsd = 0 min_dtke = 3.70786e-05 (nCV =	23593 ) max_dtke = 0.00157544 (nCV =	26792 ) 
+----+----+----+--------------+--------------+--------------+--------------+--------------+------+----+-+-+--+------+
|Name|view| n_y| Initial res  | Initial resL1| Target res   | Final res    | Final res L1 |Visits|Iter|R|F|CL|Status|
+----+----+----+--------------+--------------+--------------+--------------+--------------+------+----+-+-+--+------+
|turb|   0|   0|  1.492729e-11|  4.810527e-05|  5.980409e-21|  4.647052e-21|  2.964848e-09|     4|  24|0|n|30|  OK  |
|turb|   0|   1|  3.853769e-04|  1.387664e-01|  1.300564e-15|  1.326824e-16|  6.049679e-07|     4|  24|0|n|30|  OK  |
Filter: K,E,momentum: sd =   0 isolating K from zero=    130 E from zero=  22813 E from infinity=  19608
slv : Fluid subdom(new) 0
slv : P static (new)                 : min(  44990) = 101324.9017921       , max(   8670) = 101426.44789546      
slv : P_static - Rho*g*h (new)       : min(  44990) = 101324.91993915      , max(   8670) = 101426.46610089      
slv : Density (new)                  : min(  45005) = 1.3300871985549      , max(   8670) = 1.3313432715801      
slv : Velocity (new)                 : min(  17106) = 0.002658033834317    , max(  46180) = 12.159613295273      
slv : Mach number (new)              : min(  17106) = 8.1543298029628e-06  , max(  46180) = 0.037307733904062    
slv : Turbulent k (new)              : min(   2621) = 1e-40                , max(  24019) = 2.9220661506209      
slv : Turbulent e (new)              : min(   7605) = 2.990129333177e-40   , max(  23590) = 12420.849834586      
slv : Temperature (new)              : min(  47154) = 293.12886989372      , max(  22255) = 293.21152740097      
slv : Total enthalpy, Y-shifted (new): min(  38633) = -14.531870723656     , max(   7576) = 12.320226221295      
slv : MASS FLUXES AT OPENINGS: MF=-0.000260911, AP=0.000260909
slv : DvGr statistics: min alpha=0.112807(nfa=88066, geom_slice=0)
slv : +----------------------------------+------------+-------+------------+------------+
slv : |          Collector name          | Total Time | Count |  Avg Time  |  Max Time  |
slv : +----------------------------------+------------+-------+------------+------------+
slv : | Calculate_inc                    |      30.300|     53|       0.572|       0.799|
slv : | CollectEMT_Results               |       0.000|     54|       0.000|       0.000|
slv : | HeatPathCalculator_Dynamic       |       0.017|      1|       0.017|       0.017|
slv : | LiSy_make_portrait               |       0.645|    238|       0.003|       0.016|
slv : | Results_processing               |       3.922|     53|       0.074|       0.092|
slv : | build_sl_ordering_CHT            |       0.016|     54|       0.000|       0.005|
slv : | build_sl_ordering_MDS            |       0.096|     54|       0.002|       0.014|
slv : | build_sl_ordering_fluid          |       0.094|     54|       0.002|       0.014|
slv : | calc_Convolutions_MDS            |       0.936|     54|       0.017|       0.021|
slv : | calc_wall_dist                   |       2.275|      1|       2.275|       2.275|
slv : | create_Gr_operators_MDS          |       0.906|     54|       0.017|       0.024|
slv : | create_Gr_operators_portrait_MDS |       0.282|     54|       0.005|       0.008|
slv : | init_Hy_group_MDS                |       0.507|     54|       0.009|       0.013|
slv : | perform_stage_total              |      28.682|   1466|       0.020|       2.275|
slv : | precalc_at_start_MDS             |       1.593|      2|       0.796|       1.564|
slv : | solve_3M_MDS                     |       3.334|     54|       0.062|       0.080|
slv : | solve_3M_alg_MDS                 |       1.879|     54|       0.035|       0.052|
slv : | solve_BG_MDS                     |       1.999|     54|       0.037|       0.061|
slv : | solve_BG_alg_MDS                 |       1.602|     54|       0.030|       0.055|
slv : | solve_BL_MDS                     |       5.263|     54|       0.097|       0.242|
slv : | solve_CHT                        |       1.847|     54|       0.034|       0.066|
slv : | solve_CHT_MDS                    |       1.524|     54|       0.028|       0.061|
slv : | solve_CHT_alg_MDS                |       0.811|     54|       0.015|       0.046|
slv : | solve_DvGr_MDS                   |       5.992|     54|       0.111|       0.207|
slv : | solve_DvGr_alg_MDS               |       3.411|     54|       0.063|       0.161|
slv : | solve_INPR_MDS                   |       0.000|      1|       0.000|       0.000|
slv : | solve_PS+QJ                      |       0.000|      0|       0.000|       0.000|
slv : | solve_YLMA_MDS                   |       0.001|     54|       0.000|       0.000|
slv : | solve_YNOx_MDS                   |       0.000|     54|       0.000|       0.000|
slv : | solve_YTd_MDS                    |       0.002|     54|       0.000|       0.000|
slv : | solve_YTurb_MDS                  |       6.999|     54|       0.130|       0.187|
slv : | solve_YTurb_alg_MDS              |       3.578|    108|       0.033|       0.058|
slv : | update_BC_MDS                    |       0.000|     55|       0.000|       0.000|
slv : | update_Mf_after_DvGr             |       0.494|     54|       0.009|       0.015|
slv : | update_VelPressure_MDS           |       0.161|     54|       0.003|       0.005|
slv : +----------------------------------+------------+-------+------------+------------+
-----------------------------------------------------------------------
Memory Working Set Current = 386.19 Mb, Memory Working Set Peak = 386.26 Mb
Memory Private Bytes Current = 414.09 Mb, Memory Private Bytes Peak = 414.09 Mb
Process Threads Number: 32
-----------------------------------------------------------------------
Algebra Pool      : mem_usage = 205.31 Mb, allocated count = 2290

================== Tstep=54 ===================
nslice = 0; reset pressure calculator:  Rho_ref_grav_new = 1.33104
nslice = 0  P_ref = 101325
nslice = 0  Rho_ref_grav_old = 1.33104, Rho_ref_grav_new = 1.33104
 fluid-flow view[  0]: rho_ref_grav_averaged_in_view = 1.331036806428        
<Dynamic P> on nsd = 0 {openings (inlet / outlet)}:
  (SP = Static Pressure, EP = Environment Pressure, TP = Total Pressure, E = External)
  {#1, SP, (0.000000e+00 / 7.260205e+01)}
  MWS[  0]=0.429911
tau_viscous_averaged = 0.00409947 
dt(mass,momentum; nsd=  0): min dt/dtG(ncv=  46146)=1.00 , max dt/dtG(ncv=   2282)=25.6   , dtG=0.000170283
Flow alg-view 0 in phys-view 0 isn't Neumann (not Multi Phase treating)
Face Momentum (sd=  0): max value of div(mf) (cv=24389) = 1.092672e-10
Flow alg-view 0 is not Neumann (not for Phase Change + Nested Iters)
+----+----+--------------+--------------+--------------+--------------+--------------+------+----+-+-+--+------+
|Name|view| Initial res  | Initial resL1| Target res   | Final res    | Final res L1 |Visits|Iter|R|F|CL|Status|
| BG |   0|  3.485271e-18|  1.966150e-07|  1.049200e-19|  4.446312e-20|  1.879582e-08|     7|  21|0|n|30|  OK  |
log10(resTarget_Lim / resTarget_Orig): 2.7 
Face Momentum (sd=  0): max value of div(mf) (cv=43936) = 1.693418e-11
	norm_L2 of div(momentum) = 2.108628e-10.
Flow alg-view 0 in phys-view 0 isn't Neumann (not Multi Phase treating)
LOG: number of a-faces with weighted approximations in 0 subdomain: 9.53477 percent
LOG: Rate of a-faces corrected to CUp1st in 0 subdomain: 1.24681 %
slv : SolveBL stage
|nsd|Real WF|NormalF|Cycle F|CriticF| EdgeF |CyclBrF|ExtParF|RWFnumSt|StLvlNum|  nfw  |  alp_U_min  |  nfw  |  alp_U_max  |  nfw  |  alp_T_min  |  nfw  |  alp_T_max  |  nfw  |  BL_s_min   |  nfw  |   BL_s_max  |
|  0|  12896|  12822|      0|      2|     72|      0|      0|   12896|     122|   2053|0            |   9791|6792.55      |   1310|0            |   7504|29382.5      |   7470|-12.8819     |   1310|0            |
Face Momentum (sd=  0): max value of div(mf) (cv=43936) = 1.693418e-11
	norm_L2 of div(momentum) = 2.108628e-10.
slv : 3m: nsd = 0 
slv :  3m: ROTATION = NO 
slv :  3m: gravity_vector     = {	 0 	 -9.81 	 0	 }  
slv :  3m: gravity_vector_LCS = {	 0 	 -9.81 	 0	 }  
slv :  +----+----+----+--------------+--------------+--------------+--------------+--------------+------+----+-+-+--+------+
|Name|view| n_y| Initial res  | Initial resL1| Target res   | Final res    | Final res L1 |Visits|Iter|R|F|CL|Status|
+----+----+----+--------------+--------------+--------------+--------------+--------------+------+----+-+-+--+------+
| 3M |   0|   0|  1.629944e-12|  1.448932e-04|  9.757143e-17|  1.689758e-18|  7.314969e-08|     2|   6|0|n|29|  OK  |
Velocity (predicted):
        (local) sd   0: min(  35067)=0.0010700539405155   , max(  46180)=12.165581748036      
Flow alg-view 0 is not Neumann (not for Phase Change + Nested Iters)
+----+----+--------------+--------------+--------------+--------------+--------------+------+----+-+-+--+------+
|Name|view| Initial res  | Initial resL1| Target res   | Final res    | Final res L1 |Visits|Iter|R|F|CL|Status|
|DVGR|   0|  1.387324e-13|  2.584910e-05|  8.670775e-18|  2.997048e-18|  1.853274e-07|     4|  12|0|n|30|  OK  |
PRESSURE SOLVER(geom_index=  0): sum_C_dp=1.42076e-13
Face Momentum (sd=  0): max value of div(mf) (cv=22130) = 1.520159e-10
	norm_L2 of div(momentum) = 1.731199e-09.
nsd = 0 min_dtHy = 0.000170291 (nCV =	46180 ) max_dtHy = 0.00436204 (nCV =	2282 ) 
+----+----+--------------+--------------+--------------+--------------+--------------+------+----+-+-+--+------+
|Name|view| Initial res  | Initial resL1| Target res   | Final res    | Final res L1 |Visits|Iter|R|F|CL|Status|
|CHT |   0|  2.391283e-13|  3.277222e-05|  1.494552e-17|  6.169755e-20|  1.485878e-08|     2|  18|0|n|30|  OK  |
nsd = 0 min_dtke = 3.62103e-05 (nCV =	46200 ) max_dtke = 0.00157517 (nCV =	26792 ) 
+----+----+----+--------------+--------------+--------------+--------------+--------------+------+----+-+-+--+------+
|Name|view| n_y| Initial res  | Initial resL1| Target res   | Final res    | Final res L1 |Visits|Iter|R|F|CL|Status|
+----+----+----+--------------+--------------+--------------+--------------+--------------+------+----+-+-+--+------+
|turb|   0|   0|  1.502636e-11|  4.804428e-05|  5.996547e-21|  5.594595e-21|  3.185924e-09|     4|  24|0|n|30|  OK  |
|turb|   0|   1|  3.889314e-04|  1.386749e-01|  1.305347e-15|  1.478947e-16|  6.305242e-07|     4|  24|0|n|30|  OK  |
Filter: K,E,momentum: sd =   0 isolating K from zero=    132 E from zero=  22797 E from infinity=  19541
slv : Fluid subdom(new) 0
slv : P static (new)                 : min(  44975) = 101324.8995128       , max(   8670) = 101426.55929327      
slv : P_static - Rho*g*h (new)       : min(  44975) = 101324.91387293      , max(   8670) = 101426.57749873      
slv : Density (new)                  : min(  45005) = 1.3300868465828      , max(   8670) = 1.331344732304       
slv : Velocity (new)                 : min(  35067) = 0.003123566679281    , max(  46180) = 12.167960998452      
slv : Mach number (new)              : min(  35067) = 9.5824951303304e-06  , max(  46180) = 0.037333354333865    
slv : Turbulent k (new)              : min(   1674) = 1e-40                , max(  24019) = 2.9360956895244      
slv : Turbulent e (new)              : min(   7549) = 2.8095237121712e-40  , max(  23590) = 12616.366798056      
slv : Temperature (new)              : min(  47154) = 293.12877559288      , max(  22063) = 293.21153323016      
slv : Total enthalpy, Y-shifted (new): min(  38633) = -14.607383622172     , max(   7576) = 12.320234929958      
slv : MASS FLUXES AT OPENINGS: MF=-0.000260909, AP=0.000260908
slv : DvGr statistics: min alpha=0.11283(nfa=88066, geom_slice=0)
slv : +----------------------------------+------------+-------+------------+------------+
slv : |          Collector name          | Total Time | Count |  Avg Time  |  Max Time  |
slv : +----------------------------------+------------+-------+------------+------------+
slv : | Calculate_inc                    |      30.860|     54|       0.571|       0.799|
slv : | CollectEMT_Results               |       0.000|     55|       0.000|       0.000|
slv : | HeatPathCalculator_Dynamic       |       0.017|      1|       0.017|       0.017|
slv : | LiSy_make_portrait               |       0.655|    242|       0.003|       0.016|
slv : | Results_processing               |       4.000|     54|       0.074|       0.092|
slv : | build_sl_ordering_CHT            |       0.016|     55|       0.000|       0.005|
slv : | build_sl_ordering_MDS            |       0.096|     55|       0.002|       0.014|
slv : | build_sl_ordering_fluid          |       0.094|     55|       0.002|       0.014|
slv : | calc_Convolutions_MDS            |       0.954|     55|       0.017|       0.021|
slv : | calc_wall_dist                   |       2.275|      1|       2.275|       2.275|
slv : | create_Gr_operators_MDS          |       0.921|     55|       0.017|       0.024|
slv : | create_Gr_operators_portrait_MDS |       0.287|     55|       0.005|       0.008|
slv : | init_Hy_group_MDS                |       0.517|     55|       0.009|       0.013|
slv : | perform_stage_total              |      29.158|   1493|       0.020|       2.275|
slv : | precalc_at_start_MDS             |       1.593|      2|       0.796|       1.564|
slv : | solve_3M_MDS                     |       3.392|     55|       0.062|       0.080|
slv : | solve_3M_alg_MDS                 |       1.912|     55|       0.035|       0.052|
slv : | solve_BG_MDS                     |       2.033|     55|       0.037|       0.061|
slv : | solve_BG_alg_MDS                 |       1.628|     55|       0.030|       0.055|
slv : | solve_BL_MDS                     |       5.356|     55|       0.097|       0.242|
slv : | solve_CHT                        |       1.888|     55|       0.034|       0.066|
slv : | solve_CHT_MDS                    |       1.559|     55|       0.028|       0.061|
slv : | solve_CHT_alg_MDS                |       0.835|     55|       0.015|       0.046|
slv : | solve_DvGr_MDS                   |       6.083|     55|       0.111|       0.207|
slv : | solve_DvGr_alg_MDS               |       3.456|     55|       0.063|       0.161|
slv : | solve_INPR_MDS                   |       0.000|      1|       0.000|       0.000|
slv : | solve_PS+QJ                      |       0.000|      0|       0.000|       0.000|
slv : | solve_YLMA_MDS                   |       0.001|     55|       0.000|       0.000|
slv : | solve_YNOx_MDS                   |       0.000|     55|       0.000|       0.000|
slv : | solve_YTd_MDS                    |       0.002|     55|       0.000|       0.000|
slv : | solve_YTurb_MDS                  |       7.152|     55|       0.130|       0.187|
slv : | solve_YTurb_alg_MDS              |       3.667|    110|       0.033|       0.058|
slv : | update_BC_MDS                    |       0.000|     56|       0.000|       0.000|
slv : | update_Mf_after_DvGr             |       0.502|     55|       0.009|       0.015|
slv : | update_VelPressure_MDS           |       0.163|     55|       0.003|       0.005|
slv : +----------------------------------+------------+-------+------------+------------+
Interpolator cache: total calls 66776, optimised calls 26028 (39.0 %)
-----------------------------------------------------------------------
Memory Working Set Current = 386.23 Mb, Memory Working Set Peak = 386.26 Mb
Memory Private Bytes Current = 414.09 Mb, Memory Private Bytes Peak = 414.09 Mb
Process Threads Number: 32
-----------------------------------------------------------------------
Iteration : time = 3.23514 , count = 5 , time/count = 0.647028
Calculate_inc() : time = 2.84113 , count = 5 , time/count = 0.568226
TreatFlowEvolution() : time = 0.376476 , count = 5 , time/count = 0.0752952
SolverPreview : time = 0 , count = 5 , time/count = 0
TreatGoals : time = 0.358998 , count = 5 , time/count = 0.0717996
Algebra Pool      : mem_usage = 205.31 Mb, allocated count = 2284

================== Tstep=55 ===================
nslice = 0; reset pressure calculator:  Rho_ref_grav_new = 1.33104
nslice = 0  P_ref = 101325
nslice = 0  Rho_ref_grav_old = 1.33104, Rho_ref_grav_new = 1.33104
 fluid-flow view[  0]: rho_ref_grav_averaged_in_view = 1.3310381158725       
<Dynamic P> on nsd = 0 {openings (inlet / outlet)}:
  (SP = Static Pressure, EP = Environment Pressure, TP = Total Pressure, E = External)
  {#1, SP, (0.000000e+00 / 7.264752e+01)}
  MWS[  0]=0.430206
tau_viscous_averaged = 0.00408449 
dt(mass,momentum; nsd=  0): min dt/dtG(ncv=  46078)=1.00 , max dt/dtG(ncv=   2282)=25.6   , dtG=0.000170208
Flow alg-view 0 in phys-view 0 isn't Neumann (not Multi Phase treating)
Face Momentum (sd=  0): max value of div(mf) (cv=22130) = 1.520159e-10
Flow alg-view 0 is not Neumann (not for Phase Change + Nested Iters)
+----+----+--------------+--------------+--------------+--------------+--------------+------+----+-+-+--+------+
|Name|view| Initial res  | Initial resL1| Target res   | Final res    | Final res L1 |Visits|Iter|R|F|CL|Status|
| BG |   0|  3.012403e-18|  1.871736e-07|  8.670775e-20|  3.799404e-20|  1.750746e-08|     7|  21|0|n|30|  OK  |
log10(resTarget_Lim / resTarget_Orig): 2.7 
Face Momentum (sd=  0): max value of div(mf) (cv=43936) = 1.559493e-11
	norm_L2 of div(momentum) = 1.949206e-10.
Flow alg-view 0 in phys-view 0 isn't Neumann (not Multi Phase treating)
LOG: number of a-faces with weighted approximations in 0 subdomain: 9.57467 percent
LOG: Rate of a-faces corrected to CUp1st in 0 subdomain: 1.25122 %
slv : SolveBL stage
|nsd|Real WF|NormalF|Cycle F|CriticF| EdgeF |CyclBrF|ExtParF|RWFnumSt|StLvlNum|  nfw  |  alp_U_min  |  nfw  |  alp_U_max  |  nfw  |  alp_T_min  |  nfw  |  alp_T_max  |  nfw  |  BL_s_min   |  nfw  |   BL_s_max  |
|  0|  12896|  12822|      0|      2|     72|      0|      0|   12896|     122|   2053|0            |   4988|8277.67      |   1310|0            |   7352|37895.8      |   7470|-12.8908     |   1310|0            |
Face Momentum (sd=  0): max value of div(mf) (cv=43936) = 1.559493e-11
	norm_L2 of div(momentum) = 1.949206e-10.
slv : 3m: nsd = 0 
slv :  3m: ROTATION = NO 
slv :  3m: gravity_vector     = {	 0 	 -9.81 	 0	 }  
slv :  3m: gravity_vector_LCS = {	 0 	 -9.81 	 0	 }  
slv :  +----+----+----+--------------+--------------+--------------+--------------+--------------+------+----+-+-+--+------+
|Name|view| n_y| Initial res  | Initial resL1| Target res   | Final res    | Final res L1 |Visits|Iter|R|F|CL|Status|
+----+----+----+--------------+--------------+--------------+--------------+--------------+------+----+-+-+--+------+
| 3M |   0|   0|  1.396355e-12|  1.373774e-04|  9.773878e-17|  1.043570e-18|  6.440043e-08|     2|   6|0|n|29|  OK  |
Velocity (predicted):
        (local) sd   0: min(  15955)=0.0030510902647485   , max(  46180)=12.171247821558      
Flow alg-view 0 is not Neumann (not for Phase Change + Nested Iters)
+----+----+--------------+--------------+--------------+--------------+--------------+------+----+-+-+--+------+
|Name|view| Initial res  | Initial resL1| Target res   | Final res    | Final res L1 |Visits|Iter|R|F|CL|Status|
|DVGR|   0|  1.407428e-13|  2.474580e-05|  8.796425e-18|  2.361851e-18|  1.642679e-07|     4|  12|0|n|30|  OK  |
PRESSURE SOLVER(geom_index=  0): sum_C_dp=1.3824e-13
Face Momentum (sd=  0): max value of div(mf) (cv=22130) = 1.174419e-10
	norm_L2 of div(momentum) = 1.536832e-09.
nsd = 0 min_dtHy = 0.000170216 (nCV =	46200 ) max_dtHy = 0.00436199 (nCV =	2282 ) 
+----+----+--------------+--------------+--------------+--------------+--------------+------+----+-+-+--+------+
|Name|view| Initial res  | Initial resL1| Target res   | Final res    | Final res L1 |Visits|Iter|R|F|CL|Status|
|CHT |   0|  2.202870e-13|  3.034834e-05|  1.376794e-17|  4.298402e-20|  1.253215e-08|     2|  18|0|n|30|  OK  |
nsd = 0 min_dtke = 3.50489e-05 (nCV =	46200 ) max_dtke = 0.00157496 (nCV =	26792 ) 
+----+----+----+--------------+--------------+--------------+--------------+--------------+------+----+-+-+--+------+
|Name|view| n_y| Initial res  | Initial resL1| Target res   | Final res    | Final res L1 |Visits|Iter|R|F|CL|Status|
+----+----+----+--------------+--------------+--------------+--------------+--------------+------+----+-+-+--+------+
|turb|   0|   0|  1.516229e-11|  4.806436e-05|  6.016387e-21|  6.172677e-22|  8.179761e-10|     5|  30|0|n|30|  OK  |
|turb|   0|   1|  3.927794e-04|  1.389563e-01|  1.311285e-15|  1.567475e-16|  6.393164e-07|     4|  24|0|n|30|  OK  |
Filter: K,E,momentum: sd =   0 isolating K from zero=    124 E from zero=  22793 E from infinity=  19559
slv : Fluid subdom(new) 0
slv : P static (new)                 : min(  44975) = 101324.88351951      , max(   8670) = 101426.66961216      
slv : P_static - Rho*g*h (new)       : min(  44975) = 101324.89787966      , max(   8670) = 101426.68781763      
slv : Density (new)                  : min(  45005) = 1.3300865425196      , max(   8670) = 1.3313461797369      
slv : Velocity (new)                 : min(  15955) = 0.0029923380720531   , max(  46180) = 12.172262033361      
slv : Mach number (new)              : min(  15955) = 9.1799061798787e-06  , max(  46180) = 0.037346555632497    
slv : Turbulent k (new)              : min(   1697) = 1e-40                , max(  24019) = 2.9475150020344      
slv : Turbulent e (new)              : min(   7682) = 3.0307427699512e-40  , max(  23590) = 12798.896566305      
slv : Temperature (new)              : min(  47154) = 293.12869350665      , max(  22255) = 293.21154737649      
slv : Total enthalpy, Y-shifted (new): min(  38633) = -14.667528112169     , max(   7576) = 12.320232284351      
slv : MASS FLUXES AT OPENINGS: MF=-0.000260907, AP=0.000260906
slv : DvGr statistics: min alpha=0.112797(nfa=88066, geom_slice=0)
slv : +----------------------------------+------------+-------+------------+------------+
slv : |          Collector name          | Total Time | Count |  Avg Time  |  Max Time  |
slv : +----------------------------------+------------+-------+------------+------------+
slv : | Calculate_inc                    |      31.422|     55|       0.571|       0.799|
slv : | CollectEMT_Results               |       0.000|     56|       0.000|       0.000|
slv : | HeatPathCalculator_Dynamic       |       0.017|      1|       0.017|       0.017|
slv : | LiSy_make_portrait               |       0.665|    246|       0.003|       0.016|
slv : | Results_processing               |       4.061|     55|       0.074|       0.092|
slv : | build_sl_ordering_CHT            |       0.016|     56|       0.000|       0.005|
slv : | build_sl_ordering_MDS            |       0.096|     56|       0.002|       0.014|
slv : | build_sl_ordering_fluid          |       0.095|     56|       0.002|       0.014|
slv : | calc_Convolutions_MDS            |       0.970|     56|       0.017|       0.021|
slv : | calc_wall_dist                   |       2.275|      1|       2.275|       2.275|
slv : | create_Gr_operators_MDS          |       0.937|     56|       0.017|       0.024|
slv : | create_Gr_operators_portrait_MDS |       0.292|     56|       0.005|       0.008|
slv : | init_Hy_group_MDS                |       0.526|     56|       0.009|       0.013|
slv : | perform_stage_total              |      29.642|   1520|       0.020|       2.275|
slv : | precalc_at_start_MDS             |       1.593|      2|       0.796|       1.564|
slv : | solve_3M_MDS                     |       3.452|     56|       0.062|       0.080|
slv : | solve_3M_alg_MDS                 |       1.947|     56|       0.035|       0.052|
slv : | solve_BG_MDS                     |       2.065|     56|       0.037|       0.061|
slv : | solve_BG_alg_MDS                 |       1.654|     56|       0.030|       0.055|
slv : | solve_BL_MDS                     |       5.449|     56|       0.097|       0.242|
slv : | solve_CHT                        |       1.930|     56|       0.034|       0.066|
slv : | solve_CHT_MDS                    |       1.595|     56|       0.028|       0.061|
slv : | solve_CHT_alg_MDS                |       0.857|     56|       0.015|       0.046|
slv : | solve_DvGr_MDS                   |       6.176|     56|       0.110|       0.207|
slv : | solve_DvGr_alg_MDS               |       3.503|     56|       0.063|       0.161|
slv : | solve_INPR_MDS                   |       0.000|      1|       0.000|       0.000|
slv : | solve_PS+QJ                      |       0.000|      0|       0.000|       0.000|
slv : | solve_YLMA_MDS                   |       0.001|     56|       0.000|       0.000|
slv : | solve_YNOx_MDS                   |       0.000|     56|       0.000|       0.000|
slv : | solve_YTd_MDS                    |       0.002|     56|       0.000|       0.000|
slv : | solve_YTurb_MDS                  |       7.310|     56|       0.131|       0.187|
slv : | solve_YTurb_alg_MDS              |       3.767|    112|       0.034|       0.058|
slv : | update_BC_MDS                    |       0.000|     57|       0.000|       0.000|
slv : | update_Mf_after_DvGr             |       0.510|     56|       0.009|       0.015|
slv : | update_VelPressure_MDS           |       0.166|     56|       0.003|       0.005|
slv : +----------------------------------+------------+-------+------------+------------+
-----------------------------------------------------------------------
Memory Working Set Current = 386.22 Mb, Memory Working Set Peak = 386.26 Mb
Memory Private Bytes Current = 401.82 Mb, Memory Private Bytes Peak = 414.09 Mb
Process Threads Number: 32
-----------------------------------------------------------------------
Algebra Pool      : mem_usage = 205.31 Mb, allocated count = 2290

================== Tstep=56 ===================
nslice = 0; reset pressure calculator:  Rho_ref_grav_new = 1.33104
nslice = 0  P_ref = 101325
nslice = 0  Rho_ref_grav_old = 1.33104, Rho_ref_grav_new = 1.33104
 fluid-flow view[  0]: rho_ref_grav_averaged_in_view = 1.3310394037699       
<Dynamic P> on nsd = 0 {openings (inlet / outlet)}:
  (SP = Static Pressure, EP = Environment Pressure, TP = Total Pressure, E = External)
  {#1, SP, (0.000000e+00 / 7.269025e+01)}
  MWS[  0]=0.430358
tau_viscous_averaged = 0.00407443 
dt(mass,momentum; nsd=  0): min dt/dtG(ncv=  46064)=1.00 , max dt/dtG(ncv=   2282)=25.6   , dtG=0.000170142
Flow alg-view 0 in phys-view 0 isn't Neumann (not Multi Phase treating)
Face Momentum (sd=  0): max value of div(mf) (cv=22130) = 1.174419e-10
Flow alg-view 0 is not Neumann (not for Phase Change + Nested Iters)
+----+----+--------------+--------------+--------------+--------------+--------------+------+----+-+-+--+------+
|Name|view| Initial res  | Initial resL1| Target res   | Final res    | Final res L1 |Visits|Iter|R|F|CL|Status|
| BG |   0|  2.375749e-18|  1.660191e-07|  8.796425e-20|  3.397440e-20|  1.591160e-08|     7|  21|0|n|30|  OK  |
log10(resTarget_Lim / resTarget_Orig): 2.8 
Face Momentum (sd=  0): max value of div(mf) (cv=43936) = 1.495106e-11
	norm_L2 of div(momentum) = 1.843215e-10.
Flow alg-view 0 in phys-view 0 isn't Neumann (not Multi Phase treating)
LOG: number of a-faces with weighted approximations in 0 subdomain: 9.55472 percent
LOG: Rate of a-faces corrected to CUp1st in 0 subdomain: 1.27552 %
slv : SolveBL stage
|nsd|Real WF|NormalF|Cycle F|CriticF| EdgeF |CyclBrF|ExtParF|RWFnumSt|StLvlNum|  nfw  |  alp_U_min  |  nfw  |  alp_U_max  |  nfw  |  alp_T_min  |  nfw  |  alp_T_max  |  nfw  |  BL_s_min   |  nfw  |   BL_s_max  |
|  0|  12896|  12822|      0|      2|     72|      0|      0|   12896|     122|   2053|0            |   9791|7928.51      |   1310|0            |   7220|45735        |   7470|-12.8731     |   1310|0            |
Face Momentum (sd=  0): max value of div(mf) (cv=43936) = 1.495106e-11
	norm_L2 of div(momentum) = 1.843215e-10.
slv : 3m: nsd = 0 
slv :  3m: ROTATION = NO 
slv :  3m: gravity_vector     = {	 0 	 -9.81 	 0	 }  
slv :  3m: gravity_vector_LCS = {	 0 	 -9.81 	 0	 }  
slv :  +----+----+----+--------------+--------------+--------------+--------------+--------------+------+----+-+-+--+------+
|Name|view| n_y| Initial res  | Initial resL1| Target res   | Final res    | Final res L1 |Visits|Iter|R|F|CL|Status|
+----+----+----+--------------+--------------+--------------+--------------+--------------+------+----+-+-+--+------+
| 3M |   0|   0|  1.554450e-12|  1.342813e-04|  9.782560e-17|  1.515879e-18|  6.703505e-08|     2|   6|0|n|29|  OK  |
Velocity (predicted):
        (local) sd   0: min(  22076)=0.0017617391458293   , max(  46180)=12.17555676082       
Flow alg-view 0 is not Neumann (not for Phase Change + Nested Iters)
+----+----+--------------+--------------+--------------+--------------+--------------+------+----+-+-+--+------+
|Name|view| Initial res  | Initial resL1| Target res   | Final res    | Final res L1 |Visits|Iter|R|F|CL|Status|
|DVGR|   0|  1.177710e-13|  2.369293e-05|  7.360689e-18|  2.400738e-18|  1.653669e-07|     4|  12|0|n|30|  OK  |
PRESSURE SOLVER(geom_index=  0): sum_C_dp=1.14057e-13
Face Momentum (sd=  0): max value of div(mf) (cv=22130) = 1.459892e-10
	norm_L2 of div(momentum) = 1.549432e-09.
nsd = 0 min_dtHy = 0.00017015 (nCV =	46200 ) max_dtHy = 0.00436155 (nCV =	2282 ) 
+----+----+--------------+--------------+--------------+--------------+--------------+------+----+-+-+--+------+
|Name|view| Initial res  | Initial resL1| Target res   | Final res    | Final res L1 |Visits|Iter|R|F|CL|Status|
|CHT |   0|  2.138772e-13|  2.881071e-05|  1.336732e-17|  3.619571e-20|  1.212994e-08|     2|  18|0|n|30|  OK  |
nsd = 0 min_dtke = 3.36738e-05 (nCV =	46200 ) max_dtke = 0.00157475 (nCV =	26792 ) 
+----+----+----+--------------+--------------+--------------+--------------+--------------+------+----+-+-+--+------+
|Name|view| n_y| Initial res  | Initial resL1| Target res   | Final res    | Final res L1 |Visits|Iter|R|F|CL|Status|
+----+----+----+--------------+--------------+--------------+--------------+--------------+------+----+-+-+--+------+
|turb|   0|   0|  1.547415e-11|  4.810248e-05|  6.028822e-21|  5.837196e-22|  7.715301e-10|     5|  30|0|n|30|  OK  |
|turb|   0|   1|  4.029996e-04|  1.395708e-01|  1.314835e-15|  1.569392e-16|  6.293011e-07|     4|  24|0|n|30|  OK  |
Filter: K,E,momentum: sd =   0 isolating K from zero=    121 E from zero=  22771 E from infinity=  19576
slv : Fluid subdom(new) 0
slv : P static (new)                 : min(  44975) = 101324.87262897      , max(   8670) = 101426.75685091      
slv : P_static - Rho*g*h (new)       : min(  44975) = 101324.88698913      , max(   8670) = 101426.7750564       
slv : Density (new)                  : min(  45005) = 1.33008634144        , max(   8670) = 1.3313473229929      
slv : Velocity (new)                 : min(  15955) = 0.0023144742152402   , max(  46180) = 12.177557400576      
slv : Mach number (new)              : min(  15955) = 7.1003527586675e-06  , max(  46180) = 0.037362808593017    
slv : Turbulent k (new)              : min(   1698) = 1e-40                , max(  24019) = 2.9587202553925      
slv : Turbulent e (new)              : min(   7654) = 2.8851313278071e-40  , max(  23590) = 13055.049470407      
slv : Temperature (new)              : min(  47154) = 293.12861664172      , max(  22255) = 293.21154858679      
slv : Total enthalpy, Y-shifted (new): min(  38633) = -14.7115279125       , max(   7576) = 12.320228719471      
slv : MASS FLUXES AT OPENINGS: MF=-0.000260905, AP=0.000260904
slv : DvGr statistics: min alpha=0.11282(nfa=88066, geom_slice=0)
slv : +----------------------------------+------------+-------+------------+------------+
slv : |          Collector name          | Total Time | Count |  Avg Time  |  Max Time  |
slv : +----------------------------------+------------+-------+------------+------------+
slv : | Calculate_inc                    |      31.994|     56|       0.571|       0.799|
slv : | CollectEMT_Results               |       0.000|     57|       0.000|       0.000|
slv : | HeatPathCalculator_Dynamic       |       0.017|      1|       0.017|       0.017|
slv : | LiSy_make_portrait               |       0.675|    250|       0.003|       0.016|
slv : | Results_processing               |       4.121|     56|       0.074|       0.092|
slv : | build_sl_ordering_CHT            |       0.016|     57|       0.000|       0.005|
slv : | build_sl_ordering_MDS            |       0.097|     57|       0.002|       0.014|
slv : | build_sl_ordering_fluid          |       0.095|     57|       0.002|       0.014|
slv : | calc_Convolutions_MDS            |       0.987|     57|       0.017|       0.021|
slv : | calc_wall_dist                   |       2.275|      1|       2.275|       2.275|
slv : | create_Gr_operators_MDS          |       0.952|     57|       0.017|       0.024|
slv : | create_Gr_operators_portrait_MDS |       0.297|     57|       0.005|       0.008|
slv : | init_Hy_group_MDS                |       0.534|     57|       0.009|       0.013|
slv : | perform_stage_total              |      30.123|   1547|       0.019|       2.275|
slv : | precalc_at_start_MDS             |       1.593|      2|       0.796|       1.564|
slv : | solve_3M_MDS                     |       3.511|     57|       0.062|       0.080|
slv : | solve_3M_alg_MDS                 |       1.981|     57|       0.035|       0.052|
slv : | solve_BG_MDS                     |       2.097|     57|       0.037|       0.061|
slv : | solve_BG_alg_MDS                 |       1.680|     57|       0.029|       0.055|
slv : | solve_BL_MDS                     |       5.544|     57|       0.097|       0.242|
slv : | solve_CHT                        |       1.969|     57|       0.035|       0.066|
slv : | solve_CHT_MDS                    |       1.629|     57|       0.029|       0.061|
slv : | solve_CHT_alg_MDS                |       0.879|     57|       0.015|       0.046|
slv : | solve_DvGr_MDS                   |       6.266|     57|       0.110|       0.207|
slv : | solve_DvGr_alg_MDS               |       3.548|     57|       0.062|       0.161|
slv : | solve_INPR_MDS                   |       0.000|      1|       0.000|       0.000|
slv : | solve_PS+QJ                      |       0.000|      0|       0.000|       0.000|
slv : | solve_YLMA_MDS                   |       0.001|     57|       0.000|       0.000|
slv : | solve_YNOx_MDS                   |       0.000|     57|       0.000|       0.000|
slv : | solve_YTd_MDS                    |       0.002|     57|       0.000|       0.000|
slv : | solve_YTurb_MDS                  |       7.468|     57|       0.131|       0.187|
slv : | solve_YTurb_alg_MDS              |       3.868|    114|       0.034|       0.058|
slv : | update_BC_MDS                    |       0.000|     58|       0.000|       0.000|
slv : | update_Mf_after_DvGr             |       0.517|     57|       0.009|       0.015|
slv : | update_VelPressure_MDS           |       0.169|     57|       0.003|       0.005|
slv : +----------------------------------+------------+-------+------------+------------+
-----------------------------------------------------------------------
Memory Working Set Current = 386.27 Mb, Memory Working Set Peak = 386.27 Mb
Memory Private Bytes Current = 414.09 Mb, Memory Private Bytes Peak = 414.09 Mb
Process Threads Number: 32
-----------------------------------------------------------------------
Algebra Pool      : mem_usage = 205.31 Mb, allocated count = 2287

================== Tstep=57 ===================
nslice = 0; reset pressure calculator:  Rho_ref_grav_new = 1.33104
nslice = 0  P_ref = 101325
nslice = 0  Rho_ref_grav_old = 1.33104, Rho_ref_grav_new = 1.33104
 fluid-flow view[  0]: rho_ref_grav_averaged_in_view = 1.3310404355995       
<Dynamic P> on nsd = 0 {openings (inlet / outlet)}:
  (SP = Static Pressure, EP = Environment Pressure, TP = Total Pressure, E = External)
  {#1, SP, (0.000000e+00 / 7.272987e+01)}
  MWS[  0]=0.430546
tau_viscous_averaged = 0.00406908 
dt(mass,momentum; nsd=  0): min dt/dtG(ncv=  46180)=1.00 , max dt/dtG(ncv=   2282)=25.6   , dtG=0.000170086
Flow alg-view 0 in phys-view 0 isn't Neumann (not Multi Phase treating)
Face Momentum (sd=  0): max value of div(mf) (cv=22130) = 1.459892e-10
Flow alg-view 0 is not Neumann (not for Phase Change + Nested Iters)
+----+----+--------------+--------------+--------------+--------------+--------------+------+----+-+-+--+------+
|Name|view| Initial res  | Initial resL1| Target res   | Final res    | Final res L1 |Visits|Iter|R|F|CL|Status|
| BG |   0|  2.412938e-18|  1.670104e-07|  7.360689e-20|  2.848286e-20|  1.665613e-08|     7|  21|0|n|30|  OK  |
log10(resTarget_Lim / resTarget_Orig): 2.7 
Face Momentum (sd=  0): max value of div(mf) (cv=43936) = 1.325823e-11
	norm_L2 of div(momentum) = 1.687687e-10.
Flow alg-view 0 in phys-view 0 isn't Neumann (not Multi Phase treating)
LOG: number of a-faces with weighted approximations in 0 subdomain: 9.559 percent
LOG: Rate of a-faces corrected to CUp1st in 0 subdomain: 1.26664 %
slv : SolveBL stage
|nsd|Real WF|NormalF|Cycle F|CriticF| EdgeF |CyclBrF|ExtParF|RWFnumSt|StLvlNum|  nfw  |  alp_U_min  |  nfw  |  alp_U_max  |  nfw  |  alp_T_min  |  nfw  |  alp_T_max  |  nfw  |  BL_s_min   |  nfw  |   BL_s_max  |
|  0|  12896|  12822|      0|      2|     72|      0|      0|   12896|     122|   2053|0            |   4725|11932.1      |   1310|0            |   5184|17180.7      |   7470|-12.8818     |   1310|0            |
Face Momentum (sd=  0): max value of div(mf) (cv=43936) = 1.325823e-11
	norm_L2 of div(momentum) = 1.687687e-10.
slv : 3m: nsd = 0 
slv :  3m: ROTATION = NO 
slv :  3m: gravity_vector     = {	 0 	 -9.81 	 0	 }  
slv :  3m: gravity_vector_LCS = {	 0 	 -9.81 	 0	 }  
slv :  +----+----+----+--------------+--------------+--------------+--------------+--------------+------+----+-+-+--+------+
|Name|view| n_y| Initial res  | Initial resL1| Target res   | Final res    | Final res L1 |Visits|Iter|R|F|CL|Status|
+----+----+----+--------------+--------------+--------------+--------------+--------------+------+----+-+-+--+------+
| 3M |   0|   0|  1.345883e-12|  1.286976e-04|  9.791599e-17|  9.894470e-19|  6.080991e-08|     2|   6|0|n|29|  OK  |
Velocity (predicted):
        (local) sd   0: min(  15955)=0.0014622923001508   , max(  46180)=12.179519111645      
Flow alg-view 0 is not Neumann (not for Phase Change + Nested Iters)
+----+----+--------------+--------------+--------------+--------------+--------------+------+----+-+-+--+------+
|Name|view| Initial res  | Initial resL1| Target res   | Final res    | Final res L1 |Visits|Iter|R|F|CL|Status|
|DVGR|   0|  1.219318e-13|  2.281782e-05|  7.620735e-18|  2.184129e-18|  1.541452e-07|     4|  12|0|n|30|  OK  |
PRESSURE SOLVER(geom_index=  0): sum_C_dp=1.1411e-13
Face Momentum (sd=  0): max value of div(mf) (cv=14422) = 1.153811e-10
	norm_L2 of div(momentum) = 1.477880e-09.
nsd = 0 min_dtHy = 0.000170094 (nCV =	46212 ) max_dtHy = 0.00435845 (nCV =	2282 ) 
+----+----+--------------+--------------+--------------+--------------+--------------+------+----+-+-+--+------+
|Name|view| Initial res  | Initial resL1| Target res   | Final res    | Final res L1 |Visits|Iter|R|F|CL|Status|
|CHT |   0|  2.084746e-13|  2.761720e-05|  1.302966e-17|  3.219943e-20|  1.217155e-08|     2|  18|0|n|30|  OK  |
nsd = 0 min_dtke = 3.53851e-05 (nCV =	46146 ) max_dtke = 0.00157458 (nCV =	26792 ) 
+----+----+----+--------------+--------------+--------------+--------------+--------------+------+----+-+-+--+------+
|Name|view| n_y| Initial res  | Initial resL1| Target res   | Final res    | Final res L1 |Visits|Iter|R|F|CL|Status|
+----+----+----+--------------+--------------+--------------+--------------+--------------+------+----+-+-+--+------+
|turb|   0|   0|  1.547369e-11|  4.789075e-05|  6.034879e-21|  5.585109e-21|  2.953821e-09|     4|  24|0|n|30|  OK  |
|turb|   0|   1|  4.026778e-04|  1.391400e-01|  1.317230e-15|  1.408846e-16|  5.921806e-07|     4|  24|0|n|30|  OK  |
Filter: K,E,momentum: sd =   0 isolating K from zero=    133 E from zero=  22773 E from infinity=  19654
slv : Fluid subdom(new) 0
slv : P static (new)                 : min(  44975) = 101324.86916831      , max(   8670) = 101426.8454123       
slv : P_static - Rho*g*h (new)       : min(  44975) = 101324.88352849      , max(   8670) = 101426.8636178       
slv : Density (new)                  : min(  45005) = 1.3300861778382      , max(   8670) = 1.3313484859199      
slv : Velocity (new)                 : min(  15955) = 0.0016014369073945   , max(  46180) = 12.181080844988      
slv : Mach number (new)              : min(  15955) = 4.9128941559764e-06  , max(  46180) = 0.037373623614193    
slv : Turbulent k (new)              : min(   1855) = 1e-40                , max(  24019) = 2.9687103609176      
slv : Turbulent e (new)              : min(   7556) = 2.8383946008909e-40  , max(  23590) = 13289.428609161      
slv : Temperature (new)              : min(  47154) = 293.12854266412      , max(  22255) = 293.21155894306      
slv : Total enthalpy, Y-shifted (new): min(  38795) = -14.782524338906     , max(   7576) = 12.320224094409      
slv : MASS FLUXES AT OPENINGS: MF=-0.000260903, AP=0.000260903
slv : DvGr statistics: min alpha=0.112791(nfa=88066, geom_slice=0)
slv : +----------------------------------+------------+-------+------------+------------+
slv : |          Collector name          | Total Time | Count |  Avg Time  |  Max Time  |
slv : +----------------------------------+------------+-------+------------+------------+
slv : | Calculate_inc                    |      32.559|     57|       0.571|       0.799|
slv : | CollectEMT_Results               |       0.000|     58|       0.000|       0.000|
slv : | HeatPathCalculator_Dynamic       |       0.017|      1|       0.017|       0.017|
slv : | LiSy_make_portrait               |       0.686|    254|       0.003|       0.016|
slv : | Results_processing               |       4.204|     57|       0.074|       0.092|
slv : | build_sl_ordering_CHT            |       0.016|     58|       0.000|       0.005|
slv : | build_sl_ordering_MDS            |       0.097|     58|       0.002|       0.014|
slv : | build_sl_ordering_fluid          |       0.095|     58|       0.002|       0.014|
slv : | calc_Convolutions_MDS            |       1.004|     58|       0.017|       0.021|
slv : | calc_wall_dist                   |       2.275|      1|       2.275|       2.275|
slv : | create_Gr_operators_MDS          |       0.967|     58|       0.017|       0.024|
slv : | create_Gr_operators_portrait_MDS |       0.301|     58|       0.005|       0.008|
slv : | init_Hy_group_MDS                |       0.542|     58|       0.009|       0.013|
slv : | perform_stage_total              |      30.600|   1574|       0.019|       2.275|
slv : | precalc_at_start_MDS             |       1.593|      2|       0.796|       1.564|
slv : | solve_3M_MDS                     |       3.570|     58|       0.062|       0.080|
slv : | solve_3M_alg_MDS                 |       2.016|     58|       0.035|       0.052|
slv : | solve_BG_MDS                     |       2.129|     58|       0.037|       0.061|
slv : | solve_BG_alg_MDS                 |       1.705|     58|       0.029|       0.055|
slv : | solve_BL_MDS                     |       5.636|     58|       0.097|       0.242|
slv : | solve_CHT                        |       2.008|     58|       0.035|       0.066|
slv : | solve_CHT_MDS                    |       1.662|     58|       0.029|       0.061|
slv : | solve_CHT_alg_MDS                |       0.901|     58|       0.016|       0.046|
slv : | solve_DvGr_MDS                   |       6.359|     58|       0.110|       0.207|
slv : | solve_DvGr_alg_MDS               |       3.594|     58|       0.062|       0.161|
slv : | solve_INPR_MDS                   |       0.000|      1|       0.000|       0.000|
slv : | solve_PS+QJ                      |       0.000|      0|       0.000|       0.000|
slv : | solve_YLMA_MDS                   |       0.001|     58|       0.000|       0.000|
slv : | solve_YNOx_MDS                   |       0.000|     58|       0.000|       0.000|
slv : | solve_YTd_MDS                    |       0.002|     58|       0.000|       0.000|
slv : | solve_YTurb_MDS                  |       7.625|     58|       0.131|       0.187|
slv : | solve_YTurb_alg_MDS              |       3.961|    116|       0.034|       0.058|
slv : | update_BC_MDS                    |       0.000|     59|       0.000|       0.000|
slv : | update_Mf_after_DvGr             |       0.525|     58|       0.009|       0.015|
slv : | update_VelPressure_MDS           |       0.172|     58|       0.003|       0.005|
slv : +----------------------------------+------------+-------+------------+------------+
-----------------------------------------------------------------------
Memory Working Set Current = 386.30 Mb, Memory Working Set Peak = 386.30 Mb
Memory Private Bytes Current = 414.09 Mb, Memory Private Bytes Peak = 414.09 Mb
Process Threads Number: 32
-----------------------------------------------------------------------
Algebra Pool      : mem_usage = 205.31 Mb, allocated count = 2290

================== Tstep=58 ===================
nslice = 0; reset pressure calculator:  Rho_ref_grav_new = 1.33104
nslice = 0  P_ref = 101325
nslice = 0  Rho_ref_grav_old = 1.33104, Rho_ref_grav_new = 1.33104
 fluid-flow view[  0]: rho_ref_grav_averaged_in_view = 1.3310414792948       
<Dynamic P> on nsd = 0 {openings (inlet / outlet)}:
  (SP = Static Pressure, EP = Environment Pressure, TP = Total Pressure, E = External)
  {#1, SP, (0.000000e+00 / 7.276667e+01)}
  MWS[  0]=0.43067
tau_viscous_averaged = 0.00406981 
dt(mass,momentum; nsd=  0): min dt/dtG(ncv=  46146)=1.00 , max dt/dtG(ncv=   2282)=25.6   , dtG=0.00017003
Flow alg-view 0 in phys-view 0 isn't Neumann (not Multi Phase treating)
Face Momentum (sd=  0): max value of div(mf) (cv=14422) = 1.153811e-10
Flow alg-view 0 is not Neumann (not for Phase Change + Nested Iters)
+----+----+--------------+--------------+--------------+--------------+--------------+------+----+-+-+--+------+
|Name|view| Initial res  | Initial resL1| Target res   | Final res    | Final res L1 |Visits|Iter|R|F|CL|Status|
| BG |   0|  2.195087e-18|  1.556869e-07|  7.620735e-20|  2.662556e-20|  1.631560e-08|     7|  21|0|n|30|  OK  |
log10(resTarget_Lim / resTarget_Orig): 2.7 
Face Momentum (sd=  0): max value of div(mf) (cv=43936) = 1.294235e-11
	norm_L2 of div(momentum) = 1.631734e-10.
Flow alg-view 0 in phys-view 0 isn't Neumann (not Multi Phase treating)
LOG: number of a-faces with weighted approximations in 0 subdomain: 9.53334 percent
LOG: Rate of a-faces corrected to CUp1st in 0 subdomain: 1.2731 %
slv : SolveBL stage
|nsd|Real WF|NormalF|Cycle F|CriticF| EdgeF |CyclBrF|ExtParF|RWFnumSt|StLvlNum|  nfw  |  alp_U_min  |  nfw  |  alp_U_max  |  nfw  |  alp_T_min  |  nfw  |  alp_T_max  |  nfw  |  BL_s_min   |  nfw  |   BL_s_max  |
|  0|  12896|  12822|      0|      2|     72|      0|      0|   12896|     122|   2053|0            |   4725|15786.9      |   1310|0            |   5093|20120.5      |   7470|-12.8664     |   1310|0            |
Face Momentum (sd=  0): max value of div(mf) (cv=43936) = 1.294235e-11
	norm_L2 of div(momentum) = 1.631734e-10.
slv : 3m: nsd = 0 
slv :  3m: ROTATION = NO 
slv :  3m: gravity_vector     = {	 0 	 -9.81 	 0	 }  
slv :  3m: gravity_vector_LCS = {	 0 	 -9.81 	 0	 }  
slv :  +----+----+----+--------------+--------------+--------------+--------------+--------------+------+----+-+-+--+------+
|Name|view| n_y| Initial res  | Initial resL1| Target res   | Final res    | Final res L1 |Visits|Iter|R|F|CL|Status|
+----+----+----+--------------+--------------+--------------+--------------+--------------+------+----+-+-+--+------+
| 3M |   0|   0|  1.454322e-12|  1.261628e-04|  9.796175e-17|  1.181567e-18|  6.062400e-08|     2|   6|0|n|29|  OK  |
Velocity (predicted):
        (local) sd   0: min(  15955)=0.0012540648949521   , max(  46180)=12.182950352976      
Flow alg-view 0 is not Neumann (not for Phase Change + Nested Iters)
+----+----+--------------+--------------+--------------+--------------+--------------+------+----+-+-+--+------+
|Name|view| Initial res  | Initial resL1| Target res   | Final res    | Final res L1 |Visits|Iter|R|F|CL|Status|
|DVGR|   0|  1.003162e-13|  2.182480e-05|  6.269765e-18|  1.696613e-18|  1.421833e-07|     4|  12|0|n|30|  OK  |
PRESSURE SOLVER(geom_index=  0): sum_C_dp=1.07301e-13
Face Momentum (sd=  0): max value of div(mf) (cv=22130) = 1.210151e-10
	norm_L2 of div(momentum) = 1.302541e-09.
nsd = 0 min_dtHy = 0.000170039 (nCV =	46200 ) max_dtHy = 0.00435906 (nCV =	2282 ) 
+----+----+--------------+--------------+--------------+--------------+--------------+------+----+-+-+--+------+
|Name|view| Initial res  | Initial resL1| Target res   | Final res    | Final res L1 |Visits|Iter|R|F|CL|Status|
|CHT |   0|  2.017068e-13|  2.639550e-05|  1.260668e-17|  3.043384e-20|  1.218462e-08|     2|  18|0|n|30|  OK  |
nsd = 0 min_dtke = 3.50736e-05 (nCV =	23582 ) max_dtke = 0.00157439 (nCV =	26792 ) 
+----+----+----+--------------+--------------+--------------+--------------+--------------+------+----+-+-+--+------+
|Name|view| n_y| Initial res  | Initial resL1| Target res   | Final res    | Final res L1 |Visits|Iter|R|F|CL|Status|
+----+----+----+--------------+--------------+--------------+--------------+--------------+------+----+-+-+--+------+
|turb|   0|   0|  1.531272e-11|  4.756631e-05|  6.037263e-21|  3.905849e-21|  2.509934e-09|     4|  24|0|n|30|  OK  |
|turb|   0|   1|  3.972761e-04|  1.379309e-01|  1.318519e-15|  1.159911e-16|  5.432225e-07|     4|  24|0|n|30|  OK  |
Filter: K,E,momentum: sd =   0 isolating K from zero=    124 E from zero=  22808 E from infinity=  19767
slv : Fluid subdom(new) 0
slv : P static (new)                 : min(  44975) = 101324.87485613      , max(   8670) = 101426.93175918      
slv : P_static - Rho*g*h (new)       : min(  44975) = 101324.88921631      , max(   8670) = 101426.9499647       
slv : Density (new)                  : min(  45005) = 1.3300860586151      , max(   8670) = 1.3313496180529      
slv : Velocity (new)                 : min(  15955) = 0.0012699439457026   , max(  46180) = 12.185055673453      
slv : Mach number (new)              : min(  15955) = 3.8959387672574e-06  , max(  46180) = 0.037385823887305    
slv : Turbulent k (new)              : min(   1674) = 1e-40                , max(  24019) = 2.9769726131423      
slv : Turbulent e (new)              : min(   7654) = 2.8851267301602e-40  , max(  23590) = 13502.92877626       
slv : Temperature (new)              : min(  47154) = 293.12848088279      , max(  22255) = 293.21155775895      
slv : Total enthalpy, Y-shifted (new): min(  38795) = -14.867388781273     , max(   7576) = 12.320231643029      
slv : MASS FLUXES AT OPENINGS: MF=-0.000260902, AP=0.000260901
slv : DvGr statistics: min alpha=0.112808(nfa=88066, geom_slice=0)
slv : +----------------------------------+------------+-------+------------+------------+
slv : |          Collector name          | Total Time | Count |  Avg Time  |  Max Time  |
slv : +----------------------------------+------------+-------+------------+------------+
slv : | Calculate_inc                    |      33.120|     58|       0.571|       0.799|
slv : | CollectEMT_Results               |       0.000|     59|       0.000|       0.000|
slv : | HeatPathCalculator_Dynamic       |       0.017|      1|       0.017|       0.017|
slv : | LiSy_make_portrait               |       0.696|    258|       0.003|       0.016|
slv : | Results_processing               |       4.283|     58|       0.074|       0.092|
slv : | build_sl_ordering_CHT            |       0.016|     59|       0.000|       0.005|
slv : | build_sl_ordering_MDS            |       0.097|     59|       0.002|       0.014|
slv : | build_sl_ordering_fluid          |       0.096|     59|       0.002|       0.014|
slv : | calc_Convolutions_MDS            |       1.020|     59|       0.017|       0.021|
slv : | calc_wall_dist                   |       2.275|      1|       2.275|       2.275|
slv : | create_Gr_operators_MDS          |       0.983|     59|       0.017|       0.024|
slv : | create_Gr_operators_portrait_MDS |       0.306|     59|       0.005|       0.008|
slv : | init_Hy_group_MDS                |       0.552|     59|       0.009|       0.013|
slv : | perform_stage_total              |      31.077|   1601|       0.019|       2.275|
slv : | precalc_at_start_MDS             |       1.593|      2|       0.796|       1.564|
slv : | solve_3M_MDS                     |       3.636|     59|       0.062|       0.080|
slv : | solve_3M_alg_MDS                 |       2.050|     59|       0.035|       0.052|
slv : | solve_BG_MDS                     |       2.161|     59|       0.037|       0.061|
slv : | solve_BG_alg_MDS                 |       1.731|     59|       0.029|       0.055|
slv : | solve_BL_MDS                     |       5.728|     59|       0.097|       0.242|
slv : | solve_CHT                        |       2.048|     59|       0.035|       0.066|
slv : | solve_CHT_MDS                    |       1.697|     59|       0.029|       0.061|
slv : | solve_CHT_alg_MDS                |       0.923|     59|       0.016|       0.046|
slv : | solve_DvGr_MDS                   |       6.448|     59|       0.109|       0.207|
slv : | solve_DvGr_alg_MDS               |       3.637|     59|       0.062|       0.161|
slv : | solve_INPR_MDS                   |       0.000|      1|       0.000|       0.000|
slv : | solve_PS+QJ                      |       0.000|      0|       0.000|       0.000|
slv : | solve_YLMA_MDS                   |       0.001|     59|       0.000|       0.000|
slv : | solve_YNOx_MDS                   |       0.000|     59|       0.000|       0.000|
slv : | solve_YTd_MDS                    |       0.002|     59|       0.000|       0.000|
slv : | solve_YTurb_MDS                  |       7.775|     59|       0.132|       0.187|
slv : | solve_YTurb_alg_MDS              |       4.049|    118|       0.034|       0.058|
slv : | update_BC_MDS                    |       0.000|     60|       0.000|       0.000|
slv : | update_Mf_after_DvGr             |       0.533|     59|       0.009|       0.015|
slv : | update_VelPressure_MDS           |       0.175|     59|       0.003|       0.005|
slv : +----------------------------------+------------+-------+------------+------------+
-----------------------------------------------------------------------
Memory Working Set Current = 386.63 Mb, Memory Working Set Peak = 386.63 Mb
Memory Private Bytes Current = 414.09 Mb, Memory Private Bytes Peak = 414.09 Mb
Process Threads Number: 32
-----------------------------------------------------------------------
Algebra Pool      : mem_usage = 205.31 Mb, allocated count = 2290

================== Tstep=59 ===================
nslice = 0; reset pressure calculator:  Rho_ref_grav_new = 1.33104
nslice = 0  P_ref = 101325
nslice = 0  Rho_ref_grav_old = 1.33104, Rho_ref_grav_new = 1.33104
 fluid-flow view[  0]: rho_ref_grav_averaged_in_view = 1.3310424770648       
<Dynamic P> on nsd = 0 {openings (inlet / outlet)}:
  (SP = Static Pressure, EP = Environment Pressure, TP = Total Pressure, E = External)
  {#1, SP, (0.000000e+00 / 7.280073e+01)}
  MWS[  0]=0.430811
tau_viscous_averaged = 0.00407669 
dt(mass,momentum; nsd=  0): min dt/dtG(ncv=  46180)=1.00 , max dt/dtG(ncv=   2282)=25.6   , dtG=0.00016998
Flow alg-view 0 in phys-view 0 isn't Neumann (not Multi Phase treating)
Face Momentum (sd=  0): max value of div(mf) (cv=22130) = 1.210151e-10
Flow alg-view 0 is not Neumann (not for Phase Change + Nested Iters)
+----+----+--------------+--------------+--------------+--------------+--------------+------+----+-+-+--+------+
|Name|view| Initial res  | Initial resL1| Target res   | Final res    | Final res L1 |Visits|Iter|R|F|CL|Status|
| BG |   0|  1.706283e-18|  1.436408e-07|  6.269765e-20|  2.052368e-20|  1.278091e-08|     7|  21|0|n|30|  OK  |
log10(resTarget_Lim / resTarget_Orig): 2.8 
Face Momentum (sd=  0): max value of div(mf) (cv=43936) = 1.161849e-11
	norm_L2 of div(momentum) = 1.432609e-10.
Flow alg-view 0 in phys-view 0 isn't Neumann (not Multi Phase treating)
LOG: number of a-faces with weighted approximations in 0 subdomain: 9.5476 percent
LOG: Rate of a-faces corrected to CUp1st in 0 subdomain: 1.25667 %
slv : SolveBL stage
|nsd|Real WF|NormalF|Cycle F|CriticF| EdgeF |CyclBrF|ExtParF|RWFnumSt|StLvlNum|  nfw  |  alp_U_min  |  nfw  |  alp_U_max  |  nfw  |  alp_T_min  |  nfw  |  alp_T_max  |  nfw  |  BL_s_min   |  nfw  |   BL_s_max  |
|  0|  12896|  12822|      0|      2|     72|      0|      0|   12896|     122|   2053|0            |   4725|25210.5      |   1310|0            |   5184|17131.3      |   7470|-12.8748     |   1310|0            |
Face Momentum (sd=  0): max value of div(mf) (cv=43936) = 1.161849e-11
	norm_L2 of div(momentum) = 1.432609e-10.
slv : 3m: nsd = 0 
slv :  3m: ROTATION = NO 
slv :  3m: gravity_vector     = {	 0 	 -9.81 	 0	 }  
slv :  3m: gravity_vector_LCS = {	 0 	 -9.81 	 0	 }  
slv :  +----+----+----+--------------+--------------+--------------+--------------+--------------+------+----+-+-+--+------+
|Name|view| n_y| Initial res  | Initial resL1| Target res   | Final res    | Final res L1 |Visits|Iter|R|F|CL|Status|
+----+----+----+--------------+--------------+--------------+--------------+--------------+------+----+-+-+--+------+
| 3M |   0|   0|  1.183987e-12|  1.186366e-04|  9.800365e-17|  8.229954e-19|  5.592205e-08|     2|   6|0|n|29|  OK  |
Velocity (predicted):
        (local) sd   0: min(  31017)=0.0010013007101869   , max(  46180)=12.186139071119      
Flow alg-view 0 is not Neumann (not for Phase Change + Nested Iters)
+----+----+--------------+--------------+--------------+--------------+--------------+------+----+-+-+--+------+
|Name|view| Initial res  | Initial resL1| Target res   | Final res    | Final res L1 |Visits|Iter|R|F|CL|Status|
|DVGR|   0|  1.044515e-13|  2.113360e-05|  6.528217e-18|  1.598048e-18|  1.321209e-07|     4|  12|0|n|30|  OK  |
PRESSURE SOLVER(geom_index=  0): sum_C_dp=1.00701e-13
Face Momentum (sd=  0): max value of div(mf) (cv=39407) = 1.170866e-10
	norm_L2 of div(momentum) = 1.264139e-09.
nsd = 0 min_dtHy = 0.000169989 (nCV =	46200 ) max_dtHy = 0.00435697 (nCV =	2282 ) 
+----+----+--------------+--------------+--------------+--------------+--------------+------+----+-+-+--+------+
|Name|view| Initial res  | Initial resL1| Target res   | Final res    | Final res L1 |Visits|Iter|R|F|CL|Status|
|CHT |   0|  1.951476e-13|  2.554525e-05|  1.219673e-17|  3.192643e-20|  1.299153e-08|     2|  18|0|n|30|  OK  |
nsd = 0 min_dtke = 3.47703e-05 (nCV =	23582 ) max_dtke = 0.00157431 (nCV =	26792 ) 
+----+----+----+--------------+--------------+--------------+--------------+--------------+------+----+-+-+--+------+
|Name|view| n_y| Initial res  | Initial resL1| Target res   | Final res    | Final res L1 |Visits|Iter|R|F|CL|Status|
+----+----+----+--------------+--------------+--------------+--------------+--------------+------+----+-+-+--+------+
|turb|   0|   0|  1.533528e-11|  4.734584e-05|  6.046426e-21|  2.015358e-21|  1.932453e-09|     4|  24|0|n|30|  OK  |
|turb|   0|   1|  3.989594e-04|  1.379048e-01|  1.321424e-15|  7.932255e-17|  4.600855e-07|     4|  24|0|n|30|  OK  |
Filter: K,E,momentum: sd =   0 isolating K from zero=    133 E from zero=  22865 E from infinity=  19955
slv : Fluid subdom(new) 0
slv : P static (new)                 : min(  44975) = 101324.88892107      , max(   8670) = 101427.0123004       
slv : P_static - Rho*g*h (new)       : min(  44975) = 101324.90328126      , max(   8670) = 101427.03050593      
slv : Density (new)                  : min(  45005) = 1.3300859761978      , max(   8670) = 1.3313506755698      
slv : Velocity (new)                 : min(  15955) = 0.0012638977888128   , max(  46180) = 12.186526707362      
slv : Mach number (new)              : min(  15955) = 3.8773903158525e-06  , max(  46180) = 0.037390339867853    
slv : Turbulent k (new)              : min(   1674) = 1e-40                , max(  24019) = 2.9841998271396      
slv : Turbulent e (new)              : min(   7592) = 2.7773305649536e-40  , max(  23590) = 13701.489185161      
slv : Temperature (new)              : min(  47154) = 293.12841822085      , max(  22255) = 293.21154388093      
slv : Total enthalpy, Y-shifted (new): min(  38795) = -14.947212746891     , max(   7576) = 12.320227276754      
slv : MASS FLUXES AT OPENINGS: MF=-0.0002609, AP=0.000260899
slv : DvGr statistics: min alpha=0.112788(nfa=88066, geom_slice=0)
slv : +----------------------------------+------------+-------+------------+------------+
slv : |          Collector name          | Total Time | Count |  Avg Time  |  Max Time  |
slv : +----------------------------------+------------+-------+------------+------------+
slv : | Calculate_inc                    |      33.683|     59|       0.571|       0.799|
slv : | CollectEMT_Results               |       0.000|     60|       0.000|       0.000|
slv : | HeatPathCalculator_Dynamic       |       0.017|      1|       0.017|       0.017|
slv : | LiSy_make_portrait               |       0.706|    262|       0.003|       0.016|
slv : | Results_processing               |       4.345|     59|       0.074|       0.092|
slv : | build_sl_ordering_CHT            |       0.016|     60|       0.000|       0.005|
slv : | build_sl_ordering_MDS            |       0.098|     60|       0.002|       0.014|
slv : | build_sl_ordering_fluid          |       0.096|     60|       0.002|       0.014|
slv : | calc_Convolutions_MDS            |       1.036|     60|       0.017|       0.021|
slv : | calc_wall_dist                   |       2.275|      1|       2.275|       2.275|
slv : | create_Gr_operators_MDS          |       0.998|     60|       0.017|       0.024|
slv : | create_Gr_operators_portrait_MDS |       0.311|     60|       0.005|       0.008|
slv : | init_Hy_group_MDS                |       0.560|     60|       0.009|       0.013|
slv : | perform_stage_total              |      31.558|   1628|       0.019|       2.275|
slv : | precalc_at_start_MDS             |       1.593|      2|       0.796|       1.564|
slv : | solve_3M_MDS                     |       3.698|     60|       0.062|       0.080|
slv : | solve_3M_alg_MDS                 |       2.087|     60|       0.035|       0.052|
slv : | solve_BG_MDS                     |       2.194|     60|       0.037|       0.061|
slv : | solve_BG_alg_MDS                 |       1.758|     60|       0.029|       0.055|
slv : | solve_BL_MDS                     |       5.821|     60|       0.097|       0.242|
slv : | solve_CHT                        |       2.087|     60|       0.035|       0.066|
slv : | solve_CHT_MDS                    |       1.730|     60|       0.029|       0.061|
slv : | solve_CHT_alg_MDS                |       0.945|     60|       0.016|       0.046|
slv : | solve_DvGr_MDS                   |       6.539|     60|       0.109|       0.207|
slv : | solve_DvGr_alg_MDS               |       3.682|     60|       0.061|       0.161|
slv : | solve_INPR_MDS                   |       0.000|      1|       0.000|       0.000|
slv : | solve_PS+QJ                      |       0.000|      0|       0.000|       0.000|
slv : | solve_YLMA_MDS                   |       0.001|     60|       0.000|       0.000|
slv : | solve_YNOx_MDS                   |       0.000|     60|       0.000|       0.000|
slv : | solve_YTd_MDS                    |       0.002|     60|       0.000|       0.000|
slv : | solve_YTurb_MDS                  |       7.929|     60|       0.132|       0.187|
slv : | solve_YTurb_alg_MDS              |       4.139|    120|       0.034|       0.058|
slv : | update_BC_MDS                    |       0.000|     61|       0.000|       0.000|
slv : | update_Mf_after_DvGr             |       0.540|     60|       0.009|       0.015|
slv : | update_VelPressure_MDS           |       0.177|     60|       0.003|       0.005|
slv : +----------------------------------+------------+-------+------------+------------+
Interpolator cache: total calls 66727, optimised calls 25989 (38.9 %)
-----------------------------------------------------------------------
Memory Working Set Current = 386.64 Mb, Memory Working Set Peak = 386.64 Mb
Memory Private Bytes Current = 414.09 Mb, Memory Private Bytes Peak = 414.09 Mb
Process Threads Number: 32
-----------------------------------------------------------------------
Iteration : time = 3.19428 , count = 5 , time/count = 0.638855
Calculate_inc() : time = 2.81237 , count = 5 , time/count = 0.562475
TreatFlowEvolution() : time = 0.369644 , count = 5 , time/count = 0.0739288
SolverPreview : time = 0 , count = 5 , time/count = 0
TreatGoals : time = 0.348295 , count = 5 , time/count = 0.069659
Algebra Pool      : mem_usage = 205.31 Mb, allocated count = 2281

================== Tstep=60 ===================
nslice = 0; reset pressure calculator:  Rho_ref_grav_new = 1.33104
nslice = 0  P_ref = 101325
nslice = 0  Rho_ref_grav_old = 1.33104, Rho_ref_grav_new = 1.33104
 fluid-flow view[  0]: rho_ref_grav_averaged_in_view = 1.3310434088777       
<Dynamic P> on nsd = 0 {openings (inlet / outlet)}:
  (SP = Static Pressure, EP = Environment Pressure, TP = Total Pressure, E = External)
  {#1, SP, (0.000000e+00 / 7.283238e+01)}
  MWS[  0]=0.430863
tau_viscous_averaged = 0.00408792 
dt(mass,momentum; nsd=  0): min dt/dtG(ncv=  46178)=1.00 , max dt/dtG(ncv=   2282)=25.6   , dtG=0.000169928
Flow alg-view 0 in phys-view 0 isn't Neumann (not Multi Phase treating)
Face Momentum (sd=  0): max value of div(mf) (cv=39407) = 1.170866e-10
Flow alg-view 0 is not Neumann (not for Phase Change + Nested Iters)
+----+----+--------------+--------------+--------------+--------------+--------------+------+----+-+-+--+------+
|Name|view| Initial res  | Initial resL1| Target res   | Final res    | Final res L1 |Visits|Iter|R|F|CL|Status|
| BG |   0|  1.606813e-18|  1.335032e-07|  6.528217e-20|  5.963130e-20|  2.356873e-08|     6|  18|0|n|30|  OK  |
log10(resTarget_Lim / resTarget_Orig): 2.8 
Face Momentum (sd=  0): max value of div(mf) (cv=43936) = 2.020670e-11
	norm_L2 of div(momentum) = 2.441952e-10.
Flow alg-view 0 in phys-view 0 isn't Neumann (not Multi Phase treating)
LOG: number of a-faces with weighted approximations in 0 subdomain: 9.50555 percent
LOG: Rate of a-faces corrected to CUp1st in 0 subdomain: 1.25892 %
slv : SolveBL stage
|nsd|Real WF|NormalF|Cycle F|CriticF| EdgeF |CyclBrF|ExtParF|RWFnumSt|StLvlNum|  nfw  |  alp_U_min  |  nfw  |  alp_U_max  |  nfw  |  alp_T_min  |  nfw  |  alp_T_max  |  nfw  |  BL_s_min   |  nfw  |   BL_s_max  |
|  0|  12896|  12822|      0|      2|     72|      0|      0|   12896|     122|   2053|0            |   4725|20460.8      |   1310|0            |   3313|23836.9      |   7470|-12.8577     |   1310|0            |
Face Momentum (sd=  0): max value of div(mf) (cv=43936) = 2.020670e-11
	norm_L2 of div(momentum) = 2.441952e-10.
slv : 3m: nsd = 0 
slv :  3m: ROTATION = NO 
slv :  3m: gravity_vector     = {	 0 	 -9.81 	 0	 }  
slv :  3m: gravity_vector_LCS = {	 0 	 -9.81 	 0	 }  
slv :  +----+----+----+--------------+--------------+--------------+--------------+--------------+------+----+-+-+--+------+
|Name|view| n_y| Initial res  | Initial resL1| Target res   | Final res    | Final res L1 |Visits|Iter|R|F|CL|Status|
+----+----+----+--------------+--------------+--------------+--------------+--------------+------+----+-+-+--+------+
| 3M |   0|   0|  1.374436e-12|  1.172745e-04|  9.799498e-17|  1.221836e-18|  5.857184e-08|     2|   6|0|n|29|  OK  |
Velocity (predicted):
        (local) sd   0: min(  15955)=0.001052145906608    , max(  46180)=12.18915557011       
Flow alg-view 0 is not Neumann (not for Phase Change + Nested Iters)
+----+----+--------------+--------------+--------------+--------------+--------------+------+----+-+-+--+------+
|Name|view| Initial res  | Initial resL1| Target res   | Final res    | Final res L1 |Visits|Iter|R|F|CL|Status|
|DVGR|   0|  8.675205e-14|  2.005956e-05|  5.422003e-18|  1.383344e-18|  1.272613e-07|     4|  12|0|n|30|  OK  |
PRESSURE SOLVER(geom_index=  0): sum_C_dp=9.70931e-14
Face Momentum (sd=  0): max value of div(mf) (cv=39407) = 9.316135e-11
	norm_L2 of div(momentum) = 1.176157e-09.
nsd = 0 min_dtHy = 0.000169937 (nCV =	46180 ) max_dtHy = 0.00435449 (nCV =	2282 ) 
+----+----+--------------+--------------+--------------+--------------+--------------+------+----+-+-+--+------+
|Name|view| Initial res  | Initial resL1| Target res   | Final res    | Final res L1 |Visits|Iter|R|F|CL|Status|
|CHT |   0|  1.951943e-13|  2.471482e-05|  1.219965e-17|  3.224847e-20|  1.278263e-08|     2|  18|0|n|30|  OK  |
nsd = 0 min_dtke = 3.44915e-05 (nCV =	23582 ) max_dtke = 0.00157421 (nCV =	26792 ) 
+----+----+----+--------------+--------------+--------------+--------------+--------------+------+----+-+-+--+------+
|Name|view| n_y| Initial res  | Initial resL1| Target res   | Final res    | Final res L1 |Visits|Iter|R|F|CL|Status|
+----+----+----+--------------+--------------+--------------+--------------+--------------+------+----+-+-+--+------+
|turb|   0|   0|  1.559483e-11|  4.738498e-05|  6.051235e-21|  1.409276e-21|  1.845005e-09|     4|  24|0|n|30|  OK  |
|turb|   0|   1|  4.056038e-04|  1.387195e-01|  1.322900e-15|  1.172094e-15|  2.212759e-06|     3|  18|0|n|30|  OK  |
Filter: K,E,momentum: sd =   0 isolating K from zero=    122 E from zero=  22920 E from infinity=  20063
slv : Fluid subdom(new) 0
slv : P static (new)                 : min(  44975) = 101324.90875342      , max(   8670) = 101427.09483186      
slv : P_static - Rho*g*h (new)       : min(  44975) = 101324.92311363      , max(   8670) = 101427.11303741      
slv : Density (new)                  : min(  45005) = 1.3300859548395      , max(   8670) = 1.3313517575739      
slv : Velocity (new)                 : min(  15955) = 0.001093858350038    , max(  46180) = 12.190817528242      
slv : Mach number (new)              : min(  15955) = 3.3557426707079e-06  , max(  46180) = 0.037403509564795    
slv : Turbulent k (new)              : min(   2671) = 1e-40                , max(  24019) = 2.9900758335687      
slv : Turbulent e (new)              : min(   7556) = 2.8383880351309e-40  , max(  23590) = 13885.007624898      
slv : Temperature (new)              : min(  47154) = 293.12835883793      , max(  22255) = 293.211537957        
slv : Total enthalpy, Y-shifted (new): min(  38795) = -15.020756504215     , max(   7576) = 12.320231809858      
slv : MASS FLUXES AT OPENINGS: MF=-0.000260899, AP=0.000260898
slv : DvGr statistics: min alpha=0.112808(nfa=88066, geom_slice=0)
slv : +----------------------------------+------------+-------+------------+------------+
slv : |          Collector name          | Total Time | Count |  Avg Time  |  Max Time  |
slv : +----------------------------------+------------+-------+------------+------------+
slv : | Calculate_inc                    |      34.248|     60|       0.571|       0.799|
slv : | CollectEMT_Results               |       0.000|     61|       0.000|       0.000|
slv : | HeatPathCalculator_Dynamic       |       0.017|      1|       0.017|       0.017|
slv : | LiSy_make_portrait               |       0.716|    266|       0.003|       0.016|
slv : | Results_processing               |       4.425|     60|       0.074|       0.092|
slv : | build_sl_ordering_CHT            |       0.016|     61|       0.000|       0.005|
slv : | build_sl_ordering_MDS            |       0.098|     61|       0.002|       0.014|
slv : | build_sl_ordering_fluid          |       0.096|     61|       0.002|       0.014|
slv : | calc_Convolutions_MDS            |       1.053|     61|       0.017|       0.021|
slv : | calc_wall_dist                   |       2.275|      1|       2.275|       2.275|
slv : | create_Gr_operators_MDS          |       1.013|     61|       0.017|       0.024|
slv : | create_Gr_operators_portrait_MDS |       0.316|     61|       0.005|       0.008|
slv : | init_Hy_group_MDS                |       0.568|     61|       0.009|       0.013|
slv : | perform_stage_total              |      32.020|   1655|       0.019|       2.275|
slv : | precalc_at_start_MDS             |       1.593|      2|       0.796|       1.564|
slv : | solve_3M_MDS                     |       3.758|     61|       0.062|       0.080|
slv : | solve_3M_alg_MDS                 |       2.122|     61|       0.035|       0.052|
slv : | solve_BG_MDS                     |       2.225|     61|       0.036|       0.061|
slv : | solve_BG_alg_MDS                 |       1.781|     61|       0.029|       0.055|
slv : | solve_BL_MDS                     |       5.913|     61|       0.097|       0.242|
slv : | solve_CHT                        |       2.127|     61|       0.035|       0.066|
slv : | solve_CHT_MDS                    |       1.764|     61|       0.029|       0.061|
slv : | solve_CHT_alg_MDS                |       0.968|     61|       0.016|       0.046|
slv : | solve_DvGr_MDS                   |       6.629|     61|       0.109|       0.207|
slv : | solve_DvGr_alg_MDS               |       3.727|     61|       0.061|       0.161|
slv : | solve_INPR_MDS                   |       0.000|      1|       0.000|       0.000|
slv : | solve_PS+QJ                      |       0.000|      0|       0.000|       0.000|
slv : | solve_YLMA_MDS                   |       0.001|     61|       0.000|       0.000|
slv : | solve_YNOx_MDS                   |       0.000|     61|       0.000|       0.000|
slv : | solve_YTd_MDS                    |       0.002|     61|       0.000|       0.000|
slv : | solve_YTurb_MDS                  |       8.073|     61|       0.132|       0.187|
slv : | solve_YTurb_alg_MDS              |       4.221|    122|       0.035|       0.058|
slv : | update_BC_MDS                    |       0.000|     62|       0.000|       0.000|
slv : | update_Mf_after_DvGr             |       0.548|     61|       0.009|       0.015|
slv : | update_VelPressure_MDS           |       0.180|     61|       0.003|       0.005|
slv : +----------------------------------+------------+-------+------------+------------+
-----------------------------------------------------------------------
Memory Working Set Current = 386.68 Mb, Memory Working Set Peak = 386.68 Mb
Memory Private Bytes Current = 414.09 Mb, Memory Private Bytes Peak = 414.09 Mb
Process Threads Number: 32
-----------------------------------------------------------------------
Algebra Pool      : mem_usage = 205.31 Mb, allocated count = 2290

================== Tstep=61 ===================
nslice = 0; reset pressure calculator:  Rho_ref_grav_new = 1.33104
nslice = 0  P_ref = 101325
nslice = 0  Rho_ref_grav_old = 1.33104, Rho_ref_grav_new = 1.33104
 fluid-flow view[  0]: rho_ref_grav_averaged_in_view = 1.3310443340803       
<Dynamic P> on nsd = 0 {openings (inlet / outlet)}:
  (SP = Static Pressure, EP = Environment Pressure, TP = Total Pressure, E = External)
  {#1, SP, (0.000000e+00 / 7.286207e+01)}
  MWS[  0]=0.431014
tau_viscous_averaged = 0.0041033 
dt(mass,momentum; nsd=  0): min dt/dtG(ncv=  46078)=1.00 , max dt/dtG(ncv=   2282)=25.6   , dtG=0.000169878
Flow alg-view 0 in phys-view 0 isn't Neumann (not Multi Phase treating)
Face Momentum (sd=  0): max value of div(mf) (cv=39407) = 9.316135e-11
Flow alg-view 0 is not Neumann (not for Phase Change + Nested Iters)
+----+----+--------------+--------------+--------------+--------------+--------------+------+----+-+-+--+------+
|Name|view| Initial res  | Initial resL1| Target res   | Final res    | Final res L1 |Visits|Iter|R|F|CL|Status|
| BG |   0|  1.391015e-18|  1.285578e-07|  5.422003e-20|  4.572522e-20|  1.998163e-08|     6|  18|0|n|30|  OK  |
log10(resTarget_Lim / resTarget_Orig): 2.8 
Face Momentum (sd=  0): max value of div(mf) (cv=43936) = 1.810481e-11
	norm_L2 of div(momentum) = 2.138346e-10.
Flow alg-view 0 in phys-view 0 isn't Neumann (not Multi Phase treating)
LOG: number of a-faces with weighted approximations in 0 subdomain: 9.54118 percent
LOG: Rate of a-faces corrected to CUp1st in 0 subdomain: 1.2496 %
slv : SolveBL stage
|nsd|Real WF|NormalF|Cycle F|CriticF| EdgeF |CyclBrF|ExtParF|RWFnumSt|StLvlNum|  nfw  |  alp_U_min  |  nfw  |  alp_U_max  |  nfw  |  alp_T_min  |  nfw  |  alp_T_max  |  nfw  |  BL_s_min   |  nfw  |   BL_s_max  |
|  0|  12896|  12822|      0|      2|     72|      0|      0|   12896|     122|   2053|0            |   4725|30141.1      |   1310|0            |   3313|50147.5      |   7470|-12.862      |   1310|0            |
Face Momentum (sd=  0): max value of div(mf) (cv=43936) = 1.810481e-11
	norm_L2 of div(momentum) = 2.138346e-10.
slv : 3m: nsd = 0 
slv :  3m: ROTATION = NO 
slv :  3m: gravity_vector     = {	 0 	 -9.81 	 0	 }  
slv :  3m: gravity_vector_LCS = {	 0 	 -9.81 	 0	 }  
slv :  +----+----+----+--------------+--------------+--------------+--------------+--------------+------+----+-+-+--+------+
|Name|view| n_y| Initial res  | Initial resL1| Target res   | Final res    | Final res L1 |Visits|Iter|R|F|CL|Status|
+----+----+----+--------------+--------------+--------------+--------------+--------------+------+----+-+-+--+------+
| 3M |   0|   0|  1.059190e-12|  1.108113e-04|  9.802592e-17|  7.390340e-19|  5.182364e-08|     2|   6|0|n|29|  OK  |
Velocity (predicted):
        (local) sd   0: min(  15955)=0.0010404940653303   , max(  46180)=12.192404772052      
Flow alg-view 0 is not Neumann (not for Phase Change + Nested Iters)
+----+----+--------------+--------------+--------------+--------------+--------------+------+----+-+-+--+------+
|Name|view| Initial res  | Initial resL1| Target res   | Final res    | Final res L1 |Visits|Iter|R|F|CL|Status|
|DVGR|   0|  8.978565e-14|  1.947779e-05|  5.611603e-18|  1.230822e-18|  1.162001e-07|     4|  12|0|n|30|  OK  |
PRESSURE SOLVER(geom_index=  0): sum_C_dp=8.47375e-14
Face Momentum (sd=  0): max value of div(mf) (cv=22306) = 1.075738e-10
	norm_L2 of div(momentum) = 1.109424e-09.
nsd = 0 min_dtHy = 0.000169886 (nCV =	46200 ) max_dtHy = 0.00435597 (nCV =	2282 ) 
+----+----+--------------+--------------+--------------+--------------+--------------+------+----+-+-+--+------+
|Name|view| Initial res  | Initial resL1| Target res   | Final res    | Final res L1 |Visits|Iter|R|F|CL|Status|
|CHT |   0|  1.896802e-13|  2.385150e-05|  1.185501e-17|  4.031933e-20|  1.403810e-08|     2|  18|0|n|30|  OK  |
nsd = 0 min_dtke = 3.42359e-05 (nCV =	23582 ) max_dtke = 0.0015741 (nCV =	26792 ) 
+----+----+----+--------------+--------------+--------------+--------------+--------------+------+----+-+-+--+------+
|Name|view| n_y| Initial res  | Initial resL1| Target res   | Final res    | Final res L1 |Visits|Iter|R|F|CL|Status|
+----+----+----+--------------+--------------+--------------+--------------+--------------+------+----+-+-+--+------+
|turb|   0|   0|  1.529221e-11|  4.707424e-05|  6.056087e-21|  2.463606e-21|  2.277287e-09|     4|  24|0|n|30|  OK  |
|turb|   0|   1|  3.980279e-04|  1.376943e-01|  1.325024e-15|  1.132103e-15|  2.190592e-06|     3|  18|0|n|30|  OK  |
Filter: K,E,momentum: sd =   0 isolating K from zero=    127 E from zero=  23015 E from infinity=  20335
slv : Fluid subdom(new) 0
slv : P static (new)                 : min(  45001) = 101324.92718994      , max(   8670) = 101427.16355339      
slv : P_static - Rho*g*h (new)       : min(  44975) = 101324.94550109      , max(   8670) = 101427.18175895      
slv : Density (new)                  : min(  45005) = 1.3300859458458      , max(   8670) = 1.3313526597499      
slv : Velocity (new)                 : min(  15955) = 0.0011262560964286   , max(  46180) = 12.192534478344      
slv : Mach number (new)              : min(  15955) = 3.4551325779981e-06  , max(  46180) = 0.037408779667412    
slv : Turbulent k (new)              : min(   1697) = 1e-40                , max(  23590) = 3.0129299564823      
slv : Turbulent e (new)              : min(   7592) = 2.7773264802582e-40  , max(  23590) = 14057.254457671      
slv : Temperature (new)              : min(  47154) = 293.12830084747      , max(  22255) = 293.21153251522      
slv : Total enthalpy, Y-shifted (new): min(  38795) = -15.090913918495     , max(   7576) = 12.320231079739      
slv : MASS FLUXES AT OPENINGS: MF=-0.000260898, AP=0.000260897
slv : DvGr statistics: min alpha=0.112792(nfa=88066, geom_slice=0)
slv : +----------------------------------+------------+-------+------------+------------+
slv : |          Collector name          | Total Time | Count |  Avg Time  |  Max Time  |
slv : +----------------------------------+------------+-------+------------+------------+
slv : | Calculate_inc                    |      34.794|     61|       0.570|       0.799|
slv : | CollectEMT_Results               |       0.000|     62|       0.000|       0.000|
slv : | HeatPathCalculator_Dynamic       |       0.017|      1|       0.017|       0.017|
slv : | LiSy_make_portrait               |       0.727|    270|       0.003|       0.016|
slv : | Results_processing               |       4.507|     61|       0.074|       0.092|
slv : | build_sl_ordering_CHT            |       0.016|     62|       0.000|       0.005|
slv : | build_sl_ordering_MDS            |       0.098|     62|       0.002|       0.014|
slv : | build_sl_ordering_fluid          |       0.096|     62|       0.002|       0.014|
slv : | calc_Convolutions_MDS            |       1.070|     62|       0.017|       0.021|
slv : | calc_wall_dist                   |       2.275|      1|       2.275|       2.275|
slv : | create_Gr_operators_MDS          |       1.029|     62|       0.017|       0.024|
slv : | create_Gr_operators_portrait_MDS |       0.321|     62|       0.005|       0.008|
slv : | init_Hy_group_MDS                |       0.577|     62|       0.009|       0.013|
slv : | perform_stage_total              |      32.487|   1682|       0.019|       2.275|
slv : | precalc_at_start_MDS             |       1.593|      2|       0.796|       1.564|
slv : | solve_3M_MDS                     |       3.819|     62|       0.062|       0.080|
slv : | solve_3M_alg_MDS                 |       2.157|     62|       0.035|       0.052|
slv : | solve_BG_MDS                     |       2.255|     62|       0.036|       0.061|
slv : | solve_BG_alg_MDS                 |       1.804|     62|       0.029|       0.055|
slv : | solve_BL_MDS                     |       6.005|     62|       0.097|       0.242|
slv : | solve_CHT                        |       2.170|     62|       0.035|       0.066|
slv : | solve_CHT_MDS                    |       1.802|     62|       0.029|       0.061|
slv : | solve_CHT_alg_MDS                |       0.991|     62|       0.016|       0.046|
slv : | solve_DvGr_MDS                   |       6.721|     62|       0.108|       0.207|
slv : | solve_DvGr_alg_MDS               |       3.771|     62|       0.061|       0.161|
slv : | solve_INPR_MDS                   |       0.000|      1|       0.000|       0.000|
slv : | solve_PS+QJ                      |       0.000|      0|       0.000|       0.000|
slv : | solve_YLMA_MDS                   |       0.001|     62|       0.000|       0.000|
slv : | solve_YNOx_MDS                   |       0.000|     62|       0.000|       0.000|
slv : | solve_YTd_MDS                    |       0.002|     62|       0.000|       0.000|
slv : | solve_YTurb_MDS                  |       8.219|     62|       0.133|       0.187|
slv : | solve_YTurb_alg_MDS              |       4.303|    124|       0.035|       0.058|
slv : | update_BC_MDS                    |       0.000|     63|       0.000|       0.000|
slv : | update_Mf_after_DvGr             |       0.556|     62|       0.009|       0.015|
slv : | update_VelPressure_MDS           |       0.183|     62|       0.003|       0.005|
slv : +----------------------------------+------------+-------+------------+------------+
-----------------------------------------------------------------------
Memory Working Set Current = 386.66 Mb, Memory Working Set Peak = 386.68 Mb
Memory Private Bytes Current = 414.09 Mb, Memory Private Bytes Peak = 414.09 Mb
Process Threads Number: 32
-----------------------------------------------------------------------
Algebra Pool      : mem_usage = 205.31 Mb, allocated count = 2287

================== Tstep=62 ===================
nslice = 0; reset pressure calculator:  Rho_ref_grav_new = 1.33105
nslice = 0  P_ref = 101325
nslice = 0  Rho_ref_grav_old = 1.33104, Rho_ref_grav_new = 1.33105
 fluid-flow view[  0]: rho_ref_grav_averaged_in_view = 1.3310451163069       
<Dynamic P> on nsd = 0 {openings (inlet / outlet)}:
  (SP = Static Pressure, EP = Environment Pressure, TP = Total Pressure, E = External)
  {#1, SP, (0.000000e+00 / 7.288935e+01)}
  MWS[  0]=0.431075
tau_viscous_averaged = 0.00412056 
dt(mass,momentum; nsd=  0): min dt/dtG(ncv=  46078)=1.00 , max dt/dtG(ncv=   2282)=25.6   , dtG=0.000169825
Flow alg-view 0 in phys-view 0 isn't Neumann (not Multi Phase treating)
Face Momentum (sd=  0): max value of div(mf) (cv=22306) = 1.075738e-10
Flow alg-view 0 is not Neumann (not for Phase Change + Nested Iters)
+----+----+--------------+--------------+--------------+--------------+--------------+------+----+-+-+--+------+
|Name|view| Initial res  | Initial resL1| Target res   | Final res    | Final res L1 |Visits|Iter|R|F|CL|Status|
| BG |   0|  1.237772e-18|  1.174333e-07|  5.611603e-20|  4.109838e-20|  1.907167e-08|     6|  18|0|n|30|  OK  |
log10(resTarget_Lim / resTarget_Orig): 2.9 
Face Momentum (sd=  0): max value of div(mf) (cv=43936) = 1.692477e-11
	norm_L2 of div(momentum) = 2.027274e-10.
Flow alg-view 0 in phys-view 0 isn't Neumann (not Multi Phase treating)
LOG: number of a-faces with weighted approximations in 0 subdomain: 9.51339 percent
LOG: Rate of a-faces corrected to CUp1st in 0 subdomain: 1.2519 %
slv : SolveBL stage
|nsd|Real WF|NormalF|Cycle F|CriticF| EdgeF |CyclBrF|ExtParF|RWFnumSt|StLvlNum|  nfw  |  alp_U_min  |  nfw  |  alp_U_max  |  nfw  |  alp_T_min  |  nfw  |  alp_T_max  |  nfw  |  BL_s_min   |  nfw  |   BL_s_max  |
|  0|  12896|  12822|      0|      2|     72|      0|      0|   12896|     122|   2053|0            |   4070|9168.91      |   1310|0            |   3313|89663.2      |   7470|-12.845      |   1310|0            |
Face Momentum (sd=  0): max value of div(mf) (cv=43936) = 1.692477e-11
	norm_L2 of div(momentum) = 2.027274e-10.
slv : 3m: nsd = 0 
slv :  3m: ROTATION = NO 
slv :  3m: gravity_vector     = {	 0 	 -9.81 	 0	 }  
slv :  3m: gravity_vector_LCS = {	 0 	 -9.81 	 0	 }  
slv :  +----+----+----+--------------+--------------+--------------+--------------+--------------+------+----+-+-+--+------+
|Name|view| n_y| Initial res  | Initial resL1| Target res   | Final res    | Final res L1 |Visits|Iter|R|F|CL|Status|
+----+----+----+--------------+--------------+--------------+--------------+--------------+------+----+-+-+--+------+
| 3M |   0|   0|  1.352468e-12|  1.099656e-04|  9.800857e-17|  1.038731e-18|  5.276189e-08|     2|   6|0|n|29|  OK  |
Velocity (predicted):
        (local) sd   0: min(  15955)=0.0014064812240629   , max(  46180)=12.19589282993       
Flow alg-view 0 is not Neumann (not for Phase Change + Nested Iters)
+----+----+--------------+--------------+--------------+--------------+--------------+------+----+-+-+--+------+
|Name|view| Initial res  | Initial resL1| Target res   | Final res    | Final res L1 |Visits|Iter|R|F|CL|Status|
|DVGR|   0|  7.771351e-14|  1.858970e-05|  4.857094e-18|  1.000692e-18|  1.093325e-07|     4|  12|0|n|30|  OK  |
PRESSURE SOLVER(geom_index=  0): sum_C_dp=7.23724e-14
Face Momentum (sd=  0): max value of div(mf) (cv=46846) = 6.775873e-11
	norm_L2 of div(momentum) = 1.000346e-09.
nsd = 0 min_dtHy = 0.000169833 (nCV =	46200 ) max_dtHy = 0.00435548 (nCV =	2282 ) 
+----+----+--------------+--------------+--------------+--------------+--------------+------+----+-+-+--+------+
|Name|view| Initial res  | Initial resL1| Target res   | Final res    | Final res L1 |Visits|Iter|R|F|CL|Status|
|CHT |   0|  1.878206e-13|  2.316902e-05|  1.173879e-17|  4.126086e-20|  1.372503e-08|     2|  18|0|n|30|  OK  |
nsd = 0 min_dtke = 3.39993e-05 (nCV =	23582 ) max_dtke = 0.00157398 (nCV =	26792 ) 
+----+----+----+--------------+--------------+--------------+--------------+--------------+------+----+-+-+--+------+
|Name|view| n_y| Initial res  | Initial resL1| Target res   | Final res    | Final res L1 |Visits|Iter|R|F|CL|Status|
+----+----+----+--------------+--------------+--------------+--------------+--------------+------+----+-+-+--+------+
|turb|   0|   0|  1.559874e-11|  4.715028e-05|  6.055715e-21|  4.869005e-21|  2.977252e-09|     4|  24|0|n|30|  OK  |
|turb|   0|   1|  4.055172e-04|  1.384424e-01|  1.325495e-15|  1.067536e-16|  5.259147e-07|     4|  24|0|n|30|  OK  |
Filter: K,E,momentum: sd =   0 isolating K from zero=    126 E from zero=  23075 E from infinity=  20678
slv : Fluid subdom(new) 0
slv : P static (new)                 : min(  45001) = 101324.94637229      , max(   8670) = 101427.22165835      
slv : P_static - Rho*g*h (new)       : min(  45368) = 101324.95287285      , max(   8670) = 101427.23986392      
slv : Density (new)                  : min(  45005) = 1.3300860020768      , max(   8670) = 1.3313534213723      
slv : Velocity (new)                 : min(  15955) = 0.00088338188978389  , max(  46180) = 12.197317883805      
slv : Mach number (new)              : min(  15955) = 2.710042180937e-06   , max(  46180) = 0.037423460385336    
slv : Turbulent k (new)              : min(   1694) = 1e-40                , max(  23590) = 3.0419086553043      
slv : Turbulent e (new)              : min(   7556) = 2.8383841870479e-40  , max(  23590) = 14215.236334159      
slv : Temperature (new)              : min(  47154) = 293.12824518007      , max(  22255) = 293.21155721172      
slv : Total enthalpy, Y-shifted (new): min(  38795) = -15.157440577598     , max(   7576) = 12.320226845127      
slv : MASS FLUXES AT OPENINGS: MF=-0.000260896, AP=0.000260895
slv : DvGr statistics: min alpha=0.112807(nfa=88066, geom_slice=0)
slv : +----------------------------------+------------+-------+------------+------------+
slv : |          Collector name          | Total Time | Count |  Avg Time  |  Max Time  |
slv : +----------------------------------+------------+-------+------------+------------+
slv : | Calculate_inc                    |      35.350|     62|       0.570|       0.799|
slv : | CollectEMT_Results               |       0.000|     63|       0.000|       0.000|
slv : | HeatPathCalculator_Dynamic       |       0.017|      1|       0.017|       0.017|
slv : | LiSy_make_portrait               |       0.737|    274|       0.003|       0.016|
slv : | Results_processing               |       4.567|     62|       0.074|       0.092|
slv : | build_sl_ordering_CHT            |       0.016|     63|       0.000|       0.005|
slv : | build_sl_ordering_MDS            |       0.099|     63|       0.002|       0.014|
slv : | build_sl_ordering_fluid          |       0.097|     63|       0.002|       0.014|
slv : | calc_Convolutions_MDS            |       1.087|     63|       0.017|       0.021|
slv : | calc_wall_dist                   |       2.275|      1|       2.275|       2.275|
slv : | create_Gr_operators_MDS          |       1.044|     63|       0.017|       0.024|
slv : | create_Gr_operators_portrait_MDS |       0.326|     63|       0.005|       0.008|
slv : | init_Hy_group_MDS                |       0.586|     63|       0.009|       0.013|
slv : | perform_stage_total              |      32.958|   1709|       0.019|       2.275|
slv : | precalc_at_start_MDS             |       1.593|      2|       0.796|       1.564|
slv : | solve_3M_MDS                     |       3.879|     63|       0.062|       0.080|
slv : | solve_3M_alg_MDS                 |       2.192|     63|       0.035|       0.052|
slv : | solve_BG_MDS                     |       2.286|     63|       0.036|       0.061|
slv : | solve_BG_alg_MDS                 |       1.827|     63|       0.029|       0.055|
slv : | solve_BL_MDS                     |       6.099|     63|       0.097|       0.242|
slv : | solve_CHT                        |       2.217|     63|       0.035|       0.066|
slv : | solve_CHT_MDS                    |       1.842|     63|       0.029|       0.061|
slv : | solve_CHT_alg_MDS                |       1.018|     63|       0.016|       0.046|
slv : | solve_DvGr_MDS                   |       6.812|     63|       0.108|       0.207|
slv : | solve_DvGr_alg_MDS               |       3.816|     63|       0.061|       0.161|
slv : | solve_INPR_MDS                   |       0.000|      1|       0.000|       0.000|
slv : | solve_PS+QJ                      |       0.000|      0|       0.000|       0.000|
slv : | solve_YLMA_MDS                   |       0.001|     63|       0.000|       0.000|
slv : | solve_YNOx_MDS                   |       0.000|     63|       0.000|       0.000|
slv : | solve_YTd_MDS                    |       0.002|     63|       0.000|       0.000|
slv : | solve_YTurb_MDS                  |       8.367|     63|       0.133|       0.187|
slv : | solve_YTurb_alg_MDS              |       4.392|    126|       0.035|       0.058|
slv : | update_BC_MDS                    |       0.000|     64|       0.000|       0.000|
slv : | update_Mf_after_DvGr             |       0.564|     63|       0.009|       0.015|
slv : | update_VelPressure_MDS           |       0.186|     63|       0.003|       0.005|
slv : +----------------------------------+------------+-------+------------+------------+
-----------------------------------------------------------------------
Memory Working Set Current = 386.83 Mb, Memory Working Set Peak = 386.83 Mb
Memory Private Bytes Current = 389.54 Mb, Memory Private Bytes Peak = 414.09 Mb
Process Threads Number: 32
-----------------------------------------------------------------------
Algebra Pool      : mem_usage = 205.31 Mb, allocated count = 2288

================== Tstep=63 ===================
nslice = 0; reset pressure calculator:  Rho_ref_grav_new = 1.33105
nslice = 0  P_ref = 101325
nslice = 0  Rho_ref_grav_old = 1.33105, Rho_ref_grav_new = 1.33105
 fluid-flow view[  0]: rho_ref_grav_averaged_in_view = 1.3310457716879       
<Dynamic P> on nsd = 0 {openings (inlet / outlet)}:
  (SP = Static Pressure, EP = Environment Pressure, TP = Total Pressure, E = External)
  {#1, SP, (0.000000e+00 / 7.291497e+01)}
  MWS[  0]=0.431244
tau_viscous_averaged = 0.00413861 
dt(mass,momentum; nsd=  0): min dt/dtG(ncv=  46178)=1.00 , max dt/dtG(ncv=   2282)=25.6   , dtG=0.000169773
Flow alg-view 0 in phys-view 0 isn't Neumann (not Multi Phase treating)
Face Momentum (sd=  0): max value of div(mf) (cv=46846) = 6.775873e-11
Flow alg-view 0 is not Neumann (not for Phase Change + Nested Iters)
+----+----+--------------+--------------+--------------+--------------+--------------+------+----+-+-+--+------+
|Name|view| Initial res  | Initial resL1| Target res   | Final res    | Final res L1 |Visits|Iter|R|F|CL|Status|
| BG |   0|  1.006804e-18|  1.104901e-07|  4.857094e-20|  3.269202e-20|  1.702820e-08|     6|  18|0|n|30|  OK  |
log10(resTarget_Lim / resTarget_Orig): 2.9 
Face Momentum (sd=  0): max value of div(mf) (cv=43936) = 1.488766e-11
	norm_L2 of div(momentum) = 1.808093e-10.
Flow alg-view 0 in phys-view 0 isn't Neumann (not Multi Phase treating)
LOG: number of a-faces with weighted approximations in 0 subdomain: 9.53619 percent
LOG: Rate of a-faces corrected to CUp1st in 0 subdomain: 1.24114 %
slv : SolveBL stage
|nsd|Real WF|NormalF|Cycle F|CriticF| EdgeF |CyclBrF|ExtParF|RWFnumSt|StLvlNum|  nfw  |  alp_U_min  |  nfw  |  alp_U_max  |  nfw  |  alp_T_min  |  nfw  |  alp_T_max  |  nfw  |  BL_s_min   |  nfw  |   BL_s_max  |
|  0|  12896|  12822|      0|      2|     72|      0|      0|   12896|     122|   2053|0            |   4725|23072.2      |   1310|0            |   3313|40188.1      |   7470|-12.8474     |   1310|0            |
Face Momentum (sd=  0): max value of div(mf) (cv=43936) = 1.488766e-11
	norm_L2 of div(momentum) = 1.808093e-10.
slv : 3m: nsd = 0 
slv :  3m: ROTATION = NO 
slv :  3m: gravity_vector     = {	 0 	 -9.81 	 0	 }  
slv :  3m: gravity_vector_LCS = {	 0 	 -9.81 	 0	 }  
slv :  +----+----+----+--------------+--------------+--------------+--------------+--------------+------+----+-+-+--+------+
|Name|view| n_y| Initial res  | Initial resL1| Target res   | Final res    | Final res L1 |Visits|Iter|R|F|CL|Status|
+----+----+----+--------------+--------------+--------------+--------------+--------------+------+----+-+-+--+------+
| 3M |   0|   0|  9.841673e-13|  1.037557e-04|  9.804204e-17|  6.237016e-19|  4.732172e-08|     2|   6|0|n|29|  OK  |
Velocity (predicted):
        (local) sd   0: min(  15955)=0.00079997756553513  , max(  46180)=12.199818388431      
Flow alg-view 0 is not Neumann (not for Phase Change + Nested Iters)
+----+----+--------------+--------------+--------------+--------------+--------------+------+----+-+-+--+------+
|Name|view| Initial res  | Initial resL1| Target res   | Final res    | Final res L1 |Visits|Iter|R|F|CL|Status|
|DVGR|   0|  8.127303e-14|  1.815298e-05|  5.079564e-18|  8.900806e-19|  9.800051e-08|     4|  12|0|n|30|  OK  |
PRESSURE SOLVER(geom_index=  0): sum_C_dp=7.55372e-14
Face Momentum (sd=  0): max value of div(mf) (cv=22306) = 1.095619e-10
	norm_L2 of div(momentum) = 9.434409e-10.
nsd = 0 min_dtHy = 0.000169781 (nCV =	46212 ) max_dtHy = 0.00435289 (nCV =	2282 ) 
+----+----+--------------+--------------+--------------+--------------+--------------+------+----+-+-+--+------+
|Name|view| Initial res  | Initial resL1| Target res   | Final res    | Final res L1 |Visits|Iter|R|F|CL|Status|
|CHT |   0|  1.812167e-13|  2.292146e-05|  1.132605e-17|  4.196966e-20|  1.325066e-08|     2|  18|0|n|30|  OK  |
nsd = 0 min_dtke = 3.37813e-05 (nCV =	23582 ) max_dtke = 0.00157385 (nCV =	26792 ) 
+----+----+----+--------------+--------------+--------------+--------------+--------------+------+----+-+-+--+------+
|Name|view| n_y| Initial res  | Initial resL1| Target res   | Final res    | Final res L1 |Visits|Iter|R|F|CL|Status|
+----+----+----+--------------+--------------+--------------+--------------+--------------+------+----+-+-+--+------+
|turb|   0|   0|  1.536346e-11|  4.697820e-05|  6.066880e-21|  7.243124e-22|  8.956264e-10|     5|  30|0|n|30|  OK  |
|turb|   0|   1|  3.994894e-04|  1.378225e-01|  1.329150e-15|  1.584213e-16|  6.163677e-07|     4|  24|0|n|30|  OK  |
Filter: K,E,momentum: sd =   0 isolating K from zero=    132 E from zero=  23148 E from infinity=  20969
slv : Fluid subdom(new) 0
slv : P static (new)                 : min(  45001) = 101324.95140358      , max(   8670) = 101427.28229735      
slv : P_static - Rho*g*h (new)       : min(  45368) = 101324.95687841      , max(   8670) = 101427.30050292      
slv : Density (new)                  : min(  45005) = 1.3300860621899      , max(   8670) = 1.3313542171151      
slv : Velocity (new)                 : min(  15955) = 0.0009049960779067   , max(  46180) = 12.200623522141      
slv : Mach number (new)              : min(  15955) = 2.7763502550184e-06  , max(  46180) = 0.03743360532965     
slv : Turbulent k (new)              : min(   1674) = 1e-40                , max(  23590) = 3.0692203552708      
slv : Turbulent e (new)              : min(   7592) = 2.7773233864964e-40  , max(  23590) = 14363.878678019      
slv : Temperature (new)              : min(  47154) = 293.12819033198      , max(  22255) = 293.21155553662      
slv : Total enthalpy, Y-shifted (new): min(  38795) = -15.220072299443     , max(   7576) = 12.320224874002      
slv : MASS FLUXES AT OPENINGS: MF=-0.000260895, AP=0.000260894
slv : DvGr statistics: min alpha=0.112793(nfa=88066, geom_slice=0)
slv : +----------------------------------+------------+-------+------------+------------+
slv : |          Collector name          | Total Time | Count |  Avg Time  |  Max Time  |
slv : +----------------------------------+------------+-------+------------+------------+
slv : | Calculate_inc                    |      35.915|     63|       0.570|       0.799|
slv : | CollectEMT_Results               |       0.000|     64|       0.000|       0.000|
slv : | HeatPathCalculator_Dynamic       |       0.017|      1|       0.017|       0.017|
slv : | LiSy_make_portrait               |       0.750|    278|       0.003|       0.016|
slv : | Results_processing               |       4.649|     63|       0.074|       0.092|
slv : | build_sl_ordering_CHT            |       0.016|     64|       0.000|       0.005|
slv : | build_sl_ordering_MDS            |       0.099|     64|       0.002|       0.014|
slv : | build_sl_ordering_fluid          |       0.097|     64|       0.002|       0.014|
slv : | calc_Convolutions_MDS            |       1.103|     64|       0.017|       0.021|
slv : | calc_wall_dist                   |       2.275|      1|       2.275|       2.275|
slv : | create_Gr_operators_MDS          |       1.059|     64|       0.017|       0.024|
slv : | create_Gr_operators_portrait_MDS |       0.330|     64|       0.005|       0.008|
slv : | init_Hy_group_MDS                |       0.595|     64|       0.009|       0.013|
slv : | perform_stage_total              |      33.439|   1736|       0.019|       2.275|
slv : | precalc_at_start_MDS             |       1.593|      2|       0.796|       1.564|
slv : | solve_3M_MDS                     |       3.939|     64|       0.062|       0.080|
slv : | solve_3M_alg_MDS                 |       2.228|     64|       0.035|       0.052|
slv : | solve_BG_MDS                     |       2.317|     64|       0.036|       0.061|
slv : | solve_BG_alg_MDS                 |       1.851|     64|       0.029|       0.055|
slv : | solve_BL_MDS                     |       6.193|     64|       0.097|       0.242|
slv : | solve_CHT                        |       2.261|     64|       0.035|       0.066|
slv : | solve_CHT_MDS                    |       1.880|     64|       0.029|       0.061|
slv : | solve_CHT_alg_MDS                |       1.040|     64|       0.016|       0.046|
slv : | solve_DvGr_MDS                   |       6.907|     64|       0.108|       0.207|
slv : | solve_DvGr_alg_MDS               |       3.862|     64|       0.060|       0.161|
slv : | solve_INPR_MDS                   |       0.000|      1|       0.000|       0.000|
slv : | solve_PS+QJ                      |       0.000|      0|       0.000|       0.000|
slv : | solve_YLMA_MDS                   |       0.001|     64|       0.000|       0.000|
slv : | solve_YNOx_MDS                   |       0.000|     64|       0.000|       0.000|
slv : | solve_YTd_MDS                    |       0.002|     64|       0.000|       0.000|
slv : | solve_YTurb_MDS                  |       8.522|     64|       0.133|       0.187|
slv : | solve_YTurb_alg_MDS              |       4.488|    128|       0.035|       0.058|
slv : | update_BC_MDS                    |       0.000|     65|       0.000|       0.000|
slv : | update_Mf_after_DvGr             |       0.572|     64|       0.009|       0.015|
slv : | update_VelPressure_MDS           |       0.188|     64|       0.003|       0.005|
slv : +----------------------------------+------------+-------+------------+------------+
-----------------------------------------------------------------------
Memory Working Set Current = 386.86 Mb, Memory Working Set Peak = 386.86 Mb
Memory Private Bytes Current = 414.09 Mb, Memory Private Bytes Peak = 414.09 Mb
Process Threads Number: 32
-----------------------------------------------------------------------
Algebra Pool      : mem_usage = 205.31 Mb, allocated count = 2285

================== Tstep=64 ===================
nslice = 0; reset pressure calculator:  Rho_ref_grav_new = 1.33105
nslice = 0  P_ref = 101325
nslice = 0  Rho_ref_grav_old = 1.33105, Rho_ref_grav_new = 1.33105
 fluid-flow view[  0]: rho_ref_grav_averaged_in_view = 1.3310464586912       
<Dynamic P> on nsd = 0 {openings (inlet / outlet)}:
  (SP = Static Pressure, EP = Environment Pressure, TP = Total Pressure, E = External)
  {#1, SP, (0.000000e+00 / 7.293874e+01)}
  MWS[  0]=0.431361
tau_viscous_averaged = 0.00415624 
dt(mass,momentum; nsd=  0): min dt/dtG(ncv=  46146)=1.00 , max dt/dtG(ncv=   2282)=25.6   , dtG=0.000169716
Flow alg-view 0 in phys-view 0 isn't Neumann (not Multi Phase treating)
Face Momentum (sd=  0): max value of div(mf) (cv=22306) = 1.095619e-10
Flow alg-view 0 is not Neumann (not for Phase Change + Nested Iters)
+----+----+--------------+--------------+--------------+--------------+--------------+------+----+-+-+--+------+
|Name|view| Initial res  | Initial resL1| Target res   | Final res    | Final res L1 |Visits|Iter|R|F|CL|Status|
| BG |   0|  8.956650e-19|  9.910011e-08|  5.079564e-20|  3.327407e-20|  1.775964e-08|     6|  18|0|n|30|  OK  |
log10(resTarget_Lim / resTarget_Orig): 3.0 
Face Momentum (sd=  0): max value of div(mf) (cv=43936) = 1.507629e-11
	norm_L2 of div(momentum) = 1.824118e-10.
Flow alg-view 0 in phys-view 0 isn't Neumann (not Multi Phase treating)
LOG: number of a-faces with weighted approximations in 0 subdomain: 9.47848 percent
LOG: Rate of a-faces corrected to CUp1st in 0 subdomain: 1.24826 %
slv : SolveBL stage
|nsd|Real WF|NormalF|Cycle F|CriticF| EdgeF |CyclBrF|ExtParF|RWFnumSt|StLvlNum|  nfw  |  alp_U_min  |  nfw  |  alp_U_max  |  nfw  |  alp_T_min  |  nfw  |  alp_T_max  |  nfw  |  BL_s_min   |  nfw  |   BL_s_max  |
|  0|  12896|  12822|      0|      2|     72|      0|      0|   12896|     122|   2053|0            |   4725|19483.8      |   1310|0            |   7220|38715.3      |   7470|-12.8284     |   1310|0            |
Face Momentum (sd=  0): max value of div(mf) (cv=43936) = 1.507629e-11
	norm_L2 of div(momentum) = 1.824118e-10.
slv : 3m: nsd = 0 
slv :  3m: ROTATION = NO 
slv :  3m: gravity_vector     = {	 0 	 -9.81 	 0	 }  
slv :  3m: gravity_vector_LCS = {	 0 	 -9.81 	 0	 }  
slv :  +----+----+----+--------------+--------------+--------------+--------------+--------------+------+----+-+-+--+------+
|Name|view| n_y| Initial res  | Initial resL1| Target res   | Final res    | Final res L1 |Visits|Iter|R|F|CL|Status|
+----+----+----+--------------+--------------+--------------+--------------+--------------+------+----+-+-+--+------+
| 3M |   0|   0|  1.280929e-12|  1.035204e-04|  9.805045e-17|  1.029571e-18|  4.921085e-08|     2|   6|0|n|29|  OK  |
Velocity (predicted):
        (local) sd   0: min(  22076)=0.00057956085433605  , max(  46180)=12.20421664543       
Flow alg-view 0 is not Neumann (not for Phase Change + Nested Iters)
+----+----+--------------+--------------+--------------+--------------+--------------+------+----+-+-+--+------+
|Name|view| Initial res  | Initial resL1| Target res   | Final res    | Final res L1 |Visits|Iter|R|F|CL|Status|
|DVGR|   0|  7.109571e-14|  1.741441e-05|  4.443482e-18|  8.257738e-19|  9.664301e-08|     4|  12|0|n|30|  OK  |
PRESSURE SOLVER(geom_index=  0): sum_C_dp=6.49302e-14
Face Momentum (sd=  0): max value of div(mf) (cv=14315) = 6.274643e-11
	norm_L2 of div(momentum) = 9.087210e-10.
nsd = 0 min_dtHy = 0.000169724 (nCV =	46180 ) max_dtHy = 0.00435331 (nCV =	2282 ) 
+----+----+--------------+--------------+--------------+--------------+--------------+------+----+-+-+--+------+
|Name|view| Initial res  | Initial resL1| Target res   | Final res    | Final res L1 |Visits|Iter|R|F|CL|Status|
|CHT |   0|  1.772284e-13|  2.277356e-05|  1.107677e-17|  3.681088e-20|  1.201847e-08|     2|  18|0|n|30|  OK  |
nsd = 0 min_dtke = 3.35796e-05 (nCV =	23582 ) max_dtke = 0.00157369 (nCV =	26792 ) 
+----+----+----+--------------+--------------+--------------+--------------+--------------+------+----+-+-+--+------+
|Name|view| n_y| Initial res  | Initial resL1| Target res   | Final res    | Final res L1 |Visits|Iter|R|F|CL|Status|
+----+----+----+--------------+--------------+--------------+--------------+--------------+------+----+-+-+--+------+
|turb|   0|   0|  1.566486e-11|  4.700314e-05|  6.073060e-21|  7.253310e-22|  8.997461e-10|     5|  30|0|n|30|  OK  |
|turb|   0|   1|  4.071838e-04|  1.385805e-01|  1.331401e-15|  1.853569e-16|  6.600626e-07|     4|  24|0|n|30|  OK  |
Filter: K,E,momentum: sd =   0 isolating K from zero=    126 E from zero=  23227 E from infinity=  21181
slv : Fluid subdom(new) 0
slv : P static (new)                 : min(  45001) = 101324.97187414      , max(   8670) = 101427.33347061      
slv : P_static - Rho*g*h (new)       : min(  45368) = 101324.96276287      , max(   8670) = 101427.35167619      
slv : Density (new)                  : min(  45005) = 1.330086172016       , max(   8670) = 1.331354888542       
slv : Velocity (new)                 : min(  15955) = 0.00077492979711702  , max(  46180) = 12.204884268443      
slv : Mach number (new)              : min(  15955) = 2.3773324345612e-06  , max(  46180) = 0.037446681121557    
slv : Turbulent k (new)              : min(   1697) = 1e-40                , max(  23590) = 3.0941646905023      
slv : Turbulent e (new)              : min(   7654) = 2.8851154908358e-40  , max(  23590) = 14499.623639683      
slv : Temperature (new)              : min(  47154) = 293.12814219675      , max(  22255) = 293.21154967276      
slv : Total enthalpy, Y-shifted (new): min(  38795) = -15.277694735986     , max(   7576) = 12.320224876873      
slv : MASS FLUXES AT OPENINGS: MF=-0.000260894, AP=0.000260893
slv : DvGr statistics: min alpha=0.112812(nfa=88066, geom_slice=0)
slv : +----------------------------------+------------+-------+------------+------------+
slv : |          Collector name          | Total Time | Count |  Avg Time  |  Max Time  |
slv : +----------------------------------+------------+-------+------------+------------+
slv : | Calculate_inc                    |      36.485|     64|       0.570|       0.799|
slv : | CollectEMT_Results               |       0.000|     65|       0.000|       0.000|
slv : | HeatPathCalculator_Dynamic       |       0.017|      1|       0.017|       0.017|
slv : | LiSy_make_portrait               |       0.762|    282|       0.003|       0.016|
slv : | Results_processing               |       4.730|     64|       0.074|       0.092|
slv : | build_sl_ordering_CHT            |       0.016|     65|       0.000|       0.005|
slv : | build_sl_ordering_MDS            |       0.099|     65|       0.002|       0.014|
slv : | build_sl_ordering_fluid          |       0.097|     65|       0.001|       0.014|
slv : | calc_Convolutions_MDS            |       1.121|     65|       0.017|       0.021|
slv : | calc_wall_dist                   |       2.275|      1|       2.275|       2.275|
slv : | create_Gr_operators_MDS          |       1.080|     65|       0.017|       0.024|
slv : | create_Gr_operators_portrait_MDS |       0.337|     65|       0.005|       0.008|
slv : | init_Hy_group_MDS                |       0.604|     65|       0.009|       0.013|
slv : | perform_stage_total              |      33.973|   1763|       0.019|       2.275|
slv : | precalc_at_start_MDS             |       1.593|      2|       0.796|       1.564|
slv : | solve_3M_MDS                     |       4.010|     65|       0.062|       0.080|
slv : | solve_3M_alg_MDS                 |       2.265|     65|       0.035|       0.052|
slv : | solve_BG_MDS                     |       2.352|     65|       0.036|       0.061|
slv : | solve_BG_alg_MDS                 |       1.877|     65|       0.029|       0.055|
slv : | solve_BL_MDS                     |       6.292|     65|       0.097|       0.242|
slv : | solve_CHT                        |       2.305|     65|       0.035|       0.066|
slv : | solve_CHT_MDS                    |       1.917|     65|       0.029|       0.061|
slv : | solve_CHT_alg_MDS                |       1.066|     65|       0.016|       0.046|
slv : | solve_DvGr_MDS                   |       7.008|     65|       0.108|       0.207|
slv : | solve_DvGr_alg_MDS               |       3.910|     65|       0.060|       0.161|
slv : | solve_INPR_MDS                   |       0.000|      1|       0.000|       0.000|
slv : | solve_PS+QJ                      |       0.000|      0|       0.000|       0.000|
slv : | solve_YLMA_MDS                   |       0.001|     65|       0.000|       0.000|
slv : | solve_YNOx_MDS                   |       0.000|     65|       0.000|       0.000|
slv : | solve_YTd_MDS                    |       0.002|     65|       0.000|       0.000|
slv : | solve_YTurb_MDS                  |       8.696|     65|       0.134|       0.187|
slv : | solve_YTurb_alg_MDS              |       4.598|    130|       0.035|       0.060|
slv : | update_BC_MDS                    |       0.000|     66|       0.000|       0.000|
slv : | update_Mf_after_DvGr             |       0.582|     65|       0.009|       0.015|
slv : | update_VelPressure_MDS           |       0.191|     65|       0.003|       0.005|
slv : +----------------------------------+------------+-------+------------+------------+
Interpolator cache: total calls 66684, optimised calls 26058 (39.1 %)
-----------------------------------------------------------------------
Memory Working Set Current = 386.93 Mb, Memory Working Set Peak = 386.93 Mb
Memory Private Bytes Current = 414.09 Mb, Memory Private Bytes Peak = 414.09 Mb
Process Threads Number: 32
-----------------------------------------------------------------------
Iteration : time = 3.23769 , count = 5 , time/count = 0.647539
Calculate_inc() : time = 2.86395 , count = 5 , time/count = 0.57279
TreatFlowEvolution() : time = 0.362455 , count = 5 , time/count = 0.072491
SolverPreview : time = 0 , count = 5 , time/count = 0
TreatGoals : time = 0.349637 , count = 5 , time/count = 0.0699274
Algebra Pool      : mem_usage = 205.31 Mb, allocated count = 2290

================== Tstep=65 ===================
nslice = 0; reset pressure calculator:  Rho_ref_grav_new = 1.33105
nslice = 0  P_ref = 101325
nslice = 0  Rho_ref_grav_old = 1.33105, Rho_ref_grav_new = 1.33105
 fluid-flow view[  0]: rho_ref_grav_averaged_in_view = 1.3310470355645       
<Dynamic P> on nsd = 0 {openings (inlet / outlet)}:
  (SP = Static Pressure, EP = Environment Pressure, TP = Total Pressure, E = External)
  {#1, SP, (0.000000e+00 / 7.296072e+01)}
  MWS[  0]=0.431512
tau_viscous_averaged = 0.00417234 
dt(mass,momentum; nsd=  0): min dt/dtG(ncv=  46178)=1.00 , max dt/dtG(ncv=   2282)=25.6   , dtG=0.000169661
Flow alg-view 0 in phys-view 0 isn't Neumann (not Multi Phase treating)
Face Momentum (sd=  0): max value of div(mf) (cv=14315) = 6.274643e-11
Flow alg-view 0 is not Neumann (not for Phase Change + Nested Iters)
+----+----+--------------+--------------+--------------+--------------+--------------+------+----+-+-+--+------+
|Name|view| Initial res  | Initial resL1| Target res   | Final res    | Final res L1 |Visits|Iter|R|F|CL|Status|
| BG |   0|  8.306494e-19|  9.767176e-08|  4.443482e-20|  2.736465e-20|  1.766071e-08|     6|  18|0|n|30|  OK  |
log10(resTarget_Lim / resTarget_Orig): 2.9 
Face Momentum (sd=  0): max value of div(mf) (cv=43936) = 1.326790e-11
	norm_L2 of div(momentum) = 1.654226e-10.
Flow alg-view 0 in phys-view 0 isn't Neumann (not Multi Phase treating)
LOG: number of a-faces with weighted approximations in 0 subdomain: 9.52123 percent
LOG: Rate of a-faces corrected to CUp1st in 0 subdomain: 1.2465 %
slv : SolveBL stage
|nsd|Real WF|NormalF|Cycle F|CriticF| EdgeF |CyclBrF|ExtParF|RWFnumSt|StLvlNum|  nfw  |  alp_U_min  |  nfw  |  alp_U_max  |  nfw  |  alp_T_min  |  nfw  |  alp_T_max  |  nfw  |  BL_s_min   |  nfw  |   BL_s_max  |
|  0|  12896|  12822|      0|      2|     72|      0|      0|   12896|     122|   2053|0            |   4725|22175.6      |   1310|0            |   3313|22864        |   7470|-12.8286     |   1310|0            |
Face Momentum (sd=  0): max value of div(mf) (cv=43936) = 1.326790e-11
	norm_L2 of div(momentum) = 1.654226e-10.
slv : 3m: nsd = 0 
slv :  3m: ROTATION = NO 
slv :  3m: gravity_vector     = {	 0 	 -9.81 	 0	 }  
slv :  3m: gravity_vector_LCS = {	 0 	 -9.81 	 0	 }  
slv :  +----+----+----+--------------+--------------+--------------+--------------+--------------+------+----+-+-+--+------+
|Name|view| n_y| Initial res  | Initial resL1| Target res   | Final res    | Final res L1 |Visits|Iter|R|F|CL|Status|
+----+----+----+--------------+--------------+--------------+--------------+--------------+------+----+-+-+--+------+
| 3M |   0|   0|  9.333185e-13|  9.816574e-05|  9.807946e-17|  5.764720e-19|  4.345560e-08|     2|   6|0|n|29|  OK  |
Velocity (predicted):
        (local) sd   0: min(  17122)=0.001300689695822    , max(  46180)=12.208793304009      
Flow alg-view 0 is not Neumann (not for Phase Change + Nested Iters)
+----+----+--------------+--------------+--------------+--------------+--------------+------+----+-+-+--+------+
|Name|view| Initial res  | Initial resL1| Target res   | Final res    | Final res L1 |Visits|Iter|R|F|CL|Status|
|DVGR|   0|  7.580378e-14|  1.707032e-05|  4.737737e-18|  7.596438e-19|  9.017201e-08|     4|  12|0|n|30|  OK  |
PRESSURE SOLVER(geom_index=  0): sum_C_dp=7.81503e-14
Face Momentum (sd=  0): max value of div(mf) (cv=22306) = 7.278316e-11
	norm_L2 of div(momentum) = 8.715755e-10.
nsd = 0 min_dtHy = 0.000169669 (nCV =	46180 ) max_dtHy = 0.00435152 (nCV =	2282 ) 
+----+----+--------------+--------------+--------------+--------------+--------------+------+----+-+-+--+------+
|Name|view| Initial res  | Initial resL1| Target res   | Final res    | Final res L1 |Visits|Iter|R|F|CL|Status|
|CHT |   0|  1.698853e-13|  2.247617e-05|  1.061783e-17|  3.270860e-20|  1.094848e-08|     2|  18|0|n|30|  OK  |
nsd = 0 min_dtke = 3.33936e-05 (nCV =	23582 ) max_dtke = 0.00157357 (nCV =	26792 ) 
+----+----+----+--------------+--------------+--------------+--------------+--------------+------+----+-+-+--+------+
|Name|view| n_y| Initial res  | Initial resL1| Target res   | Final res    | Final res L1 |Visits|Iter|R|F|CL|Status|
+----+----+----+--------------+--------------+--------------+--------------+--------------+------+----+-+-+--+------+
|turb|   0|   0|  1.532422e-11|  4.670036e-05|  6.078183e-21|  6.115165e-22|  8.151026e-10|     5|  30|0|n|30|  OK  |
|turb|   0|   1|  3.999985e-04|  1.371775e-01|  1.333632e-15|  1.725452e-16|  6.352222e-07|     4|  24|0|n|30|  OK  |
Filter: K,E,momentum: sd =   0 isolating K from zero=    136 E from zero=  23329 E from infinity=  21465
slv : Fluid subdom(new) 0
slv : P static (new)                 : min(  45001) = 101324.98222509      , max(   8670) = 101427.39962546      
slv : P_static - Rho*g*h (new)       : min(  45368) = 101324.96496736      , max(   8670) = 101427.41783105      
slv : Density (new)                  : min(  45005) = 1.330086272428       , max(   8670) = 1.3313557567861      
slv : Velocity (new)                 : min(  15955) = 0.0013444453075471   , max(  46180) = 12.209303969228      
slv : Mach number (new)              : min(  15955) = 4.1244941639512e-06  , max(  46180) = 0.037460244408813    
slv : Turbulent k (new)              : min(   1674) = 1e-40                , max(  23590) = 3.1176494756206      
slv : Turbulent e (new)              : min(   7592) = 2.7773207061285e-40  , max(  23590) = 14627.295236712      
slv : Temperature (new)              : min(  47154) = 293.12809208828      , max(  22063) = 293.21154290185      
slv : Total enthalpy, Y-shifted (new): min(  38795) = -15.333987816141     , max(   7576) = 12.320227122621      
slv : MASS FLUXES AT OPENINGS: MF=-0.000260893, AP=0.000260892
slv : DvGr statistics: min alpha=0.112804(nfa=88066, geom_slice=0)
slv : +----------------------------------+------------+-------+------------+------------+
slv : |          Collector name          | Total Time | Count |  Avg Time  |  Max Time  |
slv : +----------------------------------+------------+-------+------------+------------+
slv : | Calculate_inc                    |      37.116|     65|       0.571|       0.799|
slv : | CollectEMT_Results               |       0.000|     66|       0.000|       0.000|
slv : | HeatPathCalculator_Dynamic       |       0.017|      1|       0.017|       0.017|
slv : | LiSy_make_portrait               |       0.772|    286|       0.003|       0.016|
slv : | Results_processing               |       4.793|     65|       0.074|       0.092|
slv : | build_sl_ordering_CHT            |       0.016|     66|       0.000|       0.005|
slv : | build_sl_ordering_MDS            |       0.100|     66|       0.002|       0.014|
slv : | build_sl_ordering_fluid          |       0.098|     66|       0.001|       0.014|
slv : | calc_Convolutions_MDS            |       1.137|     66|       0.017|       0.021|
slv : | calc_wall_dist                   |       2.275|      1|       2.275|       2.275|
slv : | create_Gr_operators_MDS          |       1.095|     66|       0.017|       0.024|
slv : | create_Gr_operators_portrait_MDS |       0.342|     66|       0.005|       0.008|
slv : | init_Hy_group_MDS                |       0.612|     66|       0.009|       0.013|
slv : | perform_stage_total              |      34.452|   1790|       0.019|       2.275|
slv : | precalc_at_start_MDS             |       1.593|      2|       0.796|       1.564|
slv : | solve_3M_MDS                     |       4.069|     66|       0.062|       0.080|
slv : | solve_3M_alg_MDS                 |       2.299|     66|       0.035|       0.052|
slv : | solve_BG_MDS                     |       2.382|     66|       0.036|       0.061|
slv : | solve_BG_alg_MDS                 |       1.901|     66|       0.029|       0.055|
slv : | solve_BL_MDS                     |       6.385|     66|       0.097|       0.242|
slv : | solve_CHT                        |       2.344|     66|       0.036|       0.066|
slv : | solve_CHT_MDS                    |       1.952|     66|       0.030|       0.061|
slv : | solve_CHT_alg_MDS                |       1.088|     66|       0.016|       0.046|
slv : | solve_DvGr_MDS                   |       7.099|     66|       0.108|       0.207|
slv : | solve_DvGr_alg_MDS               |       3.955|     66|       0.060|       0.161|
slv : | solve_INPR_MDS                   |       0.000|      1|       0.000|       0.000|
slv : | solve_PS+QJ                      |       0.000|      0|       0.000|       0.000|
slv : | solve_YLMA_MDS                   |       0.001|     66|       0.000|       0.000|
slv : | solve_YNOx_MDS                   |       0.000|     66|       0.000|       0.000|
slv : | solve_YTd_MDS                    |       0.002|     66|       0.000|       0.000|
slv : | solve_YTurb_MDS                  |       8.855|     66|       0.134|       0.187|
slv : | solve_YTurb_alg_MDS              |       4.698|    132|       0.036|       0.060|
slv : | update_BC_MDS                    |       0.000|     67|       0.000|       0.000|
slv : | update_Mf_after_DvGr             |       0.590|     66|       0.009|       0.015|
slv : | update_VelPressure_MDS           |       0.194|     66|       0.003|       0.005|
slv : +----------------------------------+------------+-------+------------+------------+
-----------------------------------------------------------------------
Memory Working Set Current = 386.89 Mb, Memory Working Set Peak = 386.93 Mb
Memory Private Bytes Current = 414.09 Mb, Memory Private Bytes Peak = 414.09 Mb
Process Threads Number: 32
-----------------------------------------------------------------------
Algebra Pool      : mem_usage = 205.31 Mb, allocated count = 2290

================== Tstep=66 ===================
nslice = 0; reset pressure calculator:  Rho_ref_grav_new = 1.33105
nslice = 0  P_ref = 101325
nslice = 0  Rho_ref_grav_old = 1.33105, Rho_ref_grav_new = 1.33105
 fluid-flow view[  0]: rho_ref_grav_averaged_in_view = 1.3310477713164       
<Dynamic P> on nsd = 0 {openings (inlet / outlet)}:
  (SP = Static Pressure, EP = Environment Pressure, TP = Total Pressure, E = External)
  {#1, SP, (0.000000e+00 / 7.298097e+01)}
  MWS[  0]=0.431668
tau_viscous_averaged = 0.00418682 
dt(mass,momentum; nsd=  0): min dt/dtG(ncv=  46178)=1.00 , max dt/dtG(ncv=   2282)=25.6   , dtG=0.000169602
Flow alg-view 0 in phys-view 0 isn't Neumann (not Multi Phase treating)
Face Momentum (sd=  0): max value of div(mf) (cv=22306) = 7.278316e-11
Flow alg-view 0 is not Neumann (not for Phase Change + Nested Iters)
+----+----+--------------+--------------+--------------+--------------+--------------+------+----+-+-+--+------+
|Name|view| Initial res  | Initial resL1| Target res   | Final res    | Final res L1 |Visits|Iter|R|F|CL|Status|
| BG |   0|  7.640554e-19|  9.114595e-08|  4.737737e-20|  2.663897e-20|  1.453550e-08|     6|  18|0|n|30|  OK  |
log10(resTarget_Lim / resTarget_Orig): 3.0 
Face Momentum (sd=  0): max value of div(mf) (cv=43936) = 1.400815e-11
	norm_L2 of div(momentum) = 1.632145e-10.
Flow alg-view 0 in phys-view 0 isn't Neumann (not Multi Phase treating)
LOG: number of a-faces with weighted approximations in 0 subdomain: 9.48275 percent
LOG: Rate of a-faces corrected to CUp1st in 0 subdomain: 1.24419 %
slv : SolveBL stage
|nsd|Real WF|NormalF|Cycle F|CriticF| EdgeF |CyclBrF|ExtParF|RWFnumSt|StLvlNum|  nfw  |  alp_U_min  |  nfw  |  alp_U_max  |  nfw  |  alp_T_min  |  nfw  |  alp_T_max  |  nfw  |  BL_s_min   |  nfw  |   BL_s_max  |
|  0|  12896|  12822|      0|      2|     72|      0|      0|   12896|     122|   2053|0            |   4699|13406.5      |   1310|0            |   7054|40506.5      |   7470|-12.8078     |   1310|0            |
Face Momentum (sd=  0): max value of div(mf) (cv=43936) = 1.400815e-11
	norm_L2 of div(momentum) = 1.632145e-10.
slv : 3m: nsd = 0 
slv :  3m: ROTATION = NO 
slv :  3m: gravity_vector     = {	 0 	 -9.81 	 0	 }  
slv :  3m: gravity_vector_LCS = {	 0 	 -9.81 	 0	 }  
slv :  +----+----+----+--------------+--------------+--------------+--------------+--------------+------+----+-+-+--+------+
|Name|view| n_y| Initial res  | Initial resL1| Target res   | Final res    | Final res L1 |Visits|Iter|R|F|CL|Status|
+----+----+----+--------------+--------------+--------------+--------------+--------------+------+----+-+-+--+------+
| 3M |   0|   0|  1.194303e-12|  9.839271e-05|  9.811325e-17|  1.005783e-18|  4.592151e-08|     2|   6|0|n|29|  OK  |
Velocity (predicted):
        (local) sd   0: min(  17122)=0.00045578756766023  , max(  46180)=12.213790173991      
Flow alg-view 0 is not Neumann (not for Phase Change + Nested Iters)
+----+----+--------------+--------------+--------------+--------------+--------------+------+----+-+-+--+------+
|Name|view| Initial res  | Initial resL1| Target res   | Final res    | Final res L1 |Visits|Iter|R|F|CL|Status|
|DVGR|   0|  6.570650e-14|  1.647023e-05|  4.106656e-18|  4.089824e-18|  2.071407e-07|     3|   9|0|n|30|  OK  |
PRESSURE SOLVER(geom_index=  0): sum_C_dp=5.09641e-14
Face Momentum (sd=  0): max value of div(mf) (cv=22259) = 1.806420e-10
	norm_L2 of div(momentum) = 2.022331e-09.
nsd = 0 min_dtHy = 0.00016961 (nCV =	46180 ) max_dtHy = 0.00434776 (nCV =	2282 ) 
+----+----+--------------+--------------+--------------+--------------+--------------+------+----+-+-+--+------+
|Name|view| Initial res  | Initial resL1| Target res   | Final res    | Final res L1 |Visits|Iter|R|F|CL|Status|
|CHT |   0|  1.754568e-13|  2.231200e-05|  1.096605e-17|  2.570540e-20|  9.581020e-09|     2|  18|0|n|30|  OK  |
nsd = 0 min_dtke = 3.32207e-05 (nCV =	23582 ) max_dtke = 0.00157336 (nCV =	26792 ) 
+----+----+----+--------------+--------------+--------------+--------------+--------------+------+----+-+-+--+------+
|Name|view| n_y| Initial res  | Initial resL1| Target res   | Final res    | Final res L1 |Visits|Iter|R|F|CL|Status|
+----+----+----+--------------+--------------+--------------+--------------+--------------+------+----+-+-+--+------+
|turb|   0|   0|  1.557706e-11|  4.674147e-05|  6.084160e-21|  5.222711e-22|  7.379445e-10|     5|  30|0|n|30|  OK  |
|turb|   0|   1|  4.064011e-04|  1.379352e-01|  1.336114e-15|  1.497188e-16|  5.972571e-07|     4|  24|0|n|30|  OK  |
Filter: K,E,momentum: sd =   0 isolating K from zero=    126 E from zero=  23407 E from infinity=  21620
slv : Fluid subdom(new) 0
slv : P static (new)                 : min(  44972) = 101324.99875985      , max(   8670) = 101427.44302315      
slv : P_static - Rho*g*h (new)       : min(  45368) = 101324.96954471      , max(   8670) = 101427.46122876      
slv : Density (new)                  : min(  45005) = 1.3300864073977      , max(   8670) = 1.3313563259367      
slv : Velocity (new)                 : min(  15955) = 0.00082379599774744  , max(  46180) = 12.213290483543      
slv : Mach number (new)              : min(  15955) = 2.5272443231206e-06  , max(  46180) = 0.037472478034773    
slv : Turbulent k (new)              : min(   1701) = 1e-40                , max(  23590) = 3.139034324929       
slv : Turbulent e (new)              : min(   7654) = 2.8851125483454e-40  , max(  23590) = 14743.671330863      
slv : Temperature (new)              : min(  47154) = 293.12804935002      , max(  22255) = 293.21156083066      
slv : Total enthalpy, Y-shifted (new): min(  38795) = -15.378327450563     , max(   7576) = 12.320224320885      
slv : MASS FLUXES AT OPENINGS: MF=-0.000260892, AP=0.000260889
slv : DvGr statistics: min alpha=0.112813(nfa=88066, geom_slice=0)
slv : +----------------------------------+------------+-------+------------+------------+
slv : |          Collector name          | Total Time | Count |  Avg Time  |  Max Time  |
slv : +----------------------------------+------------+-------+------------+------------+
slv : | Calculate_inc                    |      37.679|     66|       0.571|       0.799|
slv : | CollectEMT_Results               |       0.000|     67|       0.000|       0.000|
slv : | HeatPathCalculator_Dynamic       |       0.017|      1|       0.017|       0.017|
slv : | LiSy_make_portrait               |       0.782|    290|       0.003|       0.016|
slv : | Results_processing               |       4.873|     66|       0.074|       0.092|
slv : | build_sl_ordering_CHT            |       0.016|     67|       0.000|       0.005|
slv : | build_sl_ordering_MDS            |       0.100|     67|       0.001|       0.014|
slv : | build_sl_ordering_fluid          |       0.098|     67|       0.001|       0.014|
slv : | calc_Convolutions_MDS            |       1.156|     67|       0.017|       0.021|
slv : | calc_wall_dist                   |       2.275|      1|       2.275|       2.275|
slv : | create_Gr_operators_MDS          |       1.111|     67|       0.017|       0.024|
slv : | create_Gr_operators_portrait_MDS |       0.346|     67|       0.005|       0.008|
slv : | init_Hy_group_MDS                |       0.621|     67|       0.009|       0.013|
slv : | perform_stage_total              |      34.924|   1817|       0.019|       2.275|
slv : | precalc_at_start_MDS             |       1.593|      2|       0.796|       1.564|
slv : | solve_3M_MDS                     |       4.132|     67|       0.062|       0.080|
slv : | solve_3M_alg_MDS                 |       2.335|     67|       0.035|       0.052|
slv : | solve_BG_MDS                     |       2.411|     67|       0.036|       0.061|
slv : | solve_BG_alg_MDS                 |       1.924|     67|       0.029|       0.055|
slv : | solve_BL_MDS                     |       6.477|     67|       0.097|       0.242|
slv : | solve_CHT                        |       2.390|     67|       0.036|       0.066|
slv : | solve_CHT_MDS                    |       1.992|     67|       0.030|       0.061|
slv : | solve_CHT_alg_MDS                |       1.113|     67|       0.017|       0.046|
slv : | solve_DvGr_MDS                   |       7.182|     67|       0.107|       0.207|
slv : | solve_DvGr_alg_MDS               |       3.992|     67|       0.060|       0.161|
slv : | solve_INPR_MDS                   |       0.000|      1|       0.000|       0.000|
slv : | solve_PS+QJ                      |       0.000|      0|       0.000|       0.000|
slv : | solve_YLMA_MDS                   |       0.001|     67|       0.000|       0.000|
slv : | solve_YNOx_MDS                   |       0.000|     67|       0.000|       0.000|
slv : | solve_YTd_MDS                    |       0.002|     67|       0.000|       0.000|
slv : | solve_YTurb_MDS                  |       9.012|     67|       0.135|       0.187|
slv : | solve_YTurb_alg_MDS              |       4.793|    134|       0.036|       0.060|
slv : | update_BC_MDS                    |       0.000|     68|       0.000|       0.000|
slv : | update_Mf_after_DvGr             |       0.597|     67|       0.009|       0.015|
slv : | update_VelPressure_MDS           |       0.197|     67|       0.003|       0.005|
slv : +----------------------------------+------------+-------+------------+------------+
-----------------------------------------------------------------------
Memory Working Set Current = 386.91 Mb, Memory Working Set Peak = 386.93 Mb
Memory Private Bytes Current = 414.09 Mb, Memory Private Bytes Peak = 414.09 Mb
Process Threads Number: 32
-----------------------------------------------------------------------
Algebra Pool      : mem_usage = 205.31 Mb, allocated count = 2288

================== Tstep=67 ===================
nslice = 0; reset pressure calculator:  Rho_ref_grav_new = 1.33105
nslice = 0  P_ref = 101325
nslice = 0  Rho_ref_grav_old = 1.33105, Rho_ref_grav_new = 1.33105
 fluid-flow view[  0]: rho_ref_grav_averaged_in_view = 1.3310482360883       
<Dynamic P> on nsd = 0 {openings (inlet / outlet)}:
  (SP = Static Pressure, EP = Environment Pressure, TP = Total Pressure, E = External)
  {#1, SP, (0.000000e+00 / 7.299897e+01)}
  MWS[  0]=0.431809
tau_viscous_averaged = 0.00419917 
dt(mass,momentum; nsd=  0): min dt/dtG(ncv=  46078)=1.00 , max dt/dtG(ncv=   2282)=25.6   , dtG=0.000169547
Flow alg-view 0 in phys-view 0 isn't Neumann (not Multi Phase treating)
Face Momentum (sd=  0): max value of div(mf) (cv=22259) = 1.806420e-10
Flow alg-view 0 is not Neumann (not for Phase Change + Nested Iters)
+----+----+--------------+--------------+--------------+--------------+--------------+------+----+-+-+--+------+
|Name|view| Initial res  | Initial resL1| Target res   | Final res    | Final res L1 |Visits|Iter|R|F|CL|Status|
| BG |   0|  4.093739e-18|  2.080073e-07|  4.106656e-20|  2.255401e-20|  1.383870e-08|     7|  21|0|n|30|  OK  |
log10(resTarget_Lim / resTarget_Orig): 2.2 
Face Momentum (sd=  0): max value of div(mf) (cv=43935) = 1.209054e-11
	norm_L2 of div(momentum) = 1.501799e-10.
Flow alg-view 0 in phys-view 0 isn't Neumann (not Multi Phase treating)
LOG: number of a-faces with weighted approximations in 0 subdomain: 9.51981 percent
LOG: Rate of a-faces corrected to CUp1st in 0 subdomain: 1.23187 %
slv : SolveBL stage
|nsd|Real WF|NormalF|Cycle F|CriticF| EdgeF |CyclBrF|ExtParF|RWFnumSt|StLvlNum|  nfw  |  alp_U_min  |  nfw  |  alp_U_max  |  nfw  |  alp_T_min  |  nfw  |  alp_T_max  |  nfw  |  BL_s_min   |  nfw  |   BL_s_max  |
|  0|  12896|  12822|      0|      2|     72|      0|      0|   12896|     122|   2053|0            |  11072|26184.1      |   1310|0            |   7943|84877        |   7470|-12.8064     |   1310|0            |
Face Momentum (sd=  0): max value of div(mf) (cv=43935) = 1.209054e-11
	norm_L2 of div(momentum) = 1.501799e-10.
slv : 3m: nsd = 0 
slv :  3m: ROTATION = NO 
slv :  3m: gravity_vector     = {	 0 	 -9.81 	 0	 }  
slv :  3m: gravity_vector_LCS = {	 0 	 -9.81 	 0	 }  
slv :  +----+----+----+--------------+--------------+--------------+--------------+--------------+------+----+-+-+--+------+
|Name|view| n_y| Initial res  | Initial resL1| Target res   | Final res    | Final res L1 |Visits|Iter|R|F|CL|Status|
+----+----+----+--------------+--------------+--------------+--------------+--------------+------+----+-+-+--+------+
| 3M |   0|   0|  9.226621e-13|  9.344812e-05|  9.814755e-17|  4.932417e-19|  4.056075e-08|     2|   6|0|n|29|  OK  |
Velocity (predicted):
        (local) sd   0: min(  17122)=0.00088059054065358  , max(  46180)=12.218192484288      
Flow alg-view 0 is not Neumann (not for Phase Change + Nested Iters)
+----+----+--------------+--------------+--------------+--------------+--------------+------+----+-+-+--+------+
|Name|view| Initial res  | Initial resL1| Target res   | Final res    | Final res L1 |Visits|Iter|R|F|CL|Status|
|DVGR|   0|  7.178391e-14|  1.622380e-05|  4.486494e-18|  3.371349e-18|  1.901292e-07|     3|   9|0|n|30|  OK  |
PRESSURE SOLVER(geom_index=  0): sum_C_dp=6.29288e-14
Face Momentum (sd=  0): max value of div(mf) (cv=22306) = 1.645357e-10
	norm_L2 of div(momentum) = 1.836123e-09.
nsd = 0 min_dtHy = 0.000169555 (nCV =	46180 ) max_dtHy = 0.00434957 (nCV =	2282 ) 
+----+----+--------------+--------------+--------------+--------------+--------------+------+----+-+-+--+------+
|Name|view| Initial res  | Initial resL1| Target res   | Final res    | Final res L1 |Visits|Iter|R|F|CL|Status|
|CHT |   0|  1.684589e-13|  2.141880e-05|  1.052868e-17|  2.057309e-20|  8.478612e-09|     2|  18|0|n|30|  OK  |
nsd = 0 min_dtke = 3.30607e-05 (nCV =	23582 ) max_dtke = 0.00157326 (nCV =	26792 ) 
+----+----+----+--------------+--------------+--------------+--------------+--------------+------+----+-+-+--+------+
|Name|view| n_y| Initial res  | Initial resL1| Target res   | Final res    | Final res L1 |Visits|Iter|R|F|CL|Status|
+----+----+----+--------------+--------------+--------------+--------------+--------------+------+----+-+-+--+------+
|turb|   0|   0|  1.561350e-11|  4.663724e-05|  6.089494e-21|  4.636443e-21|  2.659371e-09|     4|  24|0|n|30|  OK  |
|turb|   0|   1|  4.086738e-04|  1.380455e-01|  1.338335e-15|  1.144594e-16|  5.273421e-07|     4|  24|0|n|30|  OK  |
Filter: K,E,momentum: sd =   0 isolating K from zero=    139 E from zero=  23469 E from infinity=  21729
slv : Fluid subdom(new) 0
slv : P static (new)                 : min(  45368) = 101325.00459443      , max(   8670) = 101427.49738089      
slv : P_static - Rho*g*h (new)       : min(  45368) = 101324.97296419      , max(   8670) = 101427.5155865       
slv : Density (new)                  : min(  45005) = 1.3300865581539      , max(   8670) = 1.3313570389909      
slv : Velocity (new)                 : min(  17122) = 0.00026863740390419  , max(  46180) = 12.217958253795      
slv : Mach number (new)              : min(  17122) = 8.241264710597e-07   , max(  46180) = 0.037486802330682    
slv : Turbulent k (new)              : min(   1698) = 1e-40                , max(  23590) = 3.1591864252925      
slv : Turbulent e (new)              : min(   7592) = 2.777318087463e-40   , max(  23590) = 14853.235289285      
slv : Temperature (new)              : min(  47154) = 293.12800446381      , max(  22255) = 293.21155611132      
slv : Total enthalpy, Y-shifted (new): min(  38795) = -15.427661142561     , max(   7576) = 12.320223252956      
slv : MASS FLUXES AT OPENINGS: MF=-0.000260891, AP=0.000260887
slv : DvGr statistics: min alpha=0.112804(nfa=88066, geom_slice=0)
slv : +----------------------------------+------------+-------+------------+------------+
slv : |          Collector name          | Total Time | Count |  Avg Time  |  Max Time  |
slv : +----------------------------------+------------+-------+------------+------------+
slv : | Calculate_inc                    |      38.245|     67|       0.571|       0.799|
slv : | CollectEMT_Results               |       0.000|     68|       0.000|       0.000|
slv : | HeatPathCalculator_Dynamic       |       0.017|      1|       0.017|       0.017|
slv : | LiSy_make_portrait               |       0.793|    294|       0.003|       0.016|
slv : | Results_processing               |       4.953|     67|       0.074|       0.092|
slv : | build_sl_ordering_CHT            |       0.016|     68|       0.000|       0.005|
slv : | build_sl_ordering_MDS            |       0.100|     68|       0.001|       0.014|
slv : | build_sl_ordering_fluid          |       0.098|     68|       0.001|       0.014|
slv : | calc_Convolutions_MDS            |       1.172|     68|       0.017|       0.021|
slv : | calc_wall_dist                   |       2.275|      1|       2.275|       2.275|
slv : | create_Gr_operators_MDS          |       1.128|     68|       0.017|       0.024|
slv : | create_Gr_operators_portrait_MDS |       0.351|     68|       0.005|       0.008|
slv : | init_Hy_group_MDS                |       0.630|     68|       0.009|       0.013|
slv : | perform_stage_total              |      35.400|   1844|       0.019|       2.275|
slv : | precalc_at_start_MDS             |       1.593|      2|       0.796|       1.564|
slv : | solve_3M_MDS                     |       4.200|     68|       0.062|       0.080|
slv : | solve_3M_alg_MDS                 |       2.371|     68|       0.035|       0.052|
slv : | solve_BG_MDS                     |       2.445|     68|       0.036|       0.061|
slv : | solve_BG_alg_MDS                 |       1.950|     68|       0.029|       0.055|
slv : | solve_BL_MDS                     |       6.570|     68|       0.097|       0.242|
slv : | solve_CHT                        |       2.430|     68|       0.036|       0.066|
slv : | solve_CHT_MDS                    |       2.026|     68|       0.030|       0.061|
slv : | solve_CHT_alg_MDS                |       1.135|     68|       0.017|       0.046|
slv : | solve_DvGr_MDS                   |       7.265|     68|       0.107|       0.207|
slv : | solve_DvGr_alg_MDS               |       4.029|     68|       0.059|       0.161|
slv : | solve_INPR_MDS                   |       0.000|      1|       0.000|       0.000|
slv : | solve_PS+QJ                      |       0.000|      0|       0.000|       0.000|
slv : | solve_YLMA_MDS                   |       0.001|     68|       0.000|       0.000|
slv : | solve_YNOx_MDS                   |       0.000|     68|       0.000|       0.000|
slv : | solve_YTd_MDS                    |       0.002|     68|       0.000|       0.000|
slv : | solve_YTurb_MDS                  |       9.164|     68|       0.135|       0.187|
slv : | solve_YTurb_alg_MDS              |       4.884|    136|       0.036|       0.060|
slv : | update_BC_MDS                    |       0.000|     69|       0.000|       0.000|
slv : | update_Mf_after_DvGr             |       0.605|     68|       0.009|       0.015|
slv : | update_VelPressure_MDS           |       0.199|     68|       0.003|       0.005|
slv : +----------------------------------+------------+-------+------------+------------+
-----------------------------------------------------------------------
Memory Working Set Current = 386.87 Mb, Memory Working Set Peak = 386.93 Mb
Memory Private Bytes Current = 389.54 Mb, Memory Private Bytes Peak = 414.09 Mb
Process Threads Number: 32
-----------------------------------------------------------------------
Algebra Pool      : mem_usage = 205.31 Mb, allocated count = 2290

================== Tstep=68 ===================
nslice = 0; reset pressure calculator:  Rho_ref_grav_new = 1.33105
nslice = 0  P_ref = 101325
nslice = 0  Rho_ref_grav_old = 1.33105, Rho_ref_grav_new = 1.33105
 fluid-flow view[  0]: rho_ref_grav_averaged_in_view = 1.3310488246694       
<Dynamic P> on nsd = 0 {openings (inlet / outlet)}:
  (SP = Static Pressure, EP = Environment Pressure, TP = Total Pressure, E = External)
  {#1, SP, (0.000000e+00 / 7.301569e+01)}
  MWS[  0]=0.431974
tau_viscous_averaged = 0.00420931 
dt(mass,momentum; nsd=  0): min dt/dtG(ncv=  46178)=1.00 , max dt/dtG(ncv=   2282)=25.6   , dtG=0.00016949
Flow alg-view 0 in phys-view 0 isn't Neumann (not Multi Phase treating)
Face Momentum (sd=  0): max value of div(mf) (cv=22306) = 1.645357e-10
Flow alg-view 0 is not Neumann (not for Phase Change + Nested Iters)
+----+----+--------------+--------------+--------------+--------------+--------------+------+----+-+-+--+------+
|Name|view| Initial res  | Initial resL1| Target res   | Final res    | Final res L1 |Visits|Iter|R|F|CL|Status|
| BG |   0|  3.375071e-18|  1.909585e-07|  4.486494e-20|  2.965785e-20|  1.607801e-08|     7|  21|0|n|30|  OK  |
log10(resTarget_Lim / resTarget_Orig): 2.3 
Face Momentum (sd=  0): max value of div(mf) (cv=43935) = 1.375975e-11
	norm_L2 of div(momentum) = 1.722146e-10.
Flow alg-view 0 in phys-view 0 isn't Neumann (not Multi Phase treating)
LOG: number of a-faces with weighted approximations in 0 subdomain: 9.47064 percent
LOG: Rate of a-faces corrected to CUp1st in 0 subdomain: 1.24543 %
slv : SolveBL stage
|nsd|Real WF|NormalF|Cycle F|CriticF| EdgeF |CyclBrF|ExtParF|RWFnumSt|StLvlNum|  nfw  |  alp_U_min  |  nfw  |  alp_U_max  |  nfw  |  alp_T_min  |  nfw  |  alp_T_max  |  nfw  |  BL_s_min   |  nfw  |   BL_s_max  |
|  0|  12896|  12822|      0|      2|     72|      0|      0|   12896|     122|   2053|0            |   4725|61429.6      |   1310|0            |   7220|29569.6      |   7470|-12.7867     |   1310|0            |
Face Momentum (sd=  0): max value of div(mf) (cv=43935) = 1.375975e-11
	norm_L2 of div(momentum) = 1.722146e-10.
slv : 3m: nsd = 0 
slv :  3m: ROTATION = NO 
slv :  3m: gravity_vector     = {	 0 	 -9.81 	 0	 }  
slv :  3m: gravity_vector_LCS = {	 0 	 -9.81 	 0	 }  
slv :  +----+----+----+--------------+--------------+--------------+--------------+--------------+------+----+-+-+--+------+
|Name|view| n_y| Initial res  | Initial resL1| Target res   | Final res    | Final res L1 |Visits|Iter|R|F|CL|Status|
+----+----+----+--------------+--------------+--------------+--------------+--------------+------+----+-+-+--+------+
| 3M |   0|   0|  1.148002e-12|  9.382830e-05|  9.819644e-17|  8.037841e-19|  4.113548e-08|     2|   6|0|n|29|  OK  |
Velocity (predicted):
        (local) sd   0: min(  15955)=0.00066157113909876  , max(  46180)=12.223004872061      
Flow alg-view 0 is not Neumann (not for Phase Change + Nested Iters)
+----+----+--------------+--------------+--------------+--------------+--------------+------+----+-+-+--+------+
|Name|view| Initial res  | Initial resL1| Target res   | Final res    | Final res L1 |Visits|Iter|R|F|CL|Status|
|DVGR|   0|  6.104736e-14|  1.560507e-05|  3.815460e-18|  3.541819e-18|  1.907188e-07|     3|   9|0|n|30|  OK  |
PRESSURE SOLVER(geom_index=  0): sum_C_dp=5.27907e-14
Face Momentum (sd=  0): max value of div(mf) (cv=14315) = 1.969682e-10
	norm_L2 of div(momentum) = 1.881972e-09.
nsd = 0 min_dtHy = 0.000169498 (nCV =	46200 ) max_dtHy = 0.00434862 (nCV =	2282 ) 
+----+----+--------------+--------------+--------------+--------------+--------------+------+----+-+-+--+------+
|Name|view| Initial res  | Initial resL1| Target res   | Final res    | Final res L1 |Visits|Iter|R|F|CL|Status|
|CHT |   0|  1.674138e-13|  2.034473e-05|  1.046336e-17|  1.546578e-20|  7.409759e-09|     2|  18|0|n|30|  OK  |
nsd = 0 min_dtke = 3.2912e-05 (nCV =	23582 ) max_dtke = 0.00157306 (nCV =	26792 ) 
+----+----+----+--------------+--------------+--------------+--------------+--------------+------+----+-+-+--+------+
|Name|view| n_y| Initial res  | Initial resL1| Target res   | Final res    | Final res L1 |Visits|Iter|R|F|CL|Status|
+----+----+----+--------------+--------------+--------------+--------------+--------------+------+----+-+-+--+------+
|turb|   0|   0|  1.548126e-11|  4.635722e-05|  6.096845e-21|  2.884900e-21|  2.115912e-09|     4|  24|0|n|30|  OK  |
|turb|   0|   1|  4.043618e-04|  1.373529e-01|  1.341164e-15|  8.300980e-17|  4.638269e-07|     4|  24|0|n|30|  OK  |
Filter: K,E,momentum: sd =   0 isolating K from zero=    138 E from zero=  23486 E from infinity=  21741
slv : Fluid subdom(new) 0
slv : P static (new)                 : min(  45443) = 101324.99954769      , max(   8670) = 101427.54246888      
slv : P_static - Rho*g*h (new)       : min(  45443) = 101324.96793754      , max(   8670) = 101427.5606745       
slv : Density (new)                  : min(  45005) = 1.330086731322       , max(   8670) = 1.3313576303434      
slv : Velocity (new)                 : min(  17122) = 0.00074413430493552  , max(  46180) = 12.222015824793      
slv : Mach number (new)              : min(  17122) = 2.2828570083419e-06  , max(  46180) = 0.037499253894822    
slv : Turbulent k (new)              : min(   1694) = 1e-40                , max(  23590) = 3.1775303887855      
slv : Turbulent e (new)              : min(   7640) = 2.9576984124234e-40  , max(  23590) = 14953.155825326      
slv : Temperature (new)              : min(  47154) = 293.12796731881      , max(  22063) = 293.21155772861      
slv : Total enthalpy, Y-shifted (new): min(  38795) = -15.460494037612     , max(   7576) = 12.320225267643      
slv : MASS FLUXES AT OPENINGS: MF=-0.00026089, AP=0.000260887
slv : DvGr statistics: min alpha=0.11281(nfa=88066, geom_slice=0)
slv : +----------------------------------+------------+-------+------------+------------+
slv : |          Collector name          | Total Time | Count |  Avg Time  |  Max Time  |
slv : +----------------------------------+------------+-------+------------+------------+
slv : | Calculate_inc                    |      38.806|     68|       0.571|       0.799|
slv : | CollectEMT_Results               |       0.000|     69|       0.000|       0.000|
slv : | HeatPathCalculator_Dynamic       |       0.017|      1|       0.017|       0.017|
slv : | LiSy_make_portrait               |       0.803|    298|       0.003|       0.016|
slv : | Results_processing               |       5.016|     68|       0.074|       0.092|
slv : | build_sl_ordering_CHT            |       0.016|     69|       0.000|       0.005|
slv : | build_sl_ordering_MDS            |       0.101|     69|       0.001|       0.014|
slv : | build_sl_ordering_fluid          |       0.098|     69|       0.001|       0.014|
slv : | calc_Convolutions_MDS            |       1.189|     69|       0.017|       0.021|
slv : | calc_wall_dist                   |       2.275|      1|       2.275|       2.275|
slv : | create_Gr_operators_MDS          |       1.143|     69|       0.017|       0.024|
slv : | create_Gr_operators_portrait_MDS |       0.356|     69|       0.005|       0.008|
slv : | init_Hy_group_MDS                |       0.639|     69|       0.009|       0.013|
slv : | perform_stage_total              |      35.866|   1871|       0.019|       2.275|
slv : | precalc_at_start_MDS             |       1.593|      2|       0.796|       1.564|
slv : | solve_3M_MDS                     |       4.259|     69|       0.062|       0.080|
slv : | solve_3M_alg_MDS                 |       2.405|     69|       0.035|       0.052|
slv : | solve_BG_MDS                     |       2.477|     69|       0.036|       0.061|
slv : | solve_BG_alg_MDS                 |       1.976|     69|       0.029|       0.055|
slv : | solve_BL_MDS                     |       6.662|     69|       0.097|       0.242|
slv : | solve_CHT                        |       2.468|     69|       0.036|       0.066|
slv : | solve_CHT_MDS                    |       2.059|     69|       0.030|       0.061|
slv : | solve_CHT_alg_MDS                |       1.157|     69|       0.017|       0.046|
slv : | solve_DvGr_MDS                   |       7.347|     69|       0.106|       0.207|
slv : | solve_DvGr_alg_MDS               |       4.066|     69|       0.059|       0.161|
slv : | solve_INPR_MDS                   |       0.000|      1|       0.000|       0.000|
slv : | solve_PS+QJ                      |       0.000|      0|       0.000|       0.000|
slv : | solve_YLMA_MDS                   |       0.001|     69|       0.000|       0.000|
slv : | solve_YNOx_MDS                   |       0.000|     69|       0.000|       0.000|
slv : | solve_YTd_MDS                    |       0.002|     69|       0.000|       0.000|
slv : | solve_YTurb_MDS                  |       9.317|     69|       0.135|       0.187|
slv : | solve_YTurb_alg_MDS              |       4.976|    138|       0.036|       0.060|
slv : | update_BC_MDS                    |       0.000|     70|       0.000|       0.000|
slv : | update_Mf_after_DvGr             |       0.613|     69|       0.009|       0.015|
slv : | update_VelPressure_MDS           |       0.202|     69|       0.003|       0.005|
slv : +----------------------------------+------------+-------+------------+------------+
-----------------------------------------------------------------------
Memory Working Set Current = 386.94 Mb, Memory Working Set Peak = 386.94 Mb
Memory Private Bytes Current = 414.09 Mb, Memory Private Bytes Peak = 414.09 Mb
Process Threads Number: 32
-----------------------------------------------------------------------
Algebra Pool      : mem_usage = 205.31 Mb, allocated count = 2290

================== Tstep=69 ===================
nslice = 0; reset pressure calculator:  Rho_ref_grav_new = 1.33105
nslice = 0  P_ref = 101325
nslice = 0  Rho_ref_grav_old = 1.33105, Rho_ref_grav_new = 1.33105
 fluid-flow view[  0]: rho_ref_grav_averaged_in_view = 1.3310493070486       
<Dynamic P> on nsd = 0 {openings (inlet / outlet)}:
  (SP = Static Pressure, EP = Environment Pressure, TP = Total Pressure, E = External)
  {#1, SP, (0.000000e+00 / 7.303134e+01)}
  MWS[  0]=0.432118
tau_viscous_averaged = 0.00421733 
dt(mass,momentum; nsd=  0): min dt/dtG(ncv=  46078)=1.00 , max dt/dtG(ncv=   2282)=25.6   , dtG=0.000169435
Flow alg-view 0 in phys-view 0 isn't Neumann (not Multi Phase treating)
Face Momentum (sd=  0): max value of div(mf) (cv=14315) = 1.969682e-10
Flow alg-view 0 is not Neumann (not for Phase Change + Nested Iters)
+----+----+--------------+--------------+--------------+--------------+--------------+------+----+-+-+--+------+
|Name|view| Initial res  | Initial resL1| Target res   | Final res    | Final res L1 |Visits|Iter|R|F|CL|Status|
| BG |   0|  3.544993e-18|  1.914927e-07|  3.815460e-20|  2.357168e-20|  1.388810e-08|     7|  21|0|n|30|  OK  |
log10(resTarget_Lim / resTarget_Orig): 2.2 
Face Momentum (sd=  0): max value of div(mf) (cv=43935) = 1.221796e-11
	norm_L2 of div(momentum) = 1.535307e-10.
Flow alg-view 0 in phys-view 0 isn't Neumann (not Multi Phase treating)
LOG: number of a-faces with weighted approximations in 0 subdomain: 9.49059 percent
LOG: Rate of a-faces corrected to CUp1st in 0 subdomain: 1.2339 %
slv : SolveBL stage
|nsd|Real WF|NormalF|Cycle F|CriticF| EdgeF |CyclBrF|ExtParF|RWFnumSt|StLvlNum|  nfw  |  alp_U_min  |  nfw  |  alp_U_max  |  nfw  |  alp_T_min  |  nfw  |  alp_T_max  |  nfw  |  BL_s_min   |  nfw  |   BL_s_max  |
|  0|  12896|  12822|      0|      2|     72|      0|      0|   12896|     122|   2053|0            |   5716|35143.6      |   1310|0            |   7943|36154.2      |   7470|-12.7885     |   1310|0            |
Face Momentum (sd=  0): max value of div(mf) (cv=43935) = 1.221796e-11
	norm_L2 of div(momentum) = 1.535307e-10.
slv : 3m: nsd = 0 
slv :  3m: ROTATION = NO 
slv :  3m: gravity_vector     = {	 0 	 -9.81 	 0	 }  
slv :  3m: gravity_vector_LCS = {	 0 	 -9.81 	 0	 }  
slv :  +----+----+----+--------------+--------------+--------------+--------------+--------------+------+----+-+-+--+------+
|Name|view| n_y| Initial res  | Initial resL1| Target res   | Final res    | Final res L1 |Visits|Iter|R|F|CL|Status|
+----+----+----+--------------+--------------+--------------+--------------+--------------+------+----+-+-+--+------+
| 3M |   0|   0|  8.315036e-13|  8.861096e-05|  9.824364e-17|  2.046516e-18|  7.775491e-08|     2|   6|0|n|29|  OK  |
Velocity (predicted):
        (local) sd   0: min(  17122)=0.0004839705883591   , max(  46180)=12.227348147275      
Flow alg-view 0 is not Neumann (not for Phase Change + Nested Iters)
+----+----+--------------+--------------+--------------+--------------+--------------+------+----+-+-+--+------+
|Name|view| Initial res  | Initial resL1| Target res   | Final res    | Final res L1 |Visits|Iter|R|F|CL|Status|
|DVGR|   0|  6.763109e-14|  1.531742e-05|  4.226943e-18|  3.035411e-18|  1.831886e-07|     3|   9|0|n|30|  OK  |
PRESSURE SOLVER(geom_index=  0): sum_C_dp=5.56701e-14
Face Momentum (sd=  0): max value of div(mf) (cv=22306) = 1.893069e-10
	norm_L2 of div(momentum) = 1.742243e-09.
nsd = 0 min_dtHy = 0.000169442 (nCV =	46200 ) max_dtHy = 0.00434602 (nCV =	2282 ) 
+----+----+--------------+--------------+--------------+--------------+--------------+------+----+-+-+--+------+
|Name|view| Initial res  | Initial resL1| Target res   | Final res    | Final res L1 |Visits|Iter|R|F|CL|Status|
|CHT |   0|  1.624922e-13|  1.938502e-05|  1.015576e-17|  1.377970e-20|  7.110739e-09|     2|  18|0|n|30|  OK  |
nsd = 0 min_dtke = 3.27744e-05 (nCV =	23582 ) max_dtke = 0.00157296 (nCV =	26792 ) 
+----+----+----+--------------+--------------+--------------+--------------+--------------+------+----+-+-+--+------+
|Name|view| n_y| Initial res  | Initial resL1| Target res   | Final res    | Final res L1 |Visits|Iter|R|F|CL|Status|
+----+----+----+--------------+--------------+--------------+--------------+--------------+------+----+-+-+--+------+
|turb|   0|   0|  1.556553e-11|  4.621080e-05|  6.103198e-21|  1.638397e-21|  1.632007e-09|     4|  24|0|n|30|  OK  |
|turb|   0|   1|  4.075625e-04|  1.376650e-01|  1.343581e-15|  1.235177e-15|  2.106139e-06|     3|  18|0|n|30|  OK  |
Filter: K,E,momentum: sd =   0 isolating K from zero=    128 E from zero=  23495 E from infinity=  21670
slv : Fluid subdom(new) 0
slv : P static (new)                 : min(  45443) = 101324.99833753      , max(   8670) = 101427.59064147      
slv : P_static - Rho*g*h (new)       : min(  45443) = 101324.96672738      , max(   8670) = 101427.6088471       
slv : Density (new)                  : min(  45005) = 1.3300868863133      , max(   8670) = 1.3313582623129      
slv : Velocity (new)                 : min(  17122) = 0.00088441385479797  , max(  46180) = 12.22577480488       
slv : Mach number (new)              : min(  17122) = 2.7132069500319e-06  , max(  46180) = 0.037510789139951    
slv : Turbulent k (new)              : min(   1701) = 1e-40                , max(  23590) = 3.1947965881277      
slv : Turbulent e (new)              : min(   7592) = 2.7773157485987e-40  , max(  23590) = 15047.106449544      
slv : Temperature (new)              : min(  47154) = 293.12793268684      , max(  22063) = 293.21156163828      
slv : Total enthalpy, Y-shifted (new): min(  38795) = -15.503506317241     , max(   7576) = 12.320222720178      
slv : MASS FLUXES AT OPENINGS: MF=-0.000260889, AP=0.000260886
slv : DvGr statistics: min alpha=0.112804(nfa=88066, geom_slice=0)
slv : +----------------------------------+------------+-------+------------+------------+
slv : |          Collector name          | Total Time | Count |  Avg Time  |  Max Time  |
slv : +----------------------------------+------------+-------+------------+------------+
slv : | Calculate_inc                    |      39.355|     69|       0.570|       0.799|
slv : | CollectEMT_Results               |       0.000|     70|       0.000|       0.000|
slv : | HeatPathCalculator_Dynamic       |       0.017|      1|       0.017|       0.017|
slv : | LiSy_make_portrait               |       0.814|    302|       0.003|       0.016|
slv : | Results_processing               |       5.079|     69|       0.074|       0.092|
slv : | build_sl_ordering_CHT            |       0.016|     70|       0.000|       0.005|
slv : | build_sl_ordering_MDS            |       0.101|     70|       0.001|       0.014|
slv : | build_sl_ordering_fluid          |       0.099|     70|       0.001|       0.014|
slv : | calc_Convolutions_MDS            |       1.205|     70|       0.017|       0.021|
slv : | calc_wall_dist                   |       2.275|      1|       2.275|       2.275|
slv : | create_Gr_operators_MDS          |       1.158|     70|       0.017|       0.024|
slv : | create_Gr_operators_portrait_MDS |       0.360|     70|       0.005|       0.008|
slv : | init_Hy_group_MDS                |       0.648|     70|       0.009|       0.013|
slv : | perform_stage_total              |      36.306|   1898|       0.019|       2.275|
slv : | precalc_at_start_MDS             |       1.593|      2|       0.796|       1.564|
slv : | solve_3M_MDS                     |       4.304|     70|       0.061|       0.080|
slv : | solve_3M_alg_MDS                 |       2.426|     70|       0.035|       0.052|
slv : | solve_BG_MDS                     |       2.510|     70|       0.036|       0.061|
slv : | solve_BG_alg_MDS                 |       2.001|     70|       0.029|       0.055|
slv : | solve_BL_MDS                     |       6.754|     70|       0.096|       0.242|
slv : | solve_CHT                        |       2.507|     70|       0.036|       0.066|
slv : | solve_CHT_MDS                    |       2.092|     70|       0.030|       0.061|
slv : | solve_CHT_alg_MDS                |       1.179|     70|       0.017|       0.046|
slv : | solve_DvGr_MDS                   |       7.433|     70|       0.106|       0.207|
slv : | solve_DvGr_alg_MDS               |       4.104|     70|       0.059|       0.161|
slv : | solve_INPR_MDS                   |       0.000|      1|       0.000|       0.000|
slv : | solve_PS+QJ                      |       0.000|      0|       0.000|       0.000|
slv : | solve_YLMA_MDS                   |       0.001|     70|       0.000|       0.000|
slv : | solve_YNOx_MDS                   |       0.000|     70|       0.000|       0.000|
slv : | solve_YTd_MDS                    |       0.002|     70|       0.000|       0.000|
slv : | solve_YTurb_MDS                  |       9.455|     70|       0.135|       0.187|
slv : | solve_YTurb_alg_MDS              |       5.055|    140|       0.036|       0.060|
slv : | update_BC_MDS                    |       0.000|     71|       0.000|       0.000|
slv : | update_Mf_after_DvGr             |       0.621|     70|       0.009|       0.015|
slv : | update_VelPressure_MDS           |       0.205|     70|       0.003|       0.005|
slv : +----------------------------------+------------+-------+------------+------------+
Interpolator cache: total calls 66678, optimised calls 26007 (39.0 %)
-----------------------------------------------------------------------
Memory Working Set Current = 386.90 Mb, Memory Working Set Peak = 386.94 Mb
Memory Private Bytes Current = 414.09 Mb, Memory Private Bytes Peak = 414.09 Mb
Process Threads Number: 32
-----------------------------------------------------------------------
Iteration : time = 3.13628 , count = 5 , time/count = 0.627256
Calculate_inc() : time = 2.76016 , count = 5 , time/count = 0.552032
TreatFlowEvolution() : time = 0.358838 , count = 5 , time/count = 0.0717676
SolverPreview : time = 0 , count = 5 , time/count = 0
TreatGoals : time = 0.349904 , count = 5 , time/count = 0.0699808
Algebra Pool      : mem_usage = 205.31 Mb, allocated count = 2291

================== Tstep=70 ===================
nslice = 0; reset pressure calculator:  Rho_ref_grav_new = 1.33105
nslice = 0  P_ref = 101325
nslice = 0  Rho_ref_grav_old = 1.33105, Rho_ref_grav_new = 1.33105
 fluid-flow view[  0]: rho_ref_grav_averaged_in_view = 1.3310498244356       
<Dynamic P> on nsd = 0 {openings (inlet / outlet)}:
  (SP = Static Pressure, EP = Environment Pressure, TP = Total Pressure, E = External)
  {#1, SP, (0.000000e+00 / 7.304558e+01)}
  MWS[  0]=0.432251
tau_viscous_averaged = 0.00422328 
dt(mass,momentum; nsd=  0): min dt/dtG(ncv=  46078)=1.00 , max dt/dtG(ncv=   2282)=25.6   , dtG=0.000169384
Flow alg-view 0 in phys-view 0 isn't Neumann (not Multi Phase treating)
Face Momentum (sd=  0): max value of div(mf) (cv=22306) = 1.893069e-10
Flow alg-view 0 is not Neumann (not for Phase Change + Nested Iters)
+----+----+--------------+--------------+--------------+--------------+--------------+------+----+-+-+--+------+
|Name|view| Initial res  | Initial resL1| Target res   | Final res    | Final res L1 |Visits|Iter|R|F|CL|Status|
| BG |   0|  3.038384e-18|  1.839308e-07|  4.226943e-20|  2.474979e-20|  1.357404e-08|     7|  21|0|n|30|  OK  |
log10(resTarget_Lim / resTarget_Orig): 2.3 
Face Momentum (sd=  0): max value of div(mf) (cv=43935) = 1.281559e-11
	norm_L2 of div(momentum) = 1.573207e-10.
Flow alg-view 0 in phys-view 0 isn't Neumann (not Multi Phase treating)
LOG: number of a-faces with weighted approximations in 0 subdomain: 9.42504 percent
LOG: Rate of a-faces corrected to CUp1st in 0 subdomain: 1.23798 %
slv : SolveBL stage
|nsd|Real WF|NormalF|Cycle F|CriticF| EdgeF |CyclBrF|ExtParF|RWFnumSt|StLvlNum|  nfw  |  alp_U_min  |  nfw  |  alp_U_max  |  nfw  |  alp_T_min  |  nfw  |  alp_T_max  |  nfw  |  BL_s_min   |  nfw  |   BL_s_max  |
|  0|  12896|  12822|      0|      2|     72|      0|      0|   12896|     122|   2053|0            |   5716|51682.8      |   1310|0            |   7220|138332       |   7470|-12.7702     |   1310|0            |
Face Momentum (sd=  0): max value of div(mf) (cv=43935) = 1.281559e-11
	norm_L2 of div(momentum) = 1.573207e-10.
slv : 3m: nsd = 0 
slv :  3m: ROTATION = NO 
slv :  3m: gravity_vector     = {	 0 	 -9.81 	 0	 }  
slv :  3m: gravity_vector_LCS = {	 0 	 -9.81 	 0	 }  
slv :  +----+----+----+--------------+--------------+--------------+--------------+--------------+------+----+-+-+--+------+
|Name|view| n_y| Initial res  | Initial resL1| Target res   | Final res    | Final res L1 |Visits|Iter|R|F|CL|Status|
+----+----+----+--------------+--------------+--------------+--------------+--------------+------+----+-+-+--+------+
| 3M |   0|   0|  1.179164e-12|  9.045990e-05|  9.828864e-17|  9.551968e-19|  4.380271e-08|     2|   6|0|n|29|  OK  |
Velocity (predicted):
        (local) sd   0: min(  15955)=0.00091002960918248  , max(  46180)=12.231585136404      
Flow alg-view 0 is not Neumann (not for Phase Change + Nested Iters)
+----+----+--------------+--------------+--------------+--------------+--------------+------+----+-+-+--+------+
|Name|view| Initial res  | Initial resL1| Target res   | Final res    | Final res L1 |Visits|Iter|R|F|CL|Status|
|DVGR|   0|  5.886421e-14|  1.491420e-05|  3.679013e-18|  8.403409e-19|  8.574942e-08|     4|  12|0|n|30|  OK  |
PRESSURE SOLVER(geom_index=  0): sum_C_dp=4.71217e-14
Face Momentum (sd=  0): max value of div(mf) (cv=14422) = 1.126468e-10
	norm_L2 of div(momentum) = 9.167011e-10.
nsd = 0 min_dtHy = 0.000169392 (nCV =	46200 ) max_dtHy = 0.00434582 (nCV =	2282 ) 
+----+----+--------------+--------------+--------------+--------------+--------------+------+----+-+-+--+------+
|Name|view| Initial res  | Initial resL1| Target res   | Final res    | Final res L1 |Visits|Iter|R|F|CL|Status|
|CHT |   0|  1.657831e-13|  1.913191e-05|  1.036145e-17|  1.205838e-20|  6.945153e-09|     2|  18|0|n|30|  OK  |
nsd = 0 min_dtke = 3.26462e-05 (nCV =	23582 ) max_dtke = 0.00157279 (nCV =	26792 ) 
+----+----+----+--------------+--------------+--------------+--------------+--------------+------+----+-+-+--+------+
|Name|view| n_y| Initial res  | Initial resL1| Target res   | Final res    | Final res L1 |Visits|Iter|R|F|CL|Status|
+----+----+----+--------------+--------------+--------------+--------------+--------------+------+----+-+-+--+------+
|turb|   0|   0|  1.552301e-11|  4.598489e-05|  6.108683e-21|  8.639038e-22|  1.206526e-09|     4|  24|0|n|30|  OK  |
|turb|   0|   1|  4.052592e-04|  1.373708e-01|  1.345761e-15|  9.096518e-16|  1.845774e-06|     3|  18|0|n|30|  OK  |
Filter: K,E,momentum: sd =   0 isolating K from zero=    125 E from zero=  23492 E from infinity=  21622
slv : Fluid subdom(new) 0
slv : P static (new)                 : min(  45443) = 101324.99059626      , max(   8670) = 101427.62839552      
slv : P_static - Rho*g*h (new)       : min(  45443) = 101324.95898609      , max(   8670) = 101427.64660115      
slv : Density (new)                  : min(  47374) = 1.3300872195228      , max(   8670) = 1.3313587583752      
slv : Velocity (new)                 : min(  15955) = 0.0011218061588817   , max(  46180) = 12.23041303747       
slv : Mach number (new)              : min(  15955) = 3.4414809245121e-06  , max(  46180) = 0.03752502299579     
slv : Turbulent k (new)              : min(   1703) = 1e-40                , max(  23590) = 3.2104234321298      
slv : Turbulent e (new)              : min(   7640) = 2.9576961006192e-40  , max(  23590) = 15132.401098855      
slv : Temperature (new)              : min(  47154) = 293.12789662274      , max(  22255) = 293.21156418504      
slv : Total enthalpy, Y-shifted (new): min(  38795) = -15.525904378016     , max(   7576) = 12.320221261746      
slv : MASS FLUXES AT OPENINGS: MF=-0.000260889, AP=0.000260888
slv : DvGr statistics: min alpha=0.11281(nfa=88066, geom_slice=0)
slv : +----------------------------------+------------+-------+------------+------------+
slv : |          Collector name          | Total Time | Count |  Avg Time  |  Max Time  |
slv : +----------------------------------+------------+-------+------------+------------+
slv : | Calculate_inc                    |      39.879|     70|       0.570|       0.799|
slv : | CollectEMT_Results               |       0.000|     71|       0.000|       0.000|
slv : | HeatPathCalculator_Dynamic       |       0.017|      1|       0.017|       0.017|
slv : | LiSy_make_portrait               |       0.824|    306|       0.003|       0.016|
slv : | Results_processing               |       5.158|     70|       0.074|       0.092|
slv : | build_sl_ordering_CHT            |       0.016|     71|       0.000|       0.005|
slv : | build_sl_ordering_MDS            |       0.101|     71|       0.001|       0.014|
slv : | build_sl_ordering_fluid          |       0.099|     71|       0.001|       0.014|
slv : | calc_Convolutions_MDS            |       1.221|     71|       0.017|       0.021|
slv : | calc_wall_dist                   |       2.275|      1|       2.275|       2.275|
slv : | create_Gr_operators_MDS          |       1.174|     71|       0.017|       0.024|
slv : | create_Gr_operators_portrait_MDS |       0.365|     71|       0.005|       0.008|
slv : | init_Hy_group_MDS                |       0.656|     71|       0.009|       0.013|
slv : | perform_stage_total              |      36.774|   1925|       0.019|       2.275|
slv : | precalc_at_start_MDS             |       1.593|      2|       0.796|       1.564|
slv : | solve_3M_MDS                     |       4.362|     71|       0.061|       0.080|
slv : | solve_3M_alg_MDS                 |       2.460|     71|       0.035|       0.052|
slv : | solve_BG_MDS                     |       2.543|     71|       0.036|       0.061|
slv : | solve_BG_alg_MDS                 |       2.027|     71|       0.029|       0.055|
slv : | solve_BL_MDS                     |       6.846|     71|       0.096|       0.242|
slv : | solve_CHT                        |       2.551|     71|       0.036|       0.066|
slv : | solve_CHT_MDS                    |       2.131|     71|       0.030|       0.061|
slv : | solve_CHT_alg_MDS                |       1.203|     71|       0.017|       0.046|
slv : | solve_DvGr_MDS                   |       7.522|     71|       0.106|       0.207|
slv : | solve_DvGr_alg_MDS               |       4.149|     71|       0.058|       0.161|
slv : | solve_INPR_MDS                   |       0.000|      1|       0.000|       0.000|
slv : | solve_PS+QJ                      |       0.000|      0|       0.000|       0.000|
slv : | solve_YLMA_MDS                   |       0.001|     71|       0.000|       0.000|
slv : | solve_YNOx_MDS                   |       0.000|     71|       0.000|       0.000|
slv : | solve_YTd_MDS                    |       0.002|     71|       0.000|       0.000|
slv : | solve_YTurb_MDS                  |       9.604|     71|       0.135|       0.187|
slv : | solve_YTurb_alg_MDS              |       5.138|    142|       0.036|       0.060|
slv : | update_BC_MDS                    |       0.000|     72|       0.000|       0.000|
slv : | update_Mf_after_DvGr             |       0.628|     71|       0.009|       0.015|
slv : | update_VelPressure_MDS           |       0.208|     71|       0.003|       0.005|
slv : +----------------------------------+------------+-------+------------+------------+
-----------------------------------------------------------------------
Memory Working Set Current = 386.88 Mb, Memory Working Set Peak = 386.94 Mb
Memory Private Bytes Current = 414.09 Mb, Memory Private Bytes Peak = 414.09 Mb
Process Threads Number: 32
-----------------------------------------------------------------------
Algebra Pool      : mem_usage = 205.31 Mb, allocated count = 2291

================== Tstep=71 ===================
nslice = 0; reset pressure calculator:  Rho_ref_grav_new = 1.33105
nslice = 0  P_ref = 101325
nslice = 0  Rho_ref_grav_old = 1.33105, Rho_ref_grav_new = 1.33105
 fluid-flow view[  0]: rho_ref_grav_averaged_in_view = 1.3310502391581       
<Dynamic P> on nsd = 0 {openings (inlet / outlet)}:
  (SP = Static Pressure, EP = Environment Pressure, TP = Total Pressure, E = External)
  {#1, SP, (0.000000e+00 / 7.306012e+01)}
  MWS[  0]=0.432415
tau_viscous_averaged = 0.00422754 
dt(mass,momentum; nsd=  0): min dt/dtG(ncv=  46078)=1.00 , max dt/dtG(ncv=   2282)=25.6   , dtG=0.000169334
Flow alg-view 0 in phys-view 0 isn't Neumann (not Multi Phase treating)
Face Momentum (sd=  0): max value of div(mf) (cv=14422) = 1.126468e-10
Flow alg-view 0 is not Neumann (not for Phase Change + Nested Iters)
+----+----+--------------+--------------+--------------+--------------+--------------+------+----+-+-+--+------+
|Name|view| Initial res  | Initial resL1| Target res   | Final res    | Final res L1 |Visits|Iter|R|F|CL|Status|
| BG |   0|  8.428073e-19|  8.646850e-08|  3.679013e-20|  1.809985e-20|  1.656962e-08|     6|  18|0|n|30|  OK  |
log10(resTarget_Lim / resTarget_Orig): 2.8 
Face Momentum (sd=  0): max value of div(mf) (cv=43936) = 1.043153e-11
	norm_L2 of div(momentum) = 1.345357e-10.
Flow alg-view 0 in phys-view 0 isn't Neumann (not Multi Phase treating)
LOG: number of a-faces with weighted approximations in 0 subdomain: 9.50342 percent
LOG: Rate of a-faces corrected to CUp1st in 0 subdomain: 1.23127 %
slv : SolveBL stage
|nsd|Real WF|NormalF|Cycle F|CriticF| EdgeF |CyclBrF|ExtParF|RWFnumSt|StLvlNum|  nfw  |  alp_U_min  |  nfw  |  alp_U_max  |  nfw  |  alp_T_min  |  nfw  |  alp_T_max  |  nfw  |  BL_s_min   |  nfw  |   BL_s_max  |
|  0|  12896|  12822|      0|      2|     72|      0|      0|   12896|     122|   2053|0            |  11072|47604.3      |   1310|0            |   5093|17400.6      |   7470|-12.7713     |   1310|0            |
Face Momentum (sd=  0): max value of div(mf) (cv=43936) = 1.043153e-11
	norm_L2 of div(momentum) = 1.345357e-10.
slv : 3m: nsd = 0 
slv :  3m: ROTATION = NO 
slv :  3m: gravity_vector     = {	 0 	 -9.81 	 0	 }  
slv :  3m: gravity_vector_LCS = {	 0 	 -9.81 	 0	 }  
slv :  +----+----+----+--------------+--------------+--------------+--------------+--------------+------+----+-+-+--+------+
|Name|view| n_y| Initial res  | Initial resL1| Target res   | Final res    | Final res L1 |Visits|Iter|R|F|CL|Status|
+----+----+----+--------------+--------------+--------------+--------------+--------------+------+----+-+-+--+------+
| 3M |   0|   0|  9.326721e-13|  8.830401e-05|  9.835329e-17|  4.685183e-19|  3.878314e-08|     2|   6|0|n|29|  OK  |
Velocity (predicted):
        (local) sd   0: min(  17122)=0.00050627212876609  , max(  46180)=12.235309281377      
Flow alg-view 0 is not Neumann (not for Phase Change + Nested Iters)
+----+----+--------------+--------------+--------------+--------------+--------------+------+----+-+-+--+------+
|Name|view| Initial res  | Initial resL1| Target res   | Final res    | Final res L1 |Visits|Iter|R|F|CL|Status|
|DVGR|   0|  6.728509e-14|  1.482379e-05|  4.205318e-18|  3.657799e-18|  1.785676e-07|     3|   9|0|n|30|  OK  |
PRESSURE SOLVER(geom_index=  0): sum_C_dp=4.12179e-14
Face Momentum (sd=  0): max value of div(mf) (cv=14315) = 2.482042e-10
	norm_L2 of div(momentum) = 1.912537e-09.
nsd = 0 min_dtHy = 0.000169342 (nCV =	46200 ) max_dtHy = 0.00434395 (nCV =	2282 ) 
+----+----+--------------+--------------+--------------+--------------+--------------+------+----+-+-+--+------+
|Name|view| Initial res  | Initial resL1| Target res   | Final res    | Final res L1 |Visits|Iter|R|F|CL|Status|
|CHT |   0|  1.617899e-13|  1.855532e-05|  1.011187e-17|  1.012651e-20|  6.213713e-09|     2|  18|0|n|30|  OK  |
nsd = 0 min_dtke = 3.2527e-05 (nCV =	23582 ) max_dtke = 0.00157267 (nCV =	26792 ) 
+----+----+----+--------------+--------------+--------------+--------------+--------------+------+----+-+-+--+------+
|Name|view| n_y| Initial res  | Initial resL1| Target res   | Final res    | Final res L1 |Visits|Iter|R|F|CL|Status|
+----+----+----+--------------+--------------+--------------+--------------+--------------+------+----+-+-+--+------+
|turb|   0|   0|  1.548733e-11|  4.567497e-05|  6.116876e-21|  4.348874e-22|  8.658688e-10|     4|  24|0|n|30|  OK  |
|turb|   0|   1|  4.064957e-04|  1.372866e-01|  1.348664e-15|  6.768608e-16|  1.575091e-06|     3|  18|0|n|30|  OK  |
Filter: K,E,momentum: sd =   0 isolating K from zero=    134 E from zero=  23501 E from infinity=  21599
slv : Fluid subdom(new) 0
slv : P static (new)                 : min(  45443) = 101324.98947245      , max(   8670) = 101427.66700457      
slv : P_static - Rho*g*h (new)       : min(  45443) = 101324.95786228      , max(   8670) = 101427.68521021      
slv : Density (new)                  : min(  47374) = 1.330087218822       , max(   8670) = 1.3313592651395      
slv : Velocity (new)                 : min(  17122) = 0.00088005333178955  , max(  46180) = 12.233226690178      
slv : Mach number (new)              : min(  17122) = 2.6998297220803e-06  , max(  46180) = 0.037533657335137    
slv : Turbulent k (new)              : min(   2671) = 1e-40                , max(  23590) = 3.2253042253439      
slv : Turbulent e (new)              : min(   7592) = 2.7773137781679e-40  , max(  23590) = 15213.612251116      
slv : Temperature (new)              : min(  47154) = 293.12786901616      , max(  22255) = 293.211557867        
slv : Total enthalpy, Y-shifted (new): min(  38795) = -15.562985636297     , max(   7576) = 12.320222779568      
slv : MASS FLUXES AT OPENINGS: MF=-0.000260888, AP=0.000260886
slv : DvGr statistics: min alpha=0.112804(nfa=88066, geom_slice=0)
slv : +----------------------------------+------------+-------+------------+------------+
slv : |          Collector name          | Total Time | Count |  Avg Time  |  Max Time  |
slv : +----------------------------------+------------+-------+------------+------------+
slv : | Calculate_inc                    |      40.436|     71|       0.570|       0.799|
slv : | CollectEMT_Results               |       0.000|     72|       0.000|       0.000|
slv : | HeatPathCalculator_Dynamic       |       0.017|      1|       0.017|       0.017|
slv : | LiSy_make_portrait               |       0.834|    310|       0.003|       0.016|
slv : | Results_processing               |       5.219|     71|       0.074|       0.092|
slv : | build_sl_ordering_CHT            |       0.016|     72|       0.000|       0.005|
slv : | build_sl_ordering_MDS            |       0.101|     72|       0.001|       0.014|
slv : | build_sl_ordering_fluid          |       0.099|     72|       0.001|       0.014|
slv : | calc_Convolutions_MDS            |       1.241|     72|       0.017|       0.021|
slv : | calc_wall_dist                   |       2.275|      1|       2.275|       2.275|
slv : | create_Gr_operators_MDS          |       1.190|     72|       0.017|       0.024|
slv : | create_Gr_operators_portrait_MDS |       0.370|     72|       0.005|       0.008|
slv : | init_Hy_group_MDS                |       0.666|     72|       0.009|       0.013|
slv : | perform_stage_total              |      37.235|   1952|       0.019|       2.275|
slv : | precalc_at_start_MDS             |       1.593|      2|       0.796|       1.564|
slv : | solve_3M_MDS                     |       4.428|     72|       0.061|       0.080|
slv : | solve_3M_alg_MDS                 |       2.496|     72|       0.035|       0.052|
slv : | solve_BG_MDS                     |       2.574|     72|       0.036|       0.061|
slv : | solve_BG_alg_MDS                 |       2.050|     72|       0.028|       0.055|
slv : | solve_BL_MDS                     |       6.940|     72|       0.096|       0.242|
slv : | solve_CHT                        |       2.591|     72|       0.036|       0.066|
slv : | solve_CHT_MDS                    |       2.166|     72|       0.030|       0.061|
slv : | solve_CHT_alg_MDS                |       1.227|     72|       0.017|       0.046|
slv : | solve_DvGr_MDS                   |       7.605|     72|       0.106|       0.207|
slv : | solve_DvGr_alg_MDS               |       4.187|     72|       0.058|       0.161|
slv : | solve_INPR_MDS                   |       0.000|      1|       0.000|       0.000|
slv : | solve_PS+QJ                      |       0.000|      0|       0.000|       0.000|
slv : | solve_YLMA_MDS                   |       0.001|     72|       0.000|       0.000|
slv : | solve_YNOx_MDS                   |       0.000|     72|       0.000|       0.000|
slv : | solve_YTd_MDS                    |       0.002|     72|       0.000|       0.000|
slv : | solve_YTurb_MDS                  |       9.743|     72|       0.135|       0.187|
slv : | solve_YTurb_alg_MDS              |       5.220|    144|       0.036|       0.060|
slv : | update_BC_MDS                    |       0.000|     73|       0.000|       0.000|
slv : | update_Mf_after_DvGr             |       0.636|     72|       0.009|       0.015|
slv : | update_VelPressure_MDS           |       0.210|     72|       0.003|       0.005|
slv : +----------------------------------+------------+-------+------------+------------+
-----------------------------------------------------------------------
Memory Working Set Current = 386.93 Mb, Memory Working Set Peak = 386.94 Mb
Memory Private Bytes Current = 414.09 Mb, Memory Private Bytes Peak = 414.09 Mb
Process Threads Number: 32
-----------------------------------------------------------------------
Algebra Pool      : mem_usage = 205.31 Mb, allocated count = 2290

================== Tstep=72 ===================
nslice = 0; reset pressure calculator:  Rho_ref_grav_new = 1.33105
nslice = 0  P_ref = 101325
nslice = 0  Rho_ref_grav_old = 1.33105, Rho_ref_grav_new = 1.33105
 fluid-flow view[  0]: rho_ref_grav_averaged_in_view = 1.331050631406        
<Dynamic P> on nsd = 0 {openings (inlet / outlet)}:
  (SP = Static Pressure, EP = Environment Pressure, TP = Total Pressure, E = External)
  {#1, SP, (0.000000e+00 / 7.307242e+01)}
  MWS[  0]=0.432514
tau_viscous_averaged = 0.00423049 
dt(mass,momentum; nsd=  0): min dt/dtG(ncv=  46200)=1.00 , max dt/dtG(ncv=   2282)=25.6   , dtG=0.000169287
Flow alg-view 0 in phys-view 0 isn't Neumann (not Multi Phase treating)
Face Momentum (sd=  0): max value of div(mf) (cv=14315) = 2.482042e-10
Flow alg-view 0 is not Neumann (not for Phase Change + Nested Iters)
+----+----+--------------+--------------+--------------+--------------+--------------+------+----+-+-+--+------+
|Name|view| Initial res  | Initial resL1| Target res   | Final res    | Final res L1 |Visits|Iter|R|F|CL|Status|
| BG |   0|  3.660141e-18|  1.792118e-07|  4.205318e-20|  1.530134e-20|  1.143912e-08|     7|  21|0|n|30|  OK  |
log10(resTarget_Lim / resTarget_Orig): 2.3 
Face Momentum (sd=  0): max value of div(mf) (cv=43935) = 1.009934e-11
	norm_L2 of div(momentum) = 1.236986e-10.
Flow alg-view 0 in phys-view 0 isn't Neumann (not Multi Phase treating)
LOG: number of a-faces with weighted approximations in 0 subdomain: 9.45211 percent
LOG: Rate of a-faces corrected to CUp1st in 0 subdomain: 1.254 %
slv : SolveBL stage
|nsd|Real WF|NormalF|Cycle F|CriticF| EdgeF |CyclBrF|ExtParF|RWFnumSt|StLvlNum|  nfw  |  alp_U_min  |  nfw  |  alp_U_max  |  nfw  |  alp_T_min  |  nfw  |  alp_T_max  |  nfw  |  BL_s_min   |  nfw  |   BL_s_max  |
|  0|  12896|  12822|      0|      2|     72|      0|      0|   12896|     122|   2053|0            |   5716|75706.1      |   1310|0            |   5184|17258.3      |   7470|-12.7544     |   1310|0            |
Face Momentum (sd=  0): max value of div(mf) (cv=43935) = 1.009934e-11
	norm_L2 of div(momentum) = 1.236986e-10.
slv : 3m: nsd = 0 
slv :  3m: ROTATION = NO 
slv :  3m: gravity_vector     = {	 0 	 -9.81 	 0	 }  
slv :  3m: gravity_vector_LCS = {	 0 	 -9.81 	 0	 }  
slv :  +----+----+----+--------------+--------------+--------------+--------------+--------------+------+----+-+-+--+------+
|Name|view| n_y| Initial res  | Initial resL1| Target res   | Final res    | Final res L1 |Visits|Iter|R|F|CL|Status|
+----+----+----+--------------+--------------+--------------+--------------+--------------+------+----+-+-+--+------+
| 3M |   0|   0|  1.160998e-12|  8.831570e-05|  9.839069e-17|  7.902358e-19|  3.815427e-08|     2|   6|0|n|29|  OK  |
Velocity (predicted):
        (local) sd   0: min(  30978)=0.00054998790391267  , max(  46180)=12.23835902621       
Flow alg-view 0 is not Neumann (not for Phase Change + Nested Iters)
+----+----+--------------+--------------+--------------+--------------+--------------+------+----+-+-+--+------+
|Name|view| Initial res  | Initial resL1| Target res   | Final res    | Final res L1 |Visits|Iter|R|F|CL|Status|
|DVGR|   0|  5.956941e-14|  1.433216e-05|  3.723088e-18|  3.102056e-18|  1.743779e-07|     3|   9|0|n|30|  OK  |
PRESSURE SOLVER(geom_index=  0): sum_C_dp=3.45452e-14
Face Momentum (sd=  0): max value of div(mf) (cv=14463) = 1.477949e-10
	norm_L2 of div(momentum) = 1.761265e-09.
nsd = 0 min_dtHy = 0.000169295 (nCV =	46200 ) max_dtHy = 0.00434068 (nCV =	2282 ) 
+----+----+--------------+--------------+--------------+--------------+--------------+------+----+-+-+--+------+
|Name|view| Initial res  | Initial resL1| Target res   | Final res    | Final res L1 |Visits|Iter|R|F|CL|Status|
|CHT |   0|  1.690881e-13|  1.805864e-05|  1.056800e-17|  9.400583e-20|  2.199301e-08|     2|  18|0|n|30|  OK  |
nsd = 0 min_dtke = 3.24159e-05 (nCV =	23582 ) max_dtke = 0.00157251 (nCV =	26792 ) 
+----+----+----+--------------+--------------+--------------+--------------+--------------+------+----+-+-+--+------+
|Name|view| n_y| Initial res  | Initial resL1| Target res   | Final res    | Final res L1 |Visits|Iter|R|F|CL|Status|
+----+----+----+--------------+--------------+--------------+--------------+--------------+------+----+-+-+--+------+
|turb|   0|   0|  1.577377e-11|  4.563645e-05|  6.120673e-21|  4.232566e-21|  3.174183e-09|     3|  18|0|n|30|  OK  |
|turb|   0|   1|  4.133904e-04|  1.380897e-01|  1.350235e-15|  5.205693e-16|  1.381620e-06|     3|  18|0|n|30|  OK  |
Filter: K,E,momentum: sd =   0 isolating K from zero=    142 E from zero=  23511 E from infinity=  21588
slv : Fluid subdom(new) 0
slv : P static (new)                 : min(  45443) = 101324.98317218      , max(   8670) = 101427.69887689      
slv : P_static - Rho*g*h (new)       : min(  45443) = 101324.951562        , max(   8670) = 101427.71708253      
slv : Density (new)                  : min(  47374) = 1.3300871961791      , max(   8670) = 1.3313596838271      
slv : Velocity (new)                 : min(  30978) = 0.00043306768289796  , max(  46180) = 12.23678815041       
slv : Mach number (new)              : min(  30978) = 1.3285625329908e-06  , max(  46180) = 0.037544586929858    
slv : Turbulent k (new)              : min(   1694) = 1e-40                , max(  23590) = 3.2387126107443      
slv : Turbulent e (new)              : min(   7591) = 2.7067781726929e-40  , max(  23590) = 15287.037378299      
slv : Temperature (new)              : min(  47154) = 293.12784007747      , max(  22255) = 293.21154813111      
slv : Total enthalpy, Y-shifted (new): min(  38795) = -15.578294522049     , max(   7576) = 12.320219159993      
slv : MASS FLUXES AT OPENINGS: MF=-0.000260887, AP=0.000260885
slv : DvGr statistics: min alpha=0.112807(nfa=88066, geom_slice=0)
slv : +----------------------------------+------------+-------+------------+------------+
slv : |          Collector name          | Total Time | Count |  Avg Time  |  Max Time  |
slv : +----------------------------------+------------+-------+------------+------------+
slv : | Calculate_inc                    |      40.984|     72|       0.569|       0.799|
slv : | CollectEMT_Results               |       0.000|     73|       0.000|       0.000|
slv : | HeatPathCalculator_Dynamic       |       0.017|      1|       0.017|       0.017|
slv : | LiSy_make_portrait               |       0.845|    314|       0.003|       0.016|
slv : | Results_processing               |       5.300|     72|       0.074|       0.092|
slv : | build_sl_ordering_CHT            |       0.016|     73|       0.000|       0.005|
slv : | build_sl_ordering_MDS            |       0.102|     73|       0.001|       0.014|
slv : | build_sl_ordering_fluid          |       0.099|     73|       0.001|       0.014|
slv : | calc_Convolutions_MDS            |       1.258|     73|       0.017|       0.021|
slv : | calc_wall_dist                   |       2.275|      1|       2.275|       2.275|
slv : | create_Gr_operators_MDS          |       1.210|     73|       0.017|       0.024|
slv : | create_Gr_operators_portrait_MDS |       0.374|     73|       0.005|       0.008|
slv : | init_Hy_group_MDS                |       0.674|     73|       0.009|       0.013|
slv : | perform_stage_total              |      37.690|   1979|       0.019|       2.275|
slv : | precalc_at_start_MDS             |       1.593|      2|       0.796|       1.564|
slv : | solve_3M_MDS                     |       4.487|     73|       0.061|       0.080|
slv : | solve_3M_alg_MDS                 |       2.530|     73|       0.035|       0.052|
slv : | solve_BG_MDS                     |       2.608|     73|       0.036|       0.061|
slv : | solve_BG_alg_MDS                 |       2.076|     73|       0.028|       0.055|
slv : | solve_BL_MDS                     |       7.035|     73|       0.096|       0.242|
slv : | solve_CHT                        |       2.618|     73|       0.036|       0.066|
slv : | solve_CHT_MDS                    |       2.187|     73|       0.030|       0.061|
slv : | solve_CHT_alg_MDS                |       1.238|     73|       0.017|       0.046|
slv : | solve_DvGr_MDS                   |       7.687|     73|       0.105|       0.207|
slv : | solve_DvGr_alg_MDS               |       4.224|     73|       0.058|       0.161|
slv : | solve_INPR_MDS                   |       0.000|      1|       0.000|       0.000|
slv : | solve_PS+QJ                      |       0.000|      0|       0.000|       0.000|
slv : | solve_YLMA_MDS                   |       0.001|     73|       0.000|       0.000|
slv : | solve_YNOx_MDS                   |       0.000|     73|       0.000|       0.000|
slv : | solve_YTd_MDS                    |       0.002|     73|       0.000|       0.000|
slv : | solve_YTurb_MDS                  |       9.877|     73|       0.135|       0.187|
slv : | solve_YTurb_alg_MDS              |       5.295|    146|       0.036|       0.060|
slv : | update_BC_MDS                    |       0.000|     74|       0.000|       0.000|
slv : | update_Mf_after_DvGr             |       0.644|     73|       0.009|       0.015|
slv : | update_VelPressure_MDS           |       0.213|     73|       0.003|       0.005|
slv : +----------------------------------+------------+-------+------------+------------+
-----------------------------------------------------------------------
Memory Working Set Current = 386.98 Mb, Memory Working Set Peak = 386.98 Mb
Memory Private Bytes Current = 414.14 Mb, Memory Private Bytes Peak = 414.14 Mb
Process Threads Number: 32
-----------------------------------------------------------------------
Algebra Pool      : mem_usage = 205.31 Mb, allocated count = 2292

================== Tstep=73 ===================
nslice = 0; reset pressure calculator:  Rho_ref_grav_new = 1.33105
nslice = 0  P_ref = 101325
nslice = 0  Rho_ref_grav_old = 1.33105, Rho_ref_grav_new = 1.33105
 fluid-flow view[  0]: rho_ref_grav_averaged_in_view = 1.3310509484774       
<Dynamic P> on nsd = 0 {openings (inlet / outlet)}:
  (SP = Static Pressure, EP = Environment Pressure, TP = Total Pressure, E = External)
  {#1, SP, (0.000000e+00 / 7.308440e+01)}
  MWS[  0]=0.43264
tau_viscous_averaged = 0.00423199 
dt(mass,momentum; nsd=  0): min dt/dtG(ncv=  46064)=1.00 , max dt/dtG(ncv=   2282)=25.6   , dtG=0.000169242
Flow alg-view 0 in phys-view 0 isn't Neumann (not Multi Phase treating)
Face Momentum (sd=  0): max value of div(mf) (cv=14463) = 1.477949e-10
Flow alg-view 0 is not Neumann (not for Phase Change + Nested Iters)
+----+----+--------------+--------------+--------------+--------------+--------------+------+----+-+-+--+------+
|Name|view| Initial res  | Initial resL1| Target res   | Final res    | Final res L1 |Visits|Iter|R|F|CL|Status|
| BG |   0|  3.104051e-18|  1.749794e-07|  3.723088e-20|  1.259772e-20|  1.144881e-08|     7|  21|0|n|30|  OK  |
log10(resTarget_Lim / resTarget_Orig): 2.3 
Face Momentum (sd=  0): max value of div(mf) (cv=43935) = 9.101246e-12
	norm_L2 of div(momentum) = 1.122396e-10.
Flow alg-view 0 in phys-view 0 isn't Neumann (not Multi Phase treating)
LOG: number of a-faces with weighted approximations in 0 subdomain: 9.49487 percent
LOG: Rate of a-faces corrected to CUp1st in 0 subdomain: 1.23814 %
slv : SolveBL stage
|nsd|Real WF|NormalF|Cycle F|CriticF| EdgeF |CyclBrF|ExtParF|RWFnumSt|StLvlNum|  nfw  |  alp_U_min  |  nfw  |  alp_U_max  |  nfw  |  alp_T_min  |  nfw  |  alp_T_max  |  nfw  |  BL_s_min   |  nfw  |   BL_s_max  |
|  0|  12896|  12822|      0|      2|     72|      0|      0|   12896|     122|   2053|0            |   5752|39242.1      |   1310|0            |   5171|17172.5      |   7470|-12.757      |   1310|0            |
Face Momentum (sd=  0): max value of div(mf) (cv=43935) = 9.101246e-12
	norm_L2 of div(momentum) = 1.122396e-10.
slv : 3m: nsd = 0 
slv :  3m: ROTATION = NO 
slv :  3m: gravity_vector     = {	 0 	 -9.81 	 0	 }  
slv :  3m: gravity_vector_LCS = {	 0 	 -9.81 	 0	 }  
slv :  +----+----+----+--------------+--------------+--------------+--------------+--------------+------+----+-+-+--+------+
|Name|view| n_y| Initial res  | Initial resL1| Target res   | Final res    | Final res L1 |Visits|Iter|R|F|CL|Status|
+----+----+----+--------------+--------------+--------------+--------------+--------------+------+----+-+-+--+------+
| 3M |   0|   0|  8.694430e-13|  8.426110e-05|  9.844591e-17|  3.927293e-19|  3.556465e-08|     2|   6|0|n|29|  OK  |
Velocity (predicted):
        (local) sd   0: min(  30978)=0.00045035336295243  , max(  46180)=12.240905908403      
Flow alg-view 0 is not Neumann (not for Phase Change + Nested Iters)
+----+----+--------------+--------------+--------------+--------------+--------------+------+----+-+-+--+------+
|Name|view| Initial res  | Initial resL1| Target res   | Final res    | Final res L1 |Visits|Iter|R|F|CL|Status|
|DVGR|   0|  6.725687e-14|  1.412166e-05|  4.203555e-18|  3.640484e-18|  1.796401e-07|     3|   9|0|n|30|  OK  |
PRESSURE SOLVER(geom_index=  0): sum_C_dp=4.62501e-14
Face Momentum (sd=  0): max value of div(mf) (cv=22306) = 2.591465e-10
	norm_L2 of div(momentum) = 1.908005e-09.
nsd = 0 min_dtHy = 0.00016925 (nCV =	46214 ) max_dtHy = 0.00434187 (nCV =	2282 ) 
+----+----+--------------+--------------+--------------+--------------+--------------+------+----+-+-+--+------+
|Name|view| Initial res  | Initial resL1| Target res   | Final res    | Final res L1 |Visits|Iter|R|F|CL|Status|
|CHT |   0|  1.763482e-13|  1.766975e-05|  1.102176e-17|  9.774840e-20|  2.149935e-08|     2|  18|0|n|30|  OK  |
nsd = 0 min_dtke = 3.23128e-05 (nCV =	23582 ) max_dtke = 0.00157244 (nCV =	26792 ) 
+----+----+----+--------------+--------------+--------------+--------------+--------------+------+----+-+-+--+------+
|Name|view| n_y| Initial res  | Initial resL1| Target res   | Final res    | Final res L1 |Visits|Iter|R|F|CL|Status|
+----+----+----+--------------+--------------+--------------+--------------+--------------+------+----+-+-+--+------+
|turb|   0|   0|  1.542439e-11|  4.520993e-05|  6.127317e-21|  2.214154e-21|  2.370330e-09|     3|  18|0|n|30|  OK  |
|turb|   0|   1|  4.048681e-04|  1.367878e-01|  1.352505e-15|  3.752491e-16|  1.174328e-06|     3|  18|0|n|30|  OK  |
Filter: K,E,momentum: sd =   0 isolating K from zero=    142 E from zero=  23541 E from infinity=  21575
slv : Fluid subdom(new) 0
slv : P static (new)                 : min(  45443) = 101324.98551797      , max(   8670) = 101427.74399126      
slv : P_static - Rho*g*h (new)       : min(  45443) = 101324.95390778      , max(   8670) = 101427.76219691      
slv : Density (new)                  : min(  47374) = 1.3300871954847      , max(   8670) = 1.3313602757883      
slv : Velocity (new)                 : min(  30978) = 0.00042569587978054  , max(  46180) = 12.239774675691      
slv : Mach number (new)              : min(  30978) = 1.3059473572094e-06  , max(  46180) = 0.037553752162164    
slv : Turbulent k (new)              : min(   1701) = 1e-40                , max(  23590) = 3.2515456811265      
slv : Turbulent e (new)              : min(   7583) = 2.9055450954419e-40  , max(  23590) = 15357.276762289      
slv : Temperature (new)              : min(  47154) = 293.12781210006      , max(  22063) = 293.21155296914      
slv : Total enthalpy, Y-shifted (new): min(  38795) = -15.606504942441     , max(   7576) = 12.320217208254      
slv : MASS FLUXES AT OPENINGS: MF=-0.000260886, AP=0.000260884
slv : DvGr statistics: min alpha=0.112785(nfa=88066, geom_slice=0)
slv : +----------------------------------+------------+-------+------------+------------+
slv : |          Collector name          | Total Time | Count |  Avg Time  |  Max Time  |
slv : +----------------------------------+------------+-------+------------+------------+
slv : | Calculate_inc                    |      41.511|     73|       0.569|       0.799|
slv : | CollectEMT_Results               |       0.000|     74|       0.000|       0.000|
slv : | HeatPathCalculator_Dynamic       |       0.017|      1|       0.017|       0.017|
slv : | LiSy_make_portrait               |       0.855|    318|       0.003|       0.016|
slv : | Results_processing               |       5.379|     73|       0.074|       0.092|
slv : | build_sl_ordering_CHT            |       0.016|     74|       0.000|       0.005|
slv : | build_sl_ordering_MDS            |       0.102|     74|       0.001|       0.014|
slv : | build_sl_ordering_fluid          |       0.100|     74|       0.001|       0.014|
slv : | calc_Convolutions_MDS            |       1.274|     74|       0.017|       0.021|
slv : | calc_wall_dist                   |       2.275|      1|       2.275|       2.275|
slv : | create_Gr_operators_MDS          |       1.225|     74|       0.017|       0.024|
slv : | create_Gr_operators_portrait_MDS |       0.379|     74|       0.005|       0.008|
slv : | init_Hy_group_MDS                |       0.682|     74|       0.009|       0.013|
slv : | perform_stage_total              |      38.134|   2006|       0.019|       2.275|
slv : | precalc_at_start_MDS             |       1.593|      2|       0.796|       1.564|
slv : | solve_3M_MDS                     |       4.546|     74|       0.061|       0.080|
slv : | solve_3M_alg_MDS                 |       2.565|     74|       0.035|       0.052|
slv : | solve_BG_MDS                     |       2.641|     74|       0.036|       0.061|
slv : | solve_BG_alg_MDS                 |       2.102|     74|       0.028|       0.055|
slv : | solve_BL_MDS                     |       7.127|     74|       0.096|       0.242|
slv : | solve_CHT                        |       2.646|     74|       0.036|       0.066|
slv : | solve_CHT_MDS                    |       2.209|     74|       0.030|       0.061|
slv : | solve_CHT_alg_MDS                |       1.248|     74|       0.017|       0.046|
slv : | solve_DvGr_MDS                   |       7.770|     74|       0.105|       0.207|
slv : | solve_DvGr_alg_MDS               |       4.262|     74|       0.058|       0.161|
slv : | solve_INPR_MDS                   |       0.000|      1|       0.000|       0.000|
slv : | solve_PS+QJ                      |       0.000|      0|       0.000|       0.000|
slv : | solve_YLMA_MDS                   |       0.001|     74|       0.000|       0.000|
slv : | solve_YNOx_MDS                   |       0.000|     74|       0.000|       0.000|
slv : | solve_YTd_MDS                    |       0.002|     74|       0.000|       0.000|
slv : | solve_YTurb_MDS                  |      10.009|     74|       0.135|       0.187|
slv : | solve_YTurb_alg_MDS              |       5.369|    148|       0.036|       0.060|
slv : | update_BC_MDS                    |       0.000|     75|       0.000|       0.000|
slv : | update_Mf_after_DvGr             |       0.651|     74|       0.009|       0.015|
slv : | update_VelPressure_MDS           |       0.216|     74|       0.003|       0.005|
slv : +----------------------------------+------------+-------+------------+------------+
-----------------------------------------------------------------------
Memory Working Set Current = 386.99 Mb, Memory Working Set Peak = 386.99 Mb
Memory Private Bytes Current = 414.14 Mb, Memory Private Bytes Peak = 414.14 Mb
Process Threads Number: 32
-----------------------------------------------------------------------
Algebra Pool      : mem_usage = 205.31 Mb, allocated count = 2284

================== Tstep=74 ===================
nslice = 0; reset pressure calculator:  Rho_ref_grav_new = 1.33105
nslice = 0  P_ref = 101325
nslice = 0  Rho_ref_grav_old = 1.33105, Rho_ref_grav_new = 1.33105
 fluid-flow view[  0]: rho_ref_grav_averaged_in_view = 1.3310514034725       
<Dynamic P> on nsd = 0 {openings (inlet / outlet)}:
  (SP = Static Pressure, EP = Environment Pressure, TP = Total Pressure, E = External)
  {#1, SP, (0.000000e+00 / 7.309574e+01)}
  MWS[  0]=0.432746
tau_viscous_averaged = 0.00423213 
dt(mass,momentum; nsd=  0): min dt/dtG(ncv=  46078)=1.00 , max dt/dtG(ncv=   2282)=25.6   , dtG=0.000169198
Flow alg-view 0 in phys-view 0 isn't Neumann (not Multi Phase treating)
Face Momentum (sd=  0): max value of div(mf) (cv=22306) = 2.591465e-10
Flow alg-view 0 is not Neumann (not for Phase Change + Nested Iters)
+----+----+--------------+--------------+--------------+--------------+--------------+------+----+-+-+--+------+
|Name|view| Initial res  | Initial resL1| Target res   | Final res    | Final res L1 |Visits|Iter|R|F|CL|Status|
| BG |   0|  3.642394e-18|  1.802055e-07|  4.203555e-20|  1.597343e-20|  1.290105e-08|     7|  21|0|n|30|  OK  |
log10(resTarget_Lim / resTarget_Orig): 2.3 
Face Momentum (sd=  0): max value of div(mf) (cv=43935) = 1.012288e-11
	norm_L2 of div(momentum) = 1.263860e-10.
Flow alg-view 0 in phys-view 0 isn't Neumann (not Multi Phase treating)
LOG: number of a-faces with weighted approximations in 0 subdomain: 9.44926 percent
LOG: Rate of a-faces corrected to CUp1st in 0 subdomain: 1.24681 %
slv : SolveBL stage
|nsd|Real WF|NormalF|Cycle F|CriticF| EdgeF |CyclBrF|ExtParF|RWFnumSt|StLvlNum|  nfw  |  alp_U_min  |  nfw  |  alp_U_max  |  nfw  |  alp_T_min  |  nfw  |  alp_T_max  |  nfw  |  BL_s_min   |  nfw  |   BL_s_max  |
|  0|  12896|  12822|      0|      2|     72|      0|      0|   12896|     122|   2053|0            |   5716|58341.7      |   1310|0            |   7943|32368.3      |   7470|-12.7671     |   1310|0            |
Face Momentum (sd=  0): max value of div(mf) (cv=43935) = 1.012288e-11
	norm_L2 of div(momentum) = 1.263860e-10.
slv : 3m: nsd = 0 
slv :  3m: ROTATION = NO 
slv :  3m: gravity_vector     = {	 0 	 -9.81 	 0	 }  
slv :  3m: gravity_vector_LCS = {	 0 	 -9.81 	 0	 }  
slv :  +----+----+----+--------------+--------------+--------------+--------------+--------------+------+----+-+-+--+------+
|Name|view| n_y| Initial res  | Initial resL1| Target res   | Final res    | Final res L1 |Visits|Iter|R|F|CL|Status|
+----+----+----+--------------+--------------+--------------+--------------+--------------+------+----+-+-+--+------+
| 3M |   0|   0|  1.125634e-12|  8.545654e-05|  9.849402e-17|  9.251412e-19|  4.014665e-08|     2|   6|0|n|29|  OK  |
Velocity (predicted):
        (local) sd   0: min(  22076)=0.00082599499747039  , max(  46180)=12.24352571          
Flow alg-view 0 is not Neumann (not for Phase Change + Nested Iters)
+----+----+--------------+--------------+--------------+--------------+--------------+------+----+-+-+--+------+
|Name|view| Initial res  | Initial resL1| Target res   | Final res    | Final res L1 |Visits|Iter|R|F|CL|Status|
|DVGR|   0|  5.974265e-14|  1.387377e-05|  3.733915e-18|  3.485388e-18|  1.752277e-07|     3|   9|0|n|30|  OK  |
PRESSURE SOLVER(geom_index=  0): sum_C_dp=3.25292e-14
Face Momentum (sd=  0): max value of div(mf) (cv=14315) = 2.145207e-10
	norm_L2 of div(momentum) = 1.866919e-09.
nsd = 0 min_dtHy = 0.000169206 (nCV =	46178 ) max_dtHy = 0.00434147 (nCV =	2282 ) 
+----+----+--------------+--------------+--------------+--------------+--------------+------+----+-+-+--+------+
|Name|view| Initial res  | Initial resL1| Target res   | Final res    | Final res L1 |Visits|Iter|R|F|CL|Status|
|CHT |   0|  1.765768e-13|  1.735061e-05|  1.103605e-17|  8.926573e-20|  2.075305e-08|     2|  18|0|n|30|  OK  |
nsd = 0 min_dtke = 3.22162e-05 (nCV =	23582 ) max_dtke = 0.00157229 (nCV =	26792 ) 
+----+----+----+--------------+--------------+--------------+--------------+--------------+------+----+-+-+--+------+
|Name|view| n_y| Initial res  | Initial resL1| Target res   | Final res    | Final res L1 |Visits|Iter|R|F|CL|Status|
+----+----+----+--------------+--------------+--------------+--------------+--------------+------+----+-+-+--+------+
|turb|   0|   0|  1.570209e-11|  4.526944e-05|  6.132086e-21|  1.215852e-21|  1.928475e-09|     3|  18|0|n|30|  OK  |
|turb|   0|   1|  4.118176e-04|  1.376925e-01|  1.354272e-15|  3.086879e-16|  1.064636e-06|     3|  18|0|n|30|  OK  |
Filter: K,E,momentum: sd =   0 isolating K from zero=    158 E from zero=  23530 E from infinity=  21458
slv : Fluid subdom(new) 0
slv : P static (new)                 : min(  45443) = 101324.97985361      , max(   8670) = 101427.77662585      
slv : P_static - Rho*g*h (new)       : min(  45443) = 101324.9482434       , max(   8670) = 101427.7948315       
slv : Density (new)                  : min(  47374) = 1.3300871973017      , max(   8670) = 1.331360704133       
slv : Velocity (new)                 : min(  30978) = 0.001108409943496    , max(  46180) = 12.242382833376      
slv : Mach number (new)              : min(  30978) = 3.4003736082705e-06  , max(  46180) = 0.037561756315393    
slv : Turbulent k (new)              : min(   1698) = 1e-40                , max(  23590) = 3.2630193419407      
slv : Turbulent e (new)              : min(   7556) = 2.8383702779891e-40  , max(  23590) = 15420.343718996      
slv : Temperature (new)              : min(  47154) = 293.12778422633      , max(  22255) = 293.21156285252      
slv : Total enthalpy, Y-shifted (new): min(  38795) = -15.615997062852     , max(   7576) = 12.320216787858      
slv : MASS FLUXES AT OPENINGS: MF=-0.000260886, AP=0.000260884
slv : DvGr statistics: min alpha=0.112805(nfa=88066, geom_slice=0)
slv : +----------------------------------+------------+-------+------------+------------+
slv : |          Collector name          | Total Time | Count |  Avg Time  |  Max Time  |
slv : +----------------------------------+------------+-------+------------+------------+
slv : | Calculate_inc                    |      42.027|     74|       0.568|       0.799|
slv : | CollectEMT_Results               |       0.000|     75|       0.000|       0.000|
slv : | HeatPathCalculator_Dynamic       |       0.017|      1|       0.017|       0.017|
slv : | LiSy_make_portrait               |       0.865|    322|       0.003|       0.016|
slv : | Results_processing               |       5.463|     74|       0.074|       0.092|
slv : | build_sl_ordering_CHT            |       0.016|     75|       0.000|       0.005|
slv : | build_sl_ordering_MDS            |       0.102|     75|       0.001|       0.014|
slv : | build_sl_ordering_fluid          |       0.100|     75|       0.001|       0.014|
slv : | calc_Convolutions_MDS            |       1.290|     75|       0.017|       0.021|
slv : | calc_wall_dist                   |       2.275|      1|       2.275|       2.275|
slv : | create_Gr_operators_MDS          |       1.240|     75|       0.017|       0.024|
slv : | create_Gr_operators_portrait_MDS |       0.385|     75|       0.005|       0.008|
slv : | init_Hy_group_MDS                |       0.691|     75|       0.009|       0.013|
slv : | perform_stage_total              |      38.589|   2033|       0.019|       2.275|
slv : | precalc_at_start_MDS             |       1.593|      2|       0.796|       1.564|
slv : | solve_3M_MDS                     |       4.606|     75|       0.061|       0.080|
slv : | solve_3M_alg_MDS                 |       2.601|     75|       0.035|       0.052|
slv : | solve_BG_MDS                     |       2.673|     75|       0.036|       0.061|
slv : | solve_BG_alg_MDS                 |       2.128|     75|       0.028|       0.055|
slv : | solve_BL_MDS                     |       7.220|     75|       0.096|       0.242|
slv : | solve_CHT                        |       2.676|     75|       0.036|       0.066|
slv : | solve_CHT_MDS                    |       2.234|     75|       0.030|       0.061|
slv : | solve_CHT_alg_MDS                |       1.259|     75|       0.017|       0.046|
slv : | solve_DvGr_MDS                   |       7.853|     75|       0.105|       0.207|
slv : | solve_DvGr_alg_MDS               |       4.299|     75|       0.057|       0.161|
slv : | solve_INPR_MDS                   |       0.000|      1|       0.000|       0.000|
slv : | solve_PS+QJ                      |       0.000|      0|       0.000|       0.000|
slv : | solve_YLMA_MDS                   |       0.001|     75|       0.000|       0.000|
slv : | solve_YNOx_MDS                   |       0.000|     75|       0.000|       0.000|
slv : | solve_YTd_MDS                    |       0.002|     75|       0.000|       0.000|
slv : | solve_YTurb_MDS                  |      10.149|     75|       0.135|       0.187|
slv : | solve_YTurb_alg_MDS              |       5.445|    150|       0.036|       0.060|
slv : | update_BC_MDS                    |       0.000|     76|       0.000|       0.000|
slv : | update_Mf_after_DvGr             |       0.659|     75|       0.009|       0.015|
slv : | update_VelPressure_MDS           |       0.219|     75|       0.003|       0.005|
slv : +----------------------------------+------------+-------+------------+------------+
Interpolator cache: total calls 66675, optimised calls 25929 (38.9 %)
-----------------------------------------------------------------------
Memory Working Set Current = 386.99 Mb, Memory Working Set Peak = 386.99 Mb
Memory Private Bytes Current = 414.14 Mb, Memory Private Bytes Peak = 414.14 Mb
Process Threads Number: 32
-----------------------------------------------------------------------
Iteration : time = 3.0663 , count = 5 , time/count = 0.61326
Calculate_inc() : time = 2.68093 , count = 5 , time/count = 0.536185
TreatFlowEvolution() : time = 0.364161 , count = 5 , time/count = 0.0728322
SolverPreview : time = 0 , count = 5 , time/count = 0
TreatGoals : time = 0.351772 , count = 5 , time/count = 0.0703544
Algebra Pool      : mem_usage = 205.31 Mb, allocated count = 2290

================== Tstep=75 ===================
nslice = 0; reset pressure calculator:  Rho_ref_grav_new = 1.33105
nslice = 0  P_ref = 101325
nslice = 0  Rho_ref_grav_old = 1.33105, Rho_ref_grav_new = 1.33105
 fluid-flow view[  0]: rho_ref_grav_averaged_in_view = 1.3310517158484       
<Dynamic P> on nsd = 0 {openings (inlet / outlet)}:
  (SP = Static Pressure, EP = Environment Pressure, TP = Total Pressure, E = External)
  {#1, SP, (0.000000e+00 / 7.310673e+01)}
  MWS[  0]=0.432838
tau_viscous_averaged = 0.00423139 
dt(mass,momentum; nsd=  0): min dt/dtG(ncv=  46066)=1.00 , max dt/dtG(ncv=   2282)=25.6   , dtG=0.000169161
Flow alg-view 0 in phys-view 0 isn't Neumann (not Multi Phase treating)
Face Momentum (sd=  0): max value of div(mf) (cv=14315) = 2.145207e-10
Flow alg-view 0 is not Neumann (not for Phase Change + Nested Iters)
+----+----+--------------+--------------+--------------+--------------+--------------+------+----+-+-+--+------+
|Name|view| Initial res  | Initial resL1| Target res   | Final res    | Final res L1 |Visits|Iter|R|F|CL|Status|
| BG |   0|  3.486950e-18|  1.757484e-07|  3.733915e-20|  2.990232e-20|  1.655253e-08|     6|  18|0|n|30|  OK  |
log10(resTarget_Lim / resTarget_Orig): 2.2 
Face Momentum (sd=  0): max value of div(mf) (cv=43935) = 1.590648e-11
	norm_L2 of div(momentum) = 1.729229e-10.
Flow alg-view 0 in phys-view 0 isn't Neumann (not Multi Phase treating)
LOG: number of a-faces with weighted approximations in 0 subdomain: 9.49629 percent
LOG: Rate of a-faces corrected to CUp1st in 0 subdomain: 1.23338 %
slv : SolveBL stage
|nsd|Real WF|NormalF|Cycle F|CriticF| EdgeF |CyclBrF|ExtParF|RWFnumSt|StLvlNum|  nfw  |  alp_U_min  |  nfw  |  alp_U_max  |  nfw  |  alp_T_min  |  nfw  |  alp_T_max  |  nfw  |  BL_s_min   |  nfw  |   BL_s_max  |
|  0|  12896|  12822|      0|      2|     72|      0|      0|   12896|     122|   2053|0            |   5752|41475.7      |   1310|0            |   7220|45856.3      |   7470|-12.7416     |   1310|0            |
Face Momentum (sd=  0): max value of div(mf) (cv=43935) = 1.590648e-11
	norm_L2 of div(momentum) = 1.729229e-10.
slv : 3m: nsd = 0 
slv :  3m: ROTATION = NO 
slv :  3m: gravity_vector     = {	 0 	 -9.81 	 0	 }  
slv :  3m: gravity_vector_LCS = {	 0 	 -9.81 	 0	 }  
slv :  +----+----+----+--------------+--------------+--------------+--------------+--------------+------+----+-+-+--+------+
|Name|view| n_y| Initial res  | Initial resL1| Target res   | Final res    | Final res L1 |Visits|Iter|R|F|CL|Status|
+----+----+----+--------------+--------------+--------------+--------------+--------------+------+----+-+-+--+------+
| 3M |   0|   0|  8.819077e-13|  8.272758e-05|  9.853860e-17|  4.629942e-19|  3.680421e-08|     2|   6|0|n|29|  OK  |
Velocity (predicted):
        (local) sd   0: min(  17122)=0.00051268596826112  , max(  46180)=12.245403603569      
Flow alg-view 0 is not Neumann (not for Phase Change + Nested Iters)
+----+----+--------------+--------------+--------------+--------------+--------------+------+----+-+-+--+------+
|Name|view| Initial res  | Initial resL1| Target res   | Final res    | Final res L1 |Visits|Iter|R|F|CL|Status|
|DVGR|   0|  5.115597e-14|  1.352483e-05|  3.197248e-18|  5.947908e-19|  7.361797e-08|     4|  12|0|n|30|  OK  |
PRESSURE SOLVER(geom_index=  0): sum_C_dp=4.30473e-14
Face Momentum (sd=  0): max value of div(mf) (cv=14422) = 8.883347e-11
	norm_L2 of div(momentum) = 7.712268e-10.
nsd = 0 min_dtHy = 0.000169169 (nCV =	46200 ) max_dtHy = 0.00433932 (nCV =	2282 ) 
+----+----+--------------+--------------+--------------+--------------+--------------+------+----+-+-+--+------+
|Name|view| Initial res  | Initial resL1| Target res   | Final res    | Final res L1 |Visits|Iter|R|F|CL|Status|
|CHT |   0|  1.636811e-13|  1.727532e-05|  1.023007e-17|  1.158327e-19|  2.505173e-08|     2|  18|0|n|30|  OK  |
nsd = 0 min_dtke = 3.21264e-05 (nCV =	23582 ) max_dtke = 0.00157225 (nCV =	26792 ) 
+----+----+----+--------------+--------------+--------------+--------------+--------------+------+----+-+-+--+------+
|Name|view| n_y| Initial res  | Initial resL1| Target res   | Final res    | Final res L1 |Visits|Iter|R|F|CL|Status|
+----+----+----+--------------+--------------+--------------+--------------+--------------+------+----+-+-+--+------+
|turb|   0|   0|  1.540888e-11|  4.499327e-05|  6.137910e-21|  8.307509e-22|  1.702356e-09|     3|  18|0|n|30|  OK  |
|turb|   0|   1|  4.046477e-04|  1.367982e-01|  1.356102e-15|  2.577293e-16|  9.573298e-07|     3|  18|0|n|30|  OK  |
Filter: K,E,momentum: sd =   0 isolating K from zero=    127 E from zero=  23548 E from infinity=  21351
slv : Fluid subdom(new) 0
slv : P static (new)                 : min(  45443) = 101324.98506196      , max(   8670) = 101427.81971392      
slv : P_static - Rho*g*h (new)       : min(  45443) = 101324.95345175      , max(   8670) = 101427.83791957      
slv : Density (new)                  : min(  47374) = 1.3300872095637      , max(   8670) = 1.3313612689056      
slv : Velocity (new)                 : min(  17122) = 0.0009144192429392   , max(  46180) = 12.244583130337      
slv : Mach number (new)              : min(  17122) = 2.8052575496219e-06  , max(  46180) = 0.03756850882373     
slv : Turbulent k (new)              : min(   1694) = 1e-40                , max(  23590) = 3.2740604796698      
slv : Turbulent e (new)              : min(   7626) = 2.8913086399538e-40  , max(  23590) = 15481.001049609      
slv : Temperature (new)              : min(  47154) = 293.12776037863      , max(  22063) = 293.21156146024      
slv : Total enthalpy, Y-shifted (new): min(  38795) = -15.638707173534     , max(   7576) = 12.3202226157        
slv : MASS FLUXES AT OPENINGS: MF=-0.000260885, AP=0.000260885
slv : DvGr statistics: min alpha=0.112788(nfa=88066, geom_slice=0)
slv : +----------------------------------+------------+-------+------------+------------+
slv : |          Collector name          | Total Time | Count |  Avg Time  |  Max Time  |
slv : +----------------------------------+------------+-------+------------+------------+
slv : | Calculate_inc                    |      42.557|     75|       0.567|       0.799|
slv : | CollectEMT_Results               |       0.000|     76|       0.000|       0.000|
slv : | HeatPathCalculator_Dynamic       |       0.017|      1|       0.017|       0.017|
slv : | LiSy_make_portrait               |       0.875|    326|       0.003|       0.016|
slv : | Results_processing               |       5.543|     75|       0.074|       0.092|
slv : | build_sl_ordering_CHT            |       0.016|     76|       0.000|       0.005|
slv : | build_sl_ordering_MDS            |       0.103|     76|       0.001|       0.014|
slv : | build_sl_ordering_fluid          |       0.100|     76|       0.001|       0.014|
slv : | calc_Convolutions_MDS            |       1.307|     76|       0.017|       0.021|
slv : | calc_wall_dist                   |       2.275|      1|       2.275|       2.275|
slv : | create_Gr_operators_MDS          |       1.256|     76|       0.017|       0.024|
slv : | create_Gr_operators_portrait_MDS |       0.390|     76|       0.005|       0.008|
slv : | init_Hy_group_MDS                |       0.699|     76|       0.009|       0.013|
slv : | perform_stage_total              |      39.048|   2060|       0.019|       2.275|
slv : | precalc_at_start_MDS             |       1.593|      2|       0.796|       1.564|
slv : | solve_3M_MDS                     |       4.666|     76|       0.061|       0.080|
slv : | solve_3M_alg_MDS                 |       2.635|     76|       0.035|       0.052|
slv : | solve_BG_MDS                     |       2.703|     76|       0.036|       0.061|
slv : | solve_BG_alg_MDS                 |       2.151|     76|       0.028|       0.055|
slv : | solve_BL_MDS                     |       7.312|     76|       0.096|       0.242|
slv : | solve_CHT                        |       2.706|     76|       0.036|       0.066|
slv : | solve_CHT_MDS                    |       2.259|     76|       0.030|       0.061|
slv : | solve_CHT_alg_MDS                |       1.271|     76|       0.017|       0.046|
slv : | solve_DvGr_MDS                   |       7.944|     76|       0.105|       0.207|
slv : | solve_DvGr_alg_MDS               |       4.344|     76|       0.057|       0.161|
slv : | solve_INPR_MDS                   |       0.000|      1|       0.000|       0.000|
slv : | solve_PS+QJ                      |       0.000|      0|       0.000|       0.000|
slv : | solve_YLMA_MDS                   |       0.001|     76|       0.000|       0.000|
slv : | solve_YNOx_MDS                   |       0.000|     76|       0.000|       0.000|
slv : | solve_YTd_MDS                    |       0.003|     76|       0.000|       0.000|
slv : | solve_YTurb_MDS                  |      10.289|     76|       0.135|       0.187|
slv : | solve_YTurb_alg_MDS              |       5.519|    152|       0.036|       0.060|
slv : | update_BC_MDS                    |       0.000|     77|       0.000|       0.000|
slv : | update_Mf_after_DvGr             |       0.669|     76|       0.009|       0.015|
slv : | update_VelPressure_MDS           |       0.222|     76|       0.003|       0.005|
slv : +----------------------------------+------------+-------+------------+------------+
-----------------------------------------------------------------------
Memory Working Set Current = 386.97 Mb, Memory Working Set Peak = 386.99 Mb
Memory Private Bytes Current = 414.14 Mb, Memory Private Bytes Peak = 414.14 Mb
Process Threads Number: 32
-----------------------------------------------------------------------
Algebra Pool      : mem_usage = 205.31 Mb, allocated count = 2291

================== Tstep=76 ===================
nslice = 0; reset pressure calculator:  Rho_ref_grav_new = 1.33105
nslice = 0  P_ref = 101325
nslice = 0  Rho_ref_grav_old = 1.33105, Rho_ref_grav_new = 1.33105
 fluid-flow view[  0]: rho_ref_grav_averaged_in_view = 1.331052141967        
<Dynamic P> on nsd = 0 {openings (inlet / outlet)}:
  (SP = Static Pressure, EP = Environment Pressure, TP = Total Pressure, E = External)
  {#1, SP, (0.000000e+00 / 7.311704e+01)}
  MWS[  0]=0.432916
tau_viscous_averaged = 0.00422966 
dt(mass,momentum; nsd=  0): min dt/dtG(ncv=  46078)=1.00 , max dt/dtG(ncv=   2282)=25.6   , dtG=0.000169127
Flow alg-view 0 in phys-view 0 isn't Neumann (not Multi Phase treating)
Face Momentum (sd=  0): max value of div(mf) (cv=14422) = 8.883347e-11
Flow alg-view 0 is not Neumann (not for Phase Change + Nested Iters)
+----+----+--------------+--------------+--------------+--------------+--------------+------+----+-+-+--+------+
|Name|view| Initial res  | Initial resL1| Target res   | Final res    | Final res L1 |Visits|Iter|R|F|CL|Status|
| BG |   0|  5.962477e-19|  7.416362e-08|  3.197248e-20|  9.796565e-21|  1.156017e-08|     6|  18|0|n|30|  OK  |
log10(resTarget_Lim / resTarget_Orig): 2.9 
Face Momentum (sd=  0): max value of div(mf) (cv=43935) = 8.279478e-12
	norm_L2 of div(momentum) = 9.897760e-11.
Flow alg-view 0 in phys-view 0 isn't Neumann (not Multi Phase treating)
LOG: number of a-faces with weighted approximations in 0 subdomain: 9.41435 percent
LOG: Rate of a-faces corrected to CUp1st in 0 subdomain: 1.24126 %
slv : SolveBL stage
|nsd|Real WF|NormalF|Cycle F|CriticF| EdgeF |CyclBrF|ExtParF|RWFnumSt|StLvlNum|  nfw  |  alp_U_min  |  nfw  |  alp_U_max  |  nfw  |  alp_T_min  |  nfw  |  alp_T_max  |  nfw  |  BL_s_min   |  nfw  |   BL_s_max  |
|  0|  12896|  12822|      0|      2|     72|      0|      0|   12896|     122|   2053|0            |   5716|59671.9      |   1310|0            |   7220|190375       |   7470|-12.7511     |   1310|0            |
Face Momentum (sd=  0): max value of div(mf) (cv=43935) = 8.279478e-12
	norm_L2 of div(momentum) = 9.897760e-11.
slv : 3m: nsd = 0 
slv :  3m: ROTATION = NO 
slv :  3m: gravity_vector     = {	 0 	 -9.81 	 0	 }  
slv :  3m: gravity_vector_LCS = {	 0 	 -9.81 	 0	 }  
slv :  +----+----+----+--------------+--------------+--------------+--------------+--------------+------+----+-+-+--+------+
|Name|view| n_y| Initial res  | Initial resL1| Target res   | Final res    | Final res L1 |Visits|Iter|R|F|CL|Status|
+----+----+----+--------------+--------------+--------------+--------------+--------------+------+----+-+-+--+------+
| 3M |   0|   0|  1.116689e-12|  8.348228e-05|  9.857775e-17|  2.180338e-18|  7.964199e-08|     2|   6|0|n|29|  OK  |
Velocity (predicted):
        (local) sd   0: min(  15955)=0.001257591125663    , max(  46180)=12.247587799752      
Flow alg-view 0 is not Neumann (not for Phase Change + Nested Iters)
+----+----+--------------+--------------+--------------+--------------+--------------+------+----+-+-+--+------+
|Name|view| Initial res  | Initial resL1| Target res   | Final res    | Final res L1 |Visits|Iter|R|F|CL|Status|
|DVGR|   0|  5.637043e-14|  1.344332e-05|  3.523152e-18|  2.864050e-18|  1.665175e-07|     3|   9|0|n|30|  OK  |
PRESSURE SOLVER(geom_index=  0): sum_C_dp=1.23589e-14
Face Momentum (sd=  0): max value of div(mf) (cv=39407) = 1.494754e-10
	norm_L2 of div(momentum) = 1.692350e-09.
nsd = 0 min_dtHy = 0.000169135 (nCV =	46200 ) max_dtHy = 0.00434009 (nCV =	2282 ) 
+----+----+--------------+--------------+--------------+--------------+--------------+------+----+-+-+--+------+
|Name|view| Initial res  | Initial resL1| Target res   | Final res    | Final res L1 |Visits|Iter|R|F|CL|Status|
|CHT |   0|  1.588276e-13|  1.704066e-05|  9.926727e-18|  9.990039e-20|  2.419731e-08|     2|  18|0|n|30|  OK  |
nsd = 0 min_dtke = 3.20424e-05 (nCV =	23582 ) max_dtke = 0.00157211 (nCV =	26792 ) 
+----+----+----+--------------+--------------+--------------+--------------+--------------+------+----+-+-+--+------+
|Name|view| n_y| Initial res  | Initial resL1| Target res   | Final res    | Final res L1 |Visits|Iter|R|F|CL|Status|
+----+----+----+--------------+--------------+--------------+--------------+--------------+------+----+-+-+--+------+
|turb|   0|   0|  1.577238e-11|  4.521046e-05|  6.141165e-21|  6.886928e-22|  1.633726e-09|     3|  18|0|n|30|  OK  |
|turb|   0|   1|  4.130087e-04|  1.382266e-01|  1.357318e-15|  2.523784e-16|  9.278128e-07|     3|  18|0|n|30|  OK  |
Filter: K,E,momentum: sd =   0 isolating K from zero=    149 E from zero=  23550 E from infinity=  21212
slv : Fluid subdom(new) 0
slv : P static (new)                 : min(  45443) = 101324.98116201      , max(   8670) = 101427.83394064      
slv : P_static - Rho*g*h (new)       : min(  45443) = 101324.94955179      , max(   8670) = 101427.8521463       
slv : Density (new)                  : min(  47374) = 1.3300872222299      , max(   8670) = 1.3313614553478      
slv : Velocity (new)                 : min(  17122) = 0.0011705133049327   , max(  46180) = 12.246307649608      
slv : Mach number (new)              : min(  17122) = 3.5909035396975e-06  , max(  46180) = 0.037573801253582    
slv : Turbulent k (new)              : min(   1674) = 1e-40                , max(  23590) = 3.2838001361684      
slv : Turbulent e (new)              : min(   7640) = 2.9576906674839e-40  , max(  23590) = 15534.804224422      
slv : Temperature (new)              : min(  47154) = 293.12773835932      , max(  22063) = 293.21156835028      
slv : Total enthalpy, Y-shifted (new): min(  38795) = -15.655057952926     , max(   7576) = 12.320216576389      
slv : MASS FLUXES AT OPENINGS: MF=-0.000260885, AP=0.000260883
slv : DvGr statistics: min alpha=0.112802(nfa=88066, geom_slice=0)
slv : +----------------------------------+------------+-------+------------+------------+
slv : |          Collector name          | Total Time | Count |  Avg Time  |  Max Time  |
slv : +----------------------------------+------------+-------+------------+------------+
slv : | Calculate_inc                    |      43.095|     76|       0.567|       0.799|
slv : | CollectEMT_Results               |       0.000|     77|       0.000|       0.000|
slv : | HeatPathCalculator_Dynamic       |       0.017|      1|       0.017|       0.017|
slv : | LiSy_make_portrait               |       0.886|    330|       0.003|       0.016|
slv : | Results_processing               |       5.623|     76|       0.074|       0.092|
slv : | build_sl_ordering_CHT            |       0.016|     77|       0.000|       0.005|
slv : | build_sl_ordering_MDS            |       0.103|     77|       0.001|       0.014|
slv : | build_sl_ordering_fluid          |       0.101|     77|       0.001|       0.014|
slv : | calc_Convolutions_MDS            |       1.324|     77|       0.017|       0.021|
slv : | calc_wall_dist                   |       2.275|      1|       2.275|       2.275|
slv : | create_Gr_operators_MDS          |       1.271|     77|       0.017|       0.024|
slv : | create_Gr_operators_portrait_MDS |       0.395|     77|       0.005|       0.008|
slv : | init_Hy_group_MDS                |       0.708|     77|       0.009|       0.013|
slv : | perform_stage_total              |      39.486|   2087|       0.019|       2.275|
slv : | precalc_at_start_MDS             |       1.593|      2|       0.796|       1.564|
slv : | solve_3M_MDS                     |       4.711|     77|       0.061|       0.080|
slv : | solve_3M_alg_MDS                 |       2.656|     77|       0.034|       0.052|
slv : | solve_BG_MDS                     |       2.734|     77|       0.036|       0.061|
slv : | solve_BG_alg_MDS                 |       2.175|     77|       0.028|       0.055|
slv : | solve_BL_MDS                     |       7.405|     77|       0.096|       0.242|
slv : | solve_CHT                        |       2.734|     77|       0.036|       0.066|
slv : | solve_CHT_MDS                    |       2.281|     77|       0.030|       0.061|
slv : | solve_CHT_alg_MDS                |       1.281|     77|       0.017|       0.046|
slv : | solve_DvGr_MDS                   |       8.030|     77|       0.104|       0.207|
slv : | solve_DvGr_alg_MDS               |       4.382|     77|       0.057|       0.161|
slv : | solve_INPR_MDS                   |       0.000|      1|       0.000|       0.000|
slv : | solve_PS+QJ                      |       0.000|      0|       0.000|       0.000|
slv : | solve_YLMA_MDS                   |       0.001|     77|       0.000|       0.000|
slv : | solve_YNOx_MDS                   |       0.000|     77|       0.000|       0.000|
slv : | solve_YTd_MDS                    |       0.003|     77|       0.000|       0.000|
slv : | solve_YTurb_MDS                  |      10.426|     77|       0.135|       0.187|
slv : | solve_YTurb_alg_MDS              |       5.592|    154|       0.036|       0.060|
slv : | update_BC_MDS                    |       0.000|     78|       0.000|       0.000|
slv : | update_Mf_after_DvGr             |       0.677|     77|       0.009|       0.015|
slv : | update_VelPressure_MDS           |       0.224|     77|       0.003|       0.005|
slv : +----------------------------------+------------+-------+------------+------------+
-----------------------------------------------------------------------
Memory Working Set Current = 386.98 Mb, Memory Working Set Peak = 386.99 Mb
Memory Private Bytes Current = 414.14 Mb, Memory Private Bytes Peak = 414.14 Mb
Process Threads Number: 32
-----------------------------------------------------------------------
Algebra Pool      : mem_usage = 205.31 Mb, allocated count = 2291

================== Tstep=77 ===================
nslice = 0; reset pressure calculator:  Rho_ref_grav_new = 1.33105
nslice = 0  P_ref = 101325
nslice = 0  Rho_ref_grav_old = 1.33105, Rho_ref_grav_new = 1.33105
 fluid-flow view[  0]: rho_ref_grav_averaged_in_view = 1.3310522425774       
<Dynamic P> on nsd = 0 {openings (inlet / outlet)}:
  (SP = Static Pressure, EP = Environment Pressure, TP = Total Pressure, E = External)
  {#1, SP, (0.000000e+00 / 7.312591e+01)}
  MWS[  0]=0.432977
tau_viscous_averaged = 0.0042271 
dt(mass,momentum; nsd=  0): min dt/dtG(ncv=  46078)=1.00 , max dt/dtG(ncv=   2282)=25.6   , dtG=0.000169104
Flow alg-view 0 in phys-view 0 isn't Neumann (not Multi Phase treating)
Face Momentum (sd=  0): max value of div(mf) (cv=39407) = 1.494754e-10
Flow alg-view 0 is not Neumann (not for Phase Change + Nested Iters)
+----+----+--------------+--------------+--------------+--------------+--------------+------+----+-+-+--+------+
|Name|view| Initial res  | Initial resL1| Target res   | Final res    | Final res L1 |Visits|Iter|R|F|CL|Status|
| BG |   0|  2.865326e-18|  1.669823e-07|  3.523152e-20|  1.732887e-20|  1.599013e-08|     6|  18|0|n|30|  OK  |
log10(resTarget_Lim / resTarget_Orig): 2.3 
Face Momentum (sd=  0): max value of div(mf) (cv=43935) = 1.040047e-11
	norm_L2 of div(momentum) = 1.316392e-10.
Flow alg-view 0 in phys-view 0 isn't Neumann (not Multi Phase treating)
LOG: number of a-faces with weighted approximations in 0 subdomain: 9.48703 percent
LOG: Rate of a-faces corrected to CUp1st in 0 subdomain: 1.23646 %
slv : SolveBL stage
|nsd|Real WF|NormalF|Cycle F|CriticF| EdgeF |CyclBrF|ExtParF|RWFnumSt|StLvlNum|  nfw  |  alp_U_min  |  nfw  |  alp_U_max  |  nfw  |  alp_T_min  |  nfw  |  alp_T_max  |  nfw  |  BL_s_min   |  nfw  |   BL_s_max  |
|  0|  12896|  12822|      0|      2|     72|      0|      0|   12896|     122|   2053|0            |   5716|27877.8      |   1310|0            |   5093|25991.2      |   7470|-12.7286     |   1310|0            |
Face Momentum (sd=  0): max value of div(mf) (cv=43935) = 1.040047e-11
	norm_L2 of div(momentum) = 1.316392e-10.
slv : 3m: nsd = 0 
slv :  3m: ROTATION = NO 
slv :  3m: gravity_vector     = {	 0 	 -9.81 	 0	 }  
slv :  3m: gravity_vector_LCS = {	 0 	 -9.81 	 0	 }  
slv :  +----+----+----+--------------+--------------+--------------+--------------+--------------+------+----+-+-+--+------+
|Name|view| n_y| Initial res  | Initial resL1| Target res   | Final res    | Final res L1 |Visits|Iter|R|F|CL|Status|
+----+----+----+--------------+--------------+--------------+--------------+--------------+------+----+-+-+--+------+
| 3M |   0|   0|  9.004296e-13|  8.069869e-05|  9.861471e-17|  4.103083e-19|  3.525609e-08|     2|   6|0|n|29|  OK  |
Velocity (predicted):
        (local) sd   0: min(  17122)=0.00061533704337911  , max(  46180)=12.248981638773      
Flow alg-view 0 is not Neumann (not for Phase Change + Nested Iters)
+----+----+--------------+--------------+--------------+--------------+--------------+------+----+-+-+--+------+
|Name|view| Initial res  | Initial resL1| Target res   | Final res    | Final res L1 |Visits|Iter|R|F|CL|Status|
|DVGR|   0|  4.773240e-14|  1.295836e-05|  2.983275e-18|  2.949207e-18|  1.571058e-07|     3|   9|0|n|30|  OK  |
PRESSURE SOLVER(geom_index=  0): sum_C_dp=2.14928e-14
Face Momentum (sd=  0): max value of div(mf) (cv=14315) = 2.526567e-10
	norm_L2 of div(momentum) = 1.717326e-09.
nsd = 0 min_dtHy = 0.000169112 (nCV =	46200 ) max_dtHy = 0.00433998 (nCV =	2282 ) 
+----+----+--------------+--------------+--------------+--------------+--------------+------+----+-+-+--+------+
|Name|view| Initial res  | Initial resL1| Target res   | Final res    | Final res L1 |Visits|Iter|R|F|CL|Status|
|CHT |   0|  1.612109e-13|  1.716180e-05|  1.007568e-17|  1.057951e-19|  2.375304e-08|     2|  18|0|n|30|  OK  |
nsd = 0 min_dtke = 3.19644e-05 (nCV =	23582 ) max_dtke = 0.00157208 (nCV =	26792 ) 
+----+----+----+--------------+--------------+--------------+--------------+--------------+------+----+-+-+--+------+
|Name|view| n_y| Initial res  | Initial resL1| Target res   | Final res    | Final res L1 |Visits|Iter|R|F|CL|Status|
+----+----+----+--------------+--------------+--------------+--------------+--------------+------+----+-+-+--+------+
|turb|   0|   0|  1.546080e-11|  4.492740e-05|  6.144789e-21|  6.996124e-22|  1.695609e-09|     3|  18|0|n|30|  OK  |
|turb|   0|   1|  4.057859e-04|  1.370109e-01|  1.358437e-15|  2.308445e-16|  8.864321e-07|     3|  18|0|n|30|  OK  |
Filter: K,E,momentum: sd =   0 isolating K from zero=    136 E from zero=  23572 E from infinity=  21089
slv : Fluid subdom(new) 0
slv : P static (new)                 : min(  45443) = 101324.9817045       , max(   8670) = 101427.85463045      
slv : P_static - Rho*g*h (new)       : min(  45443) = 101324.95009428      , max(   8670) = 101427.87283612      
slv : Density (new)                  : min(  47374) = 1.3300872356697      , max(   8670) = 1.3313617267461      
slv : Velocity (new)                 : min(  44833) = 0.00067628370675278  , max(  46180) = 12.249337040565      
slv : Mach number (new)              : min(  44833) = 2.0747364146971e-06  , max(  46180) = 0.037583098440165    
slv : Turbulent k (new)              : min(   1698) = 1e-40                , max(  23590) = 3.2932316580832      
slv : Turbulent e (new)              : min(   7626) = 2.8913074238631e-40  , max(  23590) = 15586.911111279      
slv : Temperature (new)              : min(  47154) = 293.12771426953      , max(  22063) = 293.21156365455      
slv : Total enthalpy, Y-shifted (new): min(  38795) = -15.672310557558     , max(   7576) = 12.320218306239      
slv : MASS FLUXES AT OPENINGS: MF=-0.000260884, AP=0.000260882
slv : DvGr statistics: min alpha=0.112794(nfa=88066, geom_slice=0)
slv : +----------------------------------+------------+-------+------------+------------+
slv : |          Collector name          | Total Time | Count |  Avg Time  |  Max Time  |
slv : +----------------------------------+------------+-------+------------+------------+
slv : | Calculate_inc                    |      43.606|     77|       0.566|       0.799|
slv : | CollectEMT_Results               |       0.000|     78|       0.000|       0.000|
slv : | HeatPathCalculator_Dynamic       |       0.017|      1|       0.017|       0.017|
slv : | LiSy_make_portrait               |       0.897|    334|       0.003|       0.016|
slv : | Results_processing               |       5.701|     77|       0.074|       0.092|
slv : | build_sl_ordering_CHT            |       0.016|     78|       0.000|       0.005|
slv : | build_sl_ordering_MDS            |       0.103|     78|       0.001|       0.014|
slv : | build_sl_ordering_fluid          |       0.101|     78|       0.001|       0.014|
slv : | calc_Convolutions_MDS            |       1.341|     78|       0.017|       0.021|
slv : | calc_wall_dist                   |       2.275|      1|       2.275|       2.275|
slv : | create_Gr_operators_MDS          |       1.289|     78|       0.017|       0.024|
slv : | create_Gr_operators_portrait_MDS |       0.399|     78|       0.005|       0.008|
slv : | init_Hy_group_MDS                |       0.716|     78|       0.009|       0.013|
slv : | perform_stage_total              |      39.951|   2114|       0.019|       2.275|
slv : | precalc_at_start_MDS             |       1.593|      2|       0.796|       1.564|
slv : | solve_3M_MDS                     |       4.773|     78|       0.061|       0.080|
slv : | solve_3M_alg_MDS                 |       2.692|     78|       0.035|       0.052|
slv : | solve_BG_MDS                     |       2.765|     78|       0.035|       0.061|
slv : | solve_BG_alg_MDS                 |       2.199|     78|       0.028|       0.055|
slv : | solve_BL_MDS                     |       7.497|     78|       0.096|       0.242|
slv : | solve_CHT                        |       2.764|     78|       0.035|       0.066|
slv : | solve_CHT_MDS                    |       2.306|     78|       0.030|       0.061|
slv : | solve_CHT_alg_MDS                |       1.294|     78|       0.017|       0.046|
slv : | solve_DvGr_MDS                   |       8.114|     78|       0.104|       0.207|
slv : | solve_DvGr_alg_MDS               |       4.419|     78|       0.057|       0.161|
slv : | solve_INPR_MDS                   |       0.000|      1|       0.000|       0.000|
slv : | solve_PS+QJ                      |       0.000|      0|       0.000|       0.000|
slv : | solve_YLMA_MDS                   |       0.001|     78|       0.000|       0.000|
slv : | solve_YNOx_MDS                   |       0.000|     78|       0.000|       0.000|
slv : | solve_YTd_MDS                    |       0.003|     78|       0.000|       0.000|
slv : | solve_YTurb_MDS                  |      10.573|     78|       0.136|       0.187|
slv : | solve_YTurb_alg_MDS              |       5.675|    156|       0.036|       0.060|
slv : | update_BC_MDS                    |       0.000|     79|       0.000|       0.000|
slv : | update_Mf_after_DvGr             |       0.684|     78|       0.009|       0.015|
slv : | update_VelPressure_MDS           |       0.227|     78|       0.003|       0.005|
slv : +----------------------------------+------------+-------+------------+------------+
-----------------------------------------------------------------------
Memory Working Set Current = 386.92 Mb, Memory Working Set Peak = 386.99 Mb
Memory Private Bytes Current = 389.60 Mb, Memory Private Bytes Peak = 414.14 Mb
Process Threads Number: 32
-----------------------------------------------------------------------
Algebra Pool      : mem_usage = 205.31 Mb, allocated count = 2292

================== Tstep=78 ===================
nslice = 0; reset pressure calculator:  Rho_ref_grav_new = 1.33105
nslice = 0  P_ref = 101325
nslice = 0  Rho_ref_grav_old = 1.33105, Rho_ref_grav_new = 1.33105
 fluid-flow view[  0]: rho_ref_grav_averaged_in_view = 1.3310524271353       
<Dynamic P> on nsd = 0 {openings (inlet / outlet)}:
  (SP = Static Pressure, EP = Environment Pressure, TP = Total Pressure, E = External)
  {#1, SP, (0.000000e+00 / 7.313451e+01)}
  MWS[  0]=0.433084
tau_viscous_averaged = 0.00422352 
dt(mass,momentum; nsd=  0): min dt/dtG(ncv=  46078)=1.00 , max dt/dtG(ncv=   2282)=25.6   , dtG=0.00016908
Flow alg-view 0 in phys-view 0 isn't Neumann (not Multi Phase treating)
Face Momentum (sd=  0): max value of div(mf) (cv=14315) = 2.526567e-10
Flow alg-view 0 is not Neumann (not for Phase Change + Nested Iters)
+----+----+--------------+--------------+--------------+--------------+--------------+------+----+-+-+--+------+
|Name|view| Initial res  | Initial resL1| Target res   | Final res    | Final res L1 |Visits|Iter|R|F|CL|Status|
| BG |   0|  2.950462e-18|  1.575584e-07|  2.983275e-20|  2.831514e-20|  1.954829e-08|     6|  18|0|n|30|  OK  |
log10(resTarget_Lim / resTarget_Orig): 2.2 
Face Momentum (sd=  0): max value of div(mf) (cv=43935) = 1.394945e-11
	norm_L2 of div(momentum) = 1.682710e-10.
Flow alg-view 0 in phys-view 0 isn't Neumann (not Multi Phase treating)
LOG: number of a-faces with weighted approximations in 0 subdomain: 9.42218 percent
LOG: Rate of a-faces corrected to CUp1st in 0 subdomain: 1.23923 %
slv : SolveBL stage
|nsd|Real WF|NormalF|Cycle F|CriticF| EdgeF |CyclBrF|ExtParF|RWFnumSt|StLvlNum|  nfw  |  alp_U_min  |  nfw  |  alp_U_max  |  nfw  |  alp_T_min  |  nfw  |  alp_T_max  |  nfw  |  BL_s_min   |  nfw  |   BL_s_max  |
|  0|  12896|  12822|      0|      2|     72|      0|      0|   12896|     122|   2053|0            |   4725|22282.3      |   1310|0            |   7943|33235.3      |   7470|-12.737      |   1310|0            |
Face Momentum (sd=  0): max value of div(mf) (cv=43935) = 1.394945e-11
	norm_L2 of div(momentum) = 1.682710e-10.
slv : 3m: nsd = 0 
slv :  3m: ROTATION = NO 
slv :  3m: gravity_vector     = {	 0 	 -9.81 	 0	 }  
slv :  3m: gravity_vector_LCS = {	 0 	 -9.81 	 0	 }  
slv :  +----+----+----+--------------+--------------+--------------+--------------+--------------+------+----+-+-+--+------+
|Name|view| n_y| Initial res  | Initial resL1| Target res   | Final res    | Final res L1 |Visits|Iter|R|F|CL|Status|
+----+----+----+--------------+--------------+--------------+--------------+--------------+------+----+-+-+--+------+
| 3M |   0|   0|  1.046242e-12|  8.061716e-05|  9.867047e-17|  2.109321e-18|  6.929804e-08|     2|   6|0|n|29|  OK  |
Velocity (predicted):
        (local) sd   0: min(  15955)=0.0010367035139114   , max(  46180)=12.250594135943      
Flow alg-view 0 is not Neumann (not for Phase Change + Nested Iters)
+----+----+--------------+--------------+--------------+--------------+--------------+------+----+-+-+--+------+
|Name|view| Initial res  | Initial resL1| Target res   | Final res    | Final res L1 |Visits|Iter|R|F|CL|Status|
|DVGR|   0|  4.993977e-14|  1.282541e-05|  3.121236e-18|  3.119193e-18|  1.570729e-07|     3|   9|0|n|30|  OK  |
PRESSURE SOLVER(geom_index=  0): sum_C_dp=2.18381e-14
Face Momentum (sd=  0): max value of div(mf) (cv=14315) = 2.246499e-10
	norm_L2 of div(momentum) = 1.766124e-09.
nsd = 0 min_dtHy = 0.000169088 (nCV =	46146 ) max_dtHy = 0.004336 (nCV =	2282 ) 
+----+----+--------------+--------------+--------------+--------------+--------------+------+----+-+-+--+------+
|Name|view| Initial res  | Initial resL1| Target res   | Final res    | Final res L1 |Visits|Iter|R|F|CL|Status|
|CHT |   0|  1.636590e-13|  1.679032e-05|  1.022869e-17|  9.541614e-20|  2.303284e-08|     2|  18|0|n|30|  OK  |
nsd = 0 min_dtke = 3.18913e-05 (nCV =	23582 ) max_dtke = 0.00157189 (nCV =	26792 ) 
+----+----+----+--------------+--------------+--------------+--------------+--------------+------+----+-+-+--+------+
|Name|view| n_y| Initial res  | Initial resL1| Target res   | Final res    | Final res L1 |Visits|Iter|R|F|CL|Status|
+----+----+----+--------------+--------------+--------------+--------------+--------------+------+----+-+-+--+------+
|turb|   0|   0|  1.572523e-11|  4.509834e-05|  6.149573e-21|  8.509570e-22|  1.891587e-09|     3|  18|0|n|30|  OK  |
|turb|   0|   1|  4.130000e-04|  1.378621e-01|  1.360152e-15|  2.444505e-16|  9.250288e-07|     3|  18|0|n|30|  OK  |
Filter: K,E,momentum: sd =   0 isolating K from zero=    147 E from zero=  23560 E from infinity=  20969
slv : Fluid subdom(new) 0
slv : P static (new)                 : min(  45443) = 101324.98093178      , max(   8670) = 101427.87641738      
slv : P_static - Rho*g*h (new)       : min(  45443) = 101324.94932155      , max(   8670) = 101427.89462305      
slv : Density (new)                  : min(  47374) = 1.3300872504808      , max(   8670) = 1.3313620124512      
slv : Velocity (new)                 : min(  17122) = 0.001492364190981    , max(  46180) = 12.250308969402      
slv : Mach number (new)              : min(  17122) = 4.5782784755858e-06  , max(  46180) = 0.037586081269917    
slv : Turbulent k (new)              : min(   1674) = 1e-40                , max(  23590) = 3.3015769324824      
slv : Turbulent e (new)              : min(   7591) = 2.7067743295001e-40  , max(  23590) = 15633.379219158      
slv : Temperature (new)              : min(  47154) = 293.12769691201      , max(  22063) = 293.2115607678       
slv : Total enthalpy, Y-shifted (new): min(  38795) = -15.68622789255      , max(   7576) = 12.320217548805      
slv : MASS FLUXES AT OPENINGS: MF=-0.000260884, AP=0.000260882
slv : DvGr statistics: min alpha=0.112805(nfa=88066, geom_slice=0)
slv : +----------------------------------+------------+-------+------------+------------+
slv : |          Collector name          | Total Time | Count |  Avg Time  |  Max Time  |
slv : +----------------------------------+------------+-------+------------+------------+
slv : | Calculate_inc                    |      44.148|     78|       0.566|       0.799|
slv : | CollectEMT_Results               |       0.000|     79|       0.000|       0.000|
slv : | HeatPathCalculator_Dynamic       |       0.017|      1|       0.017|       0.017|
slv : | LiSy_make_portrait               |       0.907|    338|       0.003|       0.016|
slv : | Results_processing               |       5.775|     78|       0.074|       0.092|
slv : | build_sl_ordering_CHT            |       0.016|     79|       0.000|       0.005|
slv : | build_sl_ordering_MDS            |       0.104|     79|       0.001|       0.014|
slv : | build_sl_ordering_fluid          |       0.101|     79|       0.001|       0.014|
slv : | calc_Convolutions_MDS            |       1.357|     79|       0.017|       0.021|
slv : | calc_wall_dist                   |       2.275|      1|       2.275|       2.275|
slv : | create_Gr_operators_MDS          |       1.304|     79|       0.017|       0.024|
slv : | create_Gr_operators_portrait_MDS |       0.404|     79|       0.005|       0.008|
slv : | init_Hy_group_MDS                |       0.726|     79|       0.009|       0.013|
slv : | perform_stage_total              |      40.388|   2141|       0.019|       2.275|
slv : | precalc_at_start_MDS             |       1.593|      2|       0.796|       1.564|
slv : | solve_3M_MDS                     |       4.819|     79|       0.061|       0.080|
slv : | solve_3M_alg_MDS                 |       2.713|     79|       0.034|       0.052|
slv : | solve_BG_MDS                     |       2.796|     79|       0.035|       0.061|
slv : | solve_BG_alg_MDS                 |       2.223|     79|       0.028|       0.055|
slv : | solve_BL_MDS                     |       7.590|     79|       0.096|       0.242|
slv : | solve_CHT                        |       2.792|     79|       0.035|       0.066|
slv : | solve_CHT_MDS                    |       2.328|     79|       0.029|       0.061|
slv : | solve_CHT_alg_MDS                |       1.305|     79|       0.017|       0.046|
slv : | solve_DvGr_MDS                   |       8.197|     79|       0.104|       0.207|
slv : | solve_DvGr_alg_MDS               |       4.456|     79|       0.056|       0.161|
slv : | solve_INPR_MDS                   |       0.000|      1|       0.000|       0.000|
slv : | solve_PS+QJ                      |       0.000|      0|       0.000|       0.000|
slv : | solve_YLMA_MDS                   |       0.001|     79|       0.000|       0.000|
slv : | solve_YNOx_MDS                   |       0.000|     79|       0.000|       0.000|
slv : | solve_YTd_MDS                    |       0.003|     79|       0.000|       0.000|
slv : | solve_YTurb_MDS                  |      10.711|     79|       0.136|       0.187|
slv : | solve_YTurb_alg_MDS              |       5.749|    158|       0.036|       0.060|
slv : | update_BC_MDS                    |       0.000|     80|       0.000|       0.000|
slv : | update_Mf_after_DvGr             |       0.692|     79|       0.009|       0.015|
slv : | update_VelPressure_MDS           |       0.230|     79|       0.003|       0.005|
slv : +----------------------------------+------------+-------+------------+------------+
-----------------------------------------------------------------------
Memory Working Set Current = 386.98 Mb, Memory Working Set Peak = 386.99 Mb
Memory Private Bytes Current = 414.14 Mb, Memory Private Bytes Peak = 414.14 Mb
Process Threads Number: 32
-----------------------------------------------------------------------
Algebra Pool      : mem_usage = 205.31 Mb, allocated count = 2290

================== Tstep=79 ===================
nslice = 0; reset pressure calculator:  Rho_ref_grav_new = 1.33105
nslice = 0  P_ref = 101325
nslice = 0  Rho_ref_grav_old = 1.33105, Rho_ref_grav_new = 1.33105
 fluid-flow view[  0]: rho_ref_grav_averaged_in_view = 1.3310526205413       
<Dynamic P> on nsd = 0 {openings (inlet / outlet)}:
  (SP = Static Pressure, EP = Environment Pressure, TP = Total Pressure, E = External)
  {#1, SP, (0.000000e+00 / 7.314233e+01)}
  MWS[  0]=0.433118
tau_viscous_averaged = 0.00421897 
dt(mass,momentum; nsd=  0): min dt/dtG(ncv=  46178)=1.00 , max dt/dtG(ncv=   2282)=25.6   , dtG=0.000169063
Flow alg-view 0 in phys-view 0 isn't Neumann (not Multi Phase treating)
Face Momentum (sd=  0): max value of div(mf) (cv=14315) = 2.246499e-10
Flow alg-view 0 is not Neumann (not for Phase Change + Nested Iters)
+----+----+--------------+--------------+--------------+--------------+--------------+------+----+-+-+--+------+
|Name|view| Initial res  | Initial resL1| Target res   | Final res    | Final res L1 |Visits|Iter|R|F|CL|Status|
| BG |   0|  3.120185e-18|  1.574882e-07|  3.121236e-20|  2.204402e-20|  1.721991e-08|     6|  18|0|n|30|  OK  |
log10(resTarget_Lim / resTarget_Orig): 2.2 
Face Momentum (sd=  0): max value of div(mf) (cv=43935) = 1.257977e-11
	norm_L2 of div(momentum) = 1.484723e-10.
Flow alg-view 0 in phys-view 0 isn't Neumann (not Multi Phase treating)
LOG: number of a-faces with weighted approximations in 0 subdomain: 9.48632 percent
LOG: Rate of a-faces corrected to CUp1st in 0 subdomain: 1.23595 %
slv : SolveBL stage
|nsd|Real WF|NormalF|Cycle F|CriticF| EdgeF |CyclBrF|ExtParF|RWFnumSt|StLvlNum|  nfw  |  alp_U_min  |  nfw  |  alp_U_max  |  nfw  |  alp_T_min  |  nfw  |  alp_T_max  |  nfw  |  BL_s_min   |  nfw  |   BL_s_max  |
|  0|  12896|  12822|      0|      2|     72|      0|      0|   12896|     122|   2053|0            |   5716|54668.4      |   1310|0            |   5093|20337        |   7470|-12.7159     |   1310|0            |
Face Momentum (sd=  0): max value of div(mf) (cv=43935) = 1.257977e-11
	norm_L2 of div(momentum) = 1.484723e-10.
slv : 3m: nsd = 0 
slv :  3m: ROTATION = NO 
slv :  3m: gravity_vector     = {	 0 	 -9.81 	 0	 }  
slv :  3m: gravity_vector_LCS = {	 0 	 -9.81 	 0	 }  
slv :  +----+----+----+--------------+--------------+--------------+--------------+--------------+------+----+-+-+--+------+
|Name|view| n_y| Initial res  | Initial resL1| Target res   | Final res    | Final res L1 |Visits|Iter|R|F|CL|Status|
+----+----+----+--------------+--------------+--------------+--------------+--------------+------+----+-+-+--+------+
| 3M |   0|   0|  9.151984e-13|  7.867999e-05|  9.869913e-17|  2.071246e-18|  7.413781e-08|     2|   6|0|n|29|  OK  |
Velocity (predicted):
        (local) sd   0: min(  17122)=0.0004604419532855   , max(  46180)=12.251686680457      
Flow alg-view 0 is not Neumann (not for Phase Change + Nested Iters)
+----+----+--------------+--------------+--------------+--------------+--------------+------+----+-+-+--+------+
|Name|view| Initial res  | Initial resL1| Target res   | Final res    | Final res L1 |Visits|Iter|R|F|CL|Status|
|DVGR|   0|  4.523690e-14|  1.242659e-05|  2.827306e-18|  2.481105e-18|  1.492769e-07|     3|   9|0|n|30|  OK  |
PRESSURE SOLVER(geom_index=  0): sum_C_dp=3.29564e-14
Face Momentum (sd=  0): max value of div(mf) (cv=47179) = 1.371282e-10
	norm_L2 of div(momentum) = 1.575152e-09.
nsd = 0 min_dtHy = 0.000169071 (nCV =	46200 ) max_dtHy = 0.0043384 (nCV =	2282 ) 
+----+----+--------------+--------------+--------------+--------------+--------------+------+----+-+-+--+------+
|Name|view| Initial res  | Initial resL1| Target res   | Final res    | Final res L1 |Visits|Iter|R|F|CL|Status|
|CHT |   0|  1.629186e-13|  1.680309e-05|  1.018241e-17|  9.959472e-18|  2.505233e-07|     1|   9|0|n|30|  OK  |
nsd = 0 min_dtke = 3.18234e-05 (nCV =	23582 ) max_dtke = 0.0015719 (nCV =	26792 ) 
+----+----+----+--------------+--------------+--------------+--------------+--------------+------+----+-+-+--+------+
|Name|view| n_y| Initial res  | Initial resL1| Target res   | Final res    | Final res L1 |Visits|Iter|R|F|CL|Status|
+----+----+----+--------------+--------------+--------------+--------------+--------------+------+----+-+-+--+------+
|turb|   0|   0|  1.542757e-11|  4.485371e-05|  6.151791e-21|  1.237450e-21|  2.244303e-09|     3|  18|0|n|30|  OK  |
|turb|   0|   1|  4.060293e-04|  1.367092e-01|  1.360778e-15|  2.388682e-16|  9.265954e-07|     3|  18|0|n|30|  OK  |
Filter: K,E,momentum: sd =   0 isolating K from zero=    132 E from zero=  23549 E from infinity=  20832
slv : Fluid subdom(new) 0
slv : P static (new)                 : min(  45443) = 101324.9888424       , max(   8670) = 101427.90955921      
slv : P_static - Rho*g*h (new)       : min(  45443) = 101324.95723217      , max(   8670) = 101427.92776488      
slv : Density (new)                  : min(  47374) = 1.3300872602194      , max(   8670) = 1.3313624472122      
slv : Velocity (new)                 : min(  22076) = 0.0011801116169395   , max(  46180) = 12.252700152871      
slv : Mach number (new)              : min(  22076) = 3.6202987840733e-06  , max(  46180) = 0.037593419874783    
slv : Turbulent k (new)              : min(   1701) = 1e-40                , max(  23590) = 3.3097415491323      
slv : Turbulent e (new)              : min(   7591) = 2.7067739414614e-40  , max(  23590) = 15678.782099638      
slv : Temperature (new)              : min(  47154) = 293.12767584809      , max(  22063) = 293.21155599388      
slv : Total enthalpy, Y-shifted (new): min(  38926) = -15.671803191501     , max(   7576) = 12.320221338441      
slv : MASS FLUXES AT OPENINGS: MF=-0.000260883, AP=0.000260881
slv : DvGr statistics: min alpha=0.112794(nfa=88066, geom_slice=0)
slv : +----------------------------------+------------+-------+------------+------------+
slv : |          Collector name          | Total Time | Count |  Avg Time  |  Max Time  |
slv : +----------------------------------+------------+-------+------------+------------+
slv : | Calculate_inc                    |      44.657|     79|       0.565|       0.799|
slv : | CollectEMT_Results               |       0.000|     80|       0.000|       0.000|
slv : | HeatPathCalculator_Dynamic       |       0.017|      1|       0.017|       0.017|
slv : | LiSy_make_portrait               |       0.917|    342|       0.003|       0.016|
slv : | Results_processing               |       5.854|     79|       0.074|       0.092|
slv : | build_sl_ordering_CHT            |       0.016|     80|       0.000|       0.005|
slv : | build_sl_ordering_MDS            |       0.104|     80|       0.001|       0.014|
slv : | build_sl_ordering_fluid          |       0.101|     80|       0.001|       0.014|
slv : | calc_Convolutions_MDS            |       1.374|     80|       0.017|       0.021|
slv : | calc_wall_dist                   |       2.275|      1|       2.275|       2.275|
slv : | create_Gr_operators_MDS          |       1.319|     80|       0.016|       0.024|
slv : | create_Gr_operators_portrait_MDS |       0.409|     80|       0.005|       0.008|
slv : | init_Hy_group_MDS                |       0.735|     80|       0.009|       0.013|
slv : | perform_stage_total              |      40.826|   2168|       0.019|       2.275|
slv : | precalc_at_start_MDS             |       1.593|      2|       0.796|       1.564|
slv : | solve_3M_MDS                     |       4.866|     80|       0.061|       0.080|
slv : | solve_3M_alg_MDS                 |       2.735|     80|       0.034|       0.052|
slv : | solve_BG_MDS                     |       2.827|     80|       0.035|       0.061|
slv : | solve_BG_alg_MDS                 |       2.247|     80|       0.028|       0.055|
slv : | solve_BL_MDS                     |       7.684|     80|       0.096|       0.242|
slv : | solve_CHT                        |       2.817|     80|       0.035|       0.066|
slv : | solve_CHT_MDS                    |       2.348|     80|       0.029|       0.061|
slv : | solve_CHT_alg_MDS                |       1.312|     80|       0.016|       0.046|
slv : | solve_DvGr_MDS                   |       8.281|     80|       0.104|       0.207|
slv : | solve_DvGr_alg_MDS               |       4.495|     80|       0.056|       0.161|
slv : | solve_INPR_MDS                   |       0.000|      1|       0.000|       0.000|
slv : | solve_PS+QJ                      |       0.000|      0|       0.000|       0.000|
slv : | solve_YLMA_MDS                   |       0.001|     80|       0.000|       0.000|
slv : | solve_YNOx_MDS                   |       0.000|     80|       0.000|       0.000|
slv : | solve_YTd_MDS                    |       0.003|     80|       0.000|       0.000|
slv : | solve_YTurb_MDS                  |      10.844|     80|       0.136|       0.187|
slv : | solve_YTurb_alg_MDS              |       5.823|    160|       0.036|       0.060|
slv : | update_BC_MDS                    |       0.000|     81|       0.000|       0.000|
slv : | update_Mf_after_DvGr             |       0.700|     80|       0.009|       0.015|
slv : | update_VelPressure_MDS           |       0.233|     80|       0.003|       0.005|
slv : +----------------------------------+------------+-------+------------+------------+
Interpolator cache: total calls 66676, optimised calls 25893 (38.8 %)
-----------------------------------------------------------------------
Memory Working Set Current = 386.98 Mb, Memory Working Set Peak = 386.99 Mb
Memory Private Bytes Current = 414.14 Mb, Memory Private Bytes Peak = 414.14 Mb
Process Threads Number: 32
-----------------------------------------------------------------------
Iteration : time = 2.99254 , count = 5 , time/count = 0.598508
Calculate_inc() : time = 2.61469 , count = 5 , time/count = 0.522939
TreatFlowEvolution() : time = 0.371244 , count = 5 , time/count = 0.0742488
SolverPreview : time = 0 , count = 5 , time/count = 0
TreatGoals : time = 0.357567 , count = 5 , time/count = 0.0715134
Algebra Pool      : mem_usage = 205.31 Mb, allocated count = 2283

================== Tstep=80 ===================
nslice = 0; reset pressure calculator:  Rho_ref_grav_new = 1.33105
nslice = 0  P_ref = 101325
nslice = 0  Rho_ref_grav_old = 1.33105, Rho_ref_grav_new = 1.33105
 fluid-flow view[  0]: rho_ref_grav_averaged_in_view = 1.3310529393993       
<Dynamic P> on nsd = 0 {openings (inlet / outlet)}:
  (SP = Static Pressure, EP = Environment Pressure, TP = Total Pressure, E = External)
  {#1, SP, (0.000000e+00 / 7.315034e+01)}
  MWS[  0]=0.433203
tau_viscous_averaged = 0.00421303 
dt(mass,momentum; nsd=  0): min dt/dtG(ncv=  46064)=1.00 , max dt/dtG(ncv=   2282)=25.6   , dtG=0.00016904
Flow alg-view 0 in phys-view 0 isn't Neumann (not Multi Phase treating)
Face Momentum (sd=  0): max value of div(mf) (cv=47179) = 1.371282e-10
Flow alg-view 0 is not Neumann (not for Phase Change + Nested Iters)
+----+----+--------------+--------------+--------------+--------------+--------------+------+----+-+-+--+------+
|Name|view| Initial res  | Initial resL1| Target res   | Final res    | Final res L1 |Visits|Iter|R|F|CL|Status|
| BG |   0|  2.482108e-18|  1.496701e-07|  2.827306e-20|  9.175141e-21|  9.232397e-09|     7|  21|0|n|30|  OK  |
log10(resTarget_Lim / resTarget_Orig): 2.3 
Face Momentum (sd=  0): max value of div(mf) (cv=43884) = 7.730022e-12
	norm_L2 of div(momentum) = 9.578696e-11.
Flow alg-view 0 in phys-view 0 isn't Neumann (not Multi Phase treating)
LOG: number of a-faces with weighted approximations in 0 subdomain: 9.39938 percent
LOG: Rate of a-faces corrected to CUp1st in 0 subdomain: 1.24075 %
slv : SolveBL stage
|nsd|Real WF|NormalF|Cycle F|CriticF| EdgeF |CyclBrF|ExtParF|RWFnumSt|StLvlNum|  nfw  |  alp_U_min  |  nfw  |  alp_U_max  |  nfw  |  alp_T_min  |  nfw  |  alp_T_max  |  nfw  |  BL_s_min   |  nfw  |   BL_s_max  |
|  0|  12896|  12822|      0|      2|     72|      0|      0|   12896|     122|   2053|0            |   4725|31957        |   1310|0            |   7943|76157.8      |   7470|-12.7233     |   1310|0            |
Face Momentum (sd=  0): max value of div(mf) (cv=43884) = 7.730022e-12
	norm_L2 of div(momentum) = 9.578696e-11.
slv : 3m: nsd = 0 
slv :  3m: ROTATION = NO 
slv :  3m: gravity_vector     = {	 0 	 -9.81 	 0	 }  
slv :  3m: gravity_vector_LCS = {	 0 	 -9.81 	 0	 }  
slv :  +----+----+----+--------------+--------------+--------------+--------------+--------------+------+----+-+-+--+------+
|Name|view| n_y| Initial res  | Initial resL1| Target res   | Final res    | Final res L1 |Visits|Iter|R|F|CL|Status|
+----+----+----+--------------+--------------+--------------+--------------+--------------+------+----+-+-+--+------+
| 3M |   0|   0|  1.129067e-12|  7.921892e-05|  9.875157e-17|  8.781949e-19|  3.713477e-08|     2|   6|0|n|29|  OK  |
Velocity (predicted):
        (local) sd   0: min(  15955)=0.0012510850844435   , max(  46180)=12.252982681943      
Flow alg-view 0 is not Neumann (not for Phase Change + Nested Iters)
+----+----+--------------+--------------+--------------+--------------+--------------+------+----+-+-+--+------+
|Name|view| Initial res  | Initial resL1| Target res   | Final res    | Final res L1 |Visits|Iter|R|F|CL|Status|
|DVGR|   0|  5.412300e-14|  1.247749e-05|  3.382687e-18|  2.465714e-18|  1.455604e-07|     3|   9|0|n|30|  OK  |
PRESSURE SOLVER(geom_index=  0): sum_C_dp=2.60886e-14
Face Momentum (sd=  0): max value of div(mf) (cv=47012) = 1.744785e-10
	norm_L2 of div(momentum) = 1.570259e-09.
nsd = 0 min_dtHy = 0.000169048 (nCV =	46146 ) max_dtHy = 0.00433806 (nCV =	2282 ) 
+----+----+--------------+--------------+--------------+--------------+--------------+------+----+-+-+--+------+
|Name|view| Initial res  | Initial resL1| Target res   | Final res    | Final res L1 |Visits|Iter|R|F|CL|Status|
|CHT |   0|  1.572123e-13|  1.669495e-05|  9.825772e-18|  9.981952e-20|  2.382367e-08|     2|  18|0|n|30|  OK  |
nsd = 0 min_dtke = 3.17596e-05 (nCV =	23582 ) max_dtke = 0.00157173 (nCV =	26792 ) 
+----+----+----+--------------+--------------+--------------+--------------+--------------+------+----+-+-+--+------+
|Name|view| n_y| Initial res  | Initial resL1| Target res   | Final res    | Final res L1 |Visits|Iter|R|F|CL|Status|
+----+----+----+--------------+--------------+--------------+--------------+--------------+------+----+-+-+--+------+
|turb|   0|   0|  1.565161e-11|  4.506054e-05|  6.155574e-21|  1.889028e-21|  2.728281e-09|     3|  18|0|n|30|  OK  |
|turb|   0|   1|  4.118802e-04|  1.375328e-01|  1.362124e-15|  2.725770e-16|  1.011948e-06|     3|  18|0|n|30|  OK  |
Filter: K,E,momentum: sd =   0 isolating K from zero=    147 E from zero=  23536 E from infinity=  20702
slv : Fluid subdom(new) 0
slv : P static (new)                 : min(  45443) = 101324.99006689      , max(   8670) = 101427.93826365      
slv : P_static - Rho*g*h (new)       : min(  45443) = 101324.95845665      , max(   8670) = 101427.95646933      
slv : Density (new)                  : min(  47374) = 1.3300872941195      , max(   8670) = 1.331362823672       
slv : Velocity (new)                 : min(  17122) = 0.0015765912478081   , max(  46180) = 12.253030396285      
slv : Mach number (new)              : min(  17122) = 4.8366704452657e-06  , max(  46180) = 0.037594433448782    
slv : Turbulent k (new)              : min(   1698) = 1e-40                , max(  23590) = 3.3169144705644      
slv : Turbulent e (new)              : min(   7591) = 2.706773254279e-40   , max(  23590) = 15719.01130723       
slv : Temperature (new)              : min(  47154) = 293.12766011035      , max(  22063) = 293.21155050988      
slv : Total enthalpy, Y-shifted (new): min(  38926) = -15.70388285635      , max(   7576) = 12.320212027128      
slv : MASS FLUXES AT OPENINGS: MF=-0.000260883, AP=0.000260881
slv : DvGr statistics: min alpha=0.112799(nfa=88066, geom_slice=0)
slv : +----------------------------------+------------+-------+------------+------------+
slv : |          Collector name          | Total Time | Count |  Avg Time  |  Max Time  |
slv : +----------------------------------+------------+-------+------------+------------+
slv : | Calculate_inc                    |      45.166|     80|       0.565|       0.799|
slv : | CollectEMT_Results               |       0.000|     81|       0.000|       0.000|
slv : | HeatPathCalculator_Dynamic       |       0.017|      1|       0.017|       0.017|
slv : | LiSy_make_portrait               |       0.927|    346|       0.003|       0.016|
slv : | Results_processing               |       5.934|     80|       0.074|       0.092|
slv : | build_sl_ordering_CHT            |       0.016|     81|       0.000|       0.005|
slv : | build_sl_ordering_MDS            |       0.104|     81|       0.001|       0.014|
slv : | build_sl_ordering_fluid          |       0.102|     81|       0.001|       0.014|
slv : | calc_Convolutions_MDS            |       1.390|     81|       0.017|       0.021|
slv : | calc_wall_dist                   |       2.275|      1|       2.275|       2.275|
slv : | create_Gr_operators_MDS          |       1.334|     81|       0.016|       0.024|
slv : | create_Gr_operators_portrait_MDS |       0.414|     81|       0.005|       0.008|
slv : | init_Hy_group_MDS                |       0.743|     81|       0.009|       0.013|
slv : | perform_stage_total              |      41.280|   2195|       0.019|       2.275|
slv : | precalc_at_start_MDS             |       1.593|      2|       0.796|       1.564|
slv : | solve_3M_MDS                     |       4.925|     81|       0.061|       0.080|
slv : | solve_3M_alg_MDS                 |       2.769|     81|       0.034|       0.052|
slv : | solve_BG_MDS                     |       2.860|     81|       0.035|       0.061|
slv : | solve_BG_alg_MDS                 |       2.273|     81|       0.028|       0.055|
slv : | solve_BL_MDS                     |       7.777|     81|       0.096|       0.242|
slv : | solve_CHT                        |       2.845|     81|       0.035|       0.066|
slv : | solve_CHT_MDS                    |       2.370|     81|       0.029|       0.061|
slv : | solve_CHT_alg_MDS                |       1.323|     81|       0.016|       0.046|
slv : | solve_DvGr_MDS                   |       8.366|     81|       0.103|       0.207|
slv : | solve_DvGr_alg_MDS               |       4.533|     81|       0.056|       0.161|
slv : | solve_INPR_MDS                   |       0.000|      1|       0.000|       0.000|
slv : | solve_PS+QJ                      |       0.000|      0|       0.000|       0.000|
slv : | solve_YLMA_MDS                   |       0.001|     81|       0.000|       0.000|
slv : | solve_YNOx_MDS                   |       0.000|     81|       0.000|       0.000|
slv : | solve_YTd_MDS                    |       0.003|     81|       0.000|       0.000|
slv : | solve_YTurb_MDS                  |      10.983|     81|       0.136|       0.187|
slv : | solve_YTurb_alg_MDS              |       5.900|    162|       0.036|       0.060|
slv : | update_BC_MDS                    |       0.000|     82|       0.000|       0.000|
slv : | update_Mf_after_DvGr             |       0.708|     81|       0.009|       0.015|
slv : | update_VelPressure_MDS           |       0.236|     81|       0.003|       0.005|
slv : +----------------------------------+------------+-------+------------+------------+
-----------------------------------------------------------------------
Memory Working Set Current = 386.98 Mb, Memory Working Set Peak = 386.99 Mb
Memory Private Bytes Current = 414.14 Mb, Memory Private Bytes Peak = 414.14 Mb
Process Threads Number: 32
-----------------------------------------------------------------------
Algebra Pool      : mem_usage = 205.31 Mb, allocated count = 2290

================== Tstep=81 ===================
nslice = 0; reset pressure calculator:  Rho_ref_grav_new = 1.33105
nslice = 0  P_ref = 101325
nslice = 0  Rho_ref_grav_old = 1.33105, Rho_ref_grav_new = 1.33105
 fluid-flow view[  0]: rho_ref_grav_averaged_in_view = 1.3310531972378       
<Dynamic P> on nsd = 0 {openings (inlet / outlet)}:
  (SP = Static Pressure, EP = Environment Pressure, TP = Total Pressure, E = External)
  {#1, SP, (0.000000e+00 / 7.315776e+01)}
  MWS[  0]=0.433214
tau_viscous_averaged = 0.00420566 
dt(mass,momentum; nsd=  0): min dt/dtG(ncv=  46078)=1.00 , max dt/dtG(ncv=   2282)=25.6   , dtG=0.000169023
Flow alg-view 0 in phys-view 0 isn't Neumann (not Multi Phase treating)
Face Momentum (sd=  0): max value of div(mf) (cv=47012) = 1.744785e-10
Flow alg-view 0 is not Neumann (not for Phase Change + Nested Iters)
+----+----+--------------+--------------+--------------+--------------+--------------+------+----+-+-+--+------+
|Name|view| Initial res  | Initial resL1| Target res   | Final res    | Final res L1 |Visits|Iter|R|F|CL|Status|
| BG |   0|  2.466503e-18|  1.459220e-07|  3.382687e-20|  1.624092e-20|  1.347923e-08|     6|  18|0|n|30|  OK  |
log10(resTarget_Lim / resTarget_Orig): 2.3 
Face Momentum (sd=  0): max value of div(mf) (cv=43935) = 1.109676e-11
	norm_L2 of div(momentum) = 1.274399e-10.
Flow alg-view 0 in phys-view 0 isn't Neumann (not Multi Phase treating)
LOG: number of a-faces with weighted approximations in 0 subdomain: 9.46636 percent
LOG: Rate of a-faces corrected to CUp1st in 0 subdomain: 1.22657 %
slv : SolveBL stage
|nsd|Real WF|NormalF|Cycle F|CriticF| EdgeF |CyclBrF|ExtParF|RWFnumSt|StLvlNum|  nfw  |  alp_U_min  |  nfw  |  alp_U_max  |  nfw  |  alp_T_min  |  nfw  |  alp_T_max  |  nfw  |  BL_s_min   |  nfw  |   BL_s_max  |
|  0|  12896|  12822|      0|      2|     72|      0|      0|   12896|     122|   2053|0            |   5752|42483.4      |   1310|0            |   7220|63487.5      |   7470|-12.7037     |   1310|0            |
Face Momentum (sd=  0): max value of div(mf) (cv=43935) = 1.109676e-11
	norm_L2 of div(momentum) = 1.274399e-10.
slv : 3m: nsd = 0 
slv :  3m: ROTATION = NO 
slv :  3m: gravity_vector     = {	 0 	 -9.81 	 0	 }  
slv :  3m: gravity_vector_LCS = {	 0 	 -9.81 	 0	 }  
slv :  +----+----+----+--------------+--------------+--------------+--------------+--------------+------+----+-+-+--+------+
|Name|view| n_y| Initial res  | Initial resL1| Target res   | Final res    | Final res L1 |Visits|Iter|R|F|CL|Status|
+----+----+----+--------------+--------------+--------------+--------------+--------------+------+----+-+-+--+------+
| 3M |   0|   0|  8.840549e-13|  7.608770e-05|  9.877964e-17|  1.622357e-18|  6.783520e-08|     2|   6|0|n|29|  OK  |
Velocity (predicted):
        (local) sd   0: min(  17122)=0.00084703193677349  , max(  46180)=12.253750597119      
Flow alg-view 0 is not Neumann (not for Phase Change + Nested Iters)
+----+----+--------------+--------------+--------------+--------------+--------------+------+----+-+-+--+------+
|Name|view| Initial res  | Initial resL1| Target res   | Final res    | Final res L1 |Visits|Iter|R|F|CL|Status|
|DVGR|   0|  4.511220e-14|  1.211251e-05|  2.819512e-18|  4.497769e-19|  6.211389e-08|     4|  12|0|n|30|  OK  |
PRESSURE SOLVER(geom_index=  0): sum_C_dp=3.88452e-14
Face Momentum (sd=  0): max value of div(mf) (cv=14422) = 7.223211e-11
	norm_L2 of div(momentum) = 6.706541e-10.
nsd = 0 min_dtHy = 0.000169031 (nCV =	46212 ) max_dtHy = 0.00433631 (nCV =	2282 ) 
+----+----+--------------+--------------+--------------+--------------+--------------+------+----+-+-+--+------+
|Name|view| Initial res  | Initial resL1| Target res   | Final res    | Final res L1 |Visits|Iter|R|F|CL|Status|
|CHT |   0|  1.575011e-13|  1.696064e-05|  9.843818e-18|  1.537219e-19|  3.080573e-08|     2|  18|0|n|30|  OK  |
nsd = 0 min_dtke = 3.16976e-05 (nCV =	22778 ) max_dtke = 0.00157177 (nCV =	26792 ) 
+----+----+----+--------------+--------------+--------------+--------------+--------------+------+----+-+-+--+------+
|Name|view| n_y| Initial res  | Initial resL1| Target res   | Final res    | Final res L1 |Visits|Iter|R|F|CL|Status|
+----+----+----+--------------+--------------+--------------+--------------+--------------+------+----+-+-+--+------+
|turb|   0|   0|  1.572957e-11|  4.517736e-05|  6.156246e-21|  3.068986e-21|  3.372081e-09|     3|  18|0|n|30|  OK  |
|turb|   0|   1|  4.146570e-04|  1.379402e-01|  1.362238e-15|  2.982021e-16|  1.093380e-06|     3|  18|0|n|30|  OK  |
Filter: K,E,momentum: sd =   0 isolating K from zero=    130 E from zero=  23524 E from infinity=  20616
slv : Fluid subdom(new) 0
slv : P static (new)                 : min(  45443) = 101324.99749101      , max(   8670) = 101427.97989043      
slv : P_static - Rho*g*h (new)       : min(  45443) = 101324.96588077      , max(   8670) = 101427.99809611      
slv : Density (new)                  : min(  47374) = 1.3300873046389      , max(   8670) = 1.3313633693281      
slv : Velocity (new)                 : min(  17122) = 0.0015480251376944   , max(  46180) = 12.255071599391      
slv : Mach number (new)              : min(  17122) = 4.7490352641163e-06  , max(  46180) = 0.037600698052736    
slv : Turbulent k (new)              : min(   1701) = 1e-40                , max(  23590) = 3.3239305303991      
slv : Turbulent e (new)              : min(   7587) = 3.1086653826773e-40  , max(  23590) = 15758.253069089      
slv : Temperature (new)              : min(  47154) = 293.1276391945       , max(  22255) = 293.21155731565      
slv : Total enthalpy, Y-shifted (new): min(  38926) = -15.731540151207     , max(   7576) = 12.320221060167      
slv : MASS FLUXES AT OPENINGS: MF=-0.000260882, AP=0.000260882
slv : DvGr statistics: min alpha=0.112792(nfa=88066, geom_slice=0)
slv : +----------------------------------+------------+-------+------------+------------+
slv : |          Collector name          | Total Time | Count |  Avg Time  |  Max Time  |
slv : +----------------------------------+------------+-------+------------+------------+
slv : | Calculate_inc                    |      45.693|     81|       0.564|       0.799|
slv : | CollectEMT_Results               |       0.000|     82|       0.000|       0.000|
slv : | HeatPathCalculator_Dynamic       |       0.017|      1|       0.017|       0.017|
slv : | LiSy_make_portrait               |       0.938|    350|       0.003|       0.016|
slv : | Results_processing               |       6.018|     81|       0.074|       0.092|
slv : | build_sl_ordering_CHT            |       0.016|     82|       0.000|       0.005|
slv : | build_sl_ordering_MDS            |       0.105|     82|       0.001|       0.014|
slv : | build_sl_ordering_fluid          |       0.102|     82|       0.001|       0.014|
slv : | calc_Convolutions_MDS            |       1.409|     82|       0.017|       0.021|
slv : | calc_wall_dist                   |       2.275|      1|       2.275|       2.275|
slv : | create_Gr_operators_MDS          |       1.351|     82|       0.016|       0.024|
slv : | create_Gr_operators_portrait_MDS |       0.419|     82|       0.005|       0.008|
slv : | init_Hy_group_MDS                |       0.755|     82|       0.009|       0.013|
slv : | perform_stage_total              |      41.727|   2222|       0.019|       2.275|
slv : | precalc_at_start_MDS             |       1.593|      2|       0.796|       1.564|
slv : | solve_3M_MDS                     |       4.970|     82|       0.061|       0.080|
slv : | solve_3M_alg_MDS                 |       2.790|     82|       0.034|       0.052|
slv : | solve_BG_MDS                     |       2.891|     82|       0.035|       0.061|
slv : | solve_BG_alg_MDS                 |       2.297|     82|       0.028|       0.055|
slv : | solve_BL_MDS                     |       7.869|     82|       0.096|       0.242|
slv : | solve_CHT                        |       2.872|     82|       0.035|       0.066|
slv : | solve_CHT_MDS                    |       2.392|     82|       0.029|       0.061|
slv : | solve_CHT_alg_MDS                |       1.333|     82|       0.016|       0.046|
slv : | solve_DvGr_MDS                   |       8.458|     82|       0.103|       0.207|
slv : | solve_DvGr_alg_MDS               |       4.578|     82|       0.056|       0.161|
slv : | solve_INPR_MDS                   |       0.000|      1|       0.000|       0.000|
slv : | solve_PS+QJ                      |       0.000|      0|       0.000|       0.000|
slv : | solve_YLMA_MDS                   |       0.001|     82|       0.000|       0.000|
slv : | solve_YNOx_MDS                   |       0.000|     82|       0.000|       0.000|
slv : | solve_YTd_MDS                    |       0.003|     82|       0.000|       0.000|
slv : | solve_YTurb_MDS                  |      11.118|     82|       0.136|       0.187|
slv : | solve_YTurb_alg_MDS              |       5.975|    164|       0.036|       0.060|
slv : | update_BC_MDS                    |       0.000|     83|       0.000|       0.000|
slv : | update_Mf_after_DvGr             |       0.716|     82|       0.009|       0.015|
slv : | update_VelPressure_MDS           |       0.238|     82|       0.003|       0.005|
slv : +----------------------------------+------------+-------+------------+------------+
-----------------------------------------------------------------------
Memory Working Set Current = 386.95 Mb, Memory Working Set Peak = 386.99 Mb
Memory Private Bytes Current = 414.14 Mb, Memory Private Bytes Peak = 414.14 Mb
Process Threads Number: 32
-----------------------------------------------------------------------
Algebra Pool      : mem_usage = 205.31 Mb, allocated count = 2285

================== Tstep=82 ===================
nslice = 0; reset pressure calculator:  Rho_ref_grav_new = 1.33105
nslice = 0  P_ref = 101325
nslice = 0  Rho_ref_grav_old = 1.33105, Rho_ref_grav_new = 1.33105
 fluid-flow view[  0]: rho_ref_grav_averaged_in_view = 1.3310535997098       
<Dynamic P> on nsd = 0 {openings (inlet / outlet)}:
  (SP = Static Pressure, EP = Environment Pressure, TP = Total Pressure, E = External)
  {#1, SP, (0.000000e+00 / 7.316555e+01)}
  MWS[  0]=0.433286
tau_viscous_averaged = 0.00419699 
dt(mass,momentum; nsd=  0): min dt/dtG(ncv=  46098)=1.00 , max dt/dtG(ncv=   2282)=25.6   , dtG=0.000169002
Flow alg-view 0 in phys-view 0 isn't Neumann (not Multi Phase treating)
Face Momentum (sd=  0): max value of div(mf) (cv=14422) = 7.223211e-11
Flow alg-view 0 is not Neumann (not for Phase Change + Nested Iters)
+----+----+--------------+--------------+--------------+--------------+--------------+------+----+-+-+--+------+
|Name|view| Initial res  | Initial resL1| Target res   | Final res    | Final res L1 |Visits|Iter|R|F|CL|Status|
| BG |   0|  4.505241e-19|  6.249497e-08|  2.819512e-20|  2.304929e-20|  1.939165e-08|     5|  15|0|n|30|  OK  |
log10(resTarget_Lim / resTarget_Orig): 3.0 
Face Momentum (sd=  0): max value of div(mf) (cv=43936) = 9.996811e-12
	norm_L2 of div(momentum) = 1.518199e-10.
Flow alg-view 0 in phys-view 0 isn't Neumann (not Multi Phase treating)
LOG: number of a-faces with weighted approximations in 0 subdomain: 9.4172 percent
LOG: Rate of a-faces corrected to CUp1st in 0 subdomain: 1.24227 %
slv : SolveBL stage
|nsd|Real WF|NormalF|Cycle F|CriticF| EdgeF |CyclBrF|ExtParF|RWFnumSt|StLvlNum|  nfw  |  alp_U_min  |  nfw  |  alp_U_max  |  nfw  |  alp_T_min  |  nfw  |  alp_T_max  |  nfw  |  BL_s_min   |  nfw  |   BL_s_max  |
|  0|  12896|  12822|      0|      2|     72|      0|      0|   12896|     122|   2053|0            |   4725|23289.3      |   1310|0            |   7220|97583.8      |   7470|-12.7142     |   1310|0            |
Face Momentum (sd=  0): max value of div(mf) (cv=43936) = 9.996811e-12
	norm_L2 of div(momentum) = 1.518199e-10.
slv : 3m: nsd = 0 
slv :  3m: ROTATION = NO 
slv :  3m: gravity_vector     = {	 0 	 -9.81 	 0	 }  
slv :  3m: gravity_vector_LCS = {	 0 	 -9.81 	 0	 }  
slv :  +----+----+----+--------------+--------------+--------------+--------------+--------------+------+----+-+-+--+------+
|Name|view| n_y| Initial res  | Initial resL1| Target res   | Final res    | Final res L1 |Visits|Iter|R|F|CL|Status|
+----+----+----+--------------+--------------+--------------+--------------+--------------+------+----+-+-+--+------+
| 3M |   0|   0|  1.035548e-12|  7.723634e-05|  9.883685e-17|  7.668305e-19|  3.568261e-08|     2|   6|0|n|29|  OK  |
Velocity (predicted):
        (local) sd   0: min(  15955)=0.0014089256467044   , max(  46180)=12.254971537243      
Flow alg-view 0 is not Neumann (not for Phase Change + Nested Iters)
+----+----+--------------+--------------+--------------+--------------+--------------+------+----+-+-+--+------+
|Name|view| Initial res  | Initial resL1| Target res   | Final res    | Final res L1 |Visits|Iter|R|F|CL|Status|
|DVGR|   0|  4.698157e-14|  1.203908e-05|  2.936348e-18|  4.757418e-19|  6.402909e-08|     4|  12|0|n|30|  OK  |
PRESSURE SOLVER(geom_index=  0): sum_C_dp=6.37845e-15
Face Momentum (sd=  0): max value of div(mf) (cv=47012) = 6.912119e-11
	norm_L2 of div(momentum) = 6.897404e-10.
nsd = 0 min_dtHy = 0.00016901 (nCV =	46180 ) max_dtHy = 0.00433745 (nCV =	2282 ) 
+----+----+--------------+--------------+--------------+--------------+--------------+------+----+-+-+--+------+
|Name|view| Initial res  | Initial resL1| Target res   | Final res    | Final res L1 |Visits|Iter|R|F|CL|Status|
|CHT |   0|  1.652556e-13|  1.724866e-05|  1.032847e-17|  1.954566e-19|  3.464271e-08|     2|  18|0|n|30|  OK  |
nsd = 0 min_dtke = 3.15971e-05 (nCV =	22778 ) max_dtke = 0.00157165 (nCV =	26792 ) 
+----+----+----+--------------+--------------+--------------+--------------+--------------+------+----+-+-+--+------+
|Name|view| n_y| Initial res  | Initial resL1| Target res   | Final res    | Final res L1 |Visits|Iter|R|F|CL|Status|
+----+----+----+--------------+--------------+--------------+--------------+--------------+------+----+-+-+--+------+
|turb|   0|   0|  1.547594e-11|  4.518136e-05|  6.159654e-21|  5.164589e-21|  4.228968e-09|     3|  18|0|n|30|  OK  |
|turb|   0|   1|  4.072351e-04|  1.371166e-01|  1.363374e-15|  3.839019e-16|  1.269095e-06|     3|  18|0|n|30|  OK  |
Filter: K,E,momentum: sd =   0 isolating K from zero=    138 E from zero=  23506 E from infinity=  20500
slv : Fluid subdom(new) 0
slv : P static (new)                 : min(  45443) = 101324.99588046      , max(   8670) = 101427.98979478      
slv : P_static - Rho*g*h (new)       : min(  45443) = 101324.96427021      , max(   8670) = 101428.00800046      
slv : Density (new)                  : min(  47374) = 1.3300873445769      , max(   8670) = 1.3313634992112      
slv : Velocity (new)                 : min(  15955) = 0.0015645521158598   , max(  46180) = 12.255197511791      
slv : Mach number (new)              : min(  15955) = 4.7997384068226e-06  , max(  46180) = 0.037601084610333    
slv : Turbulent k (new)              : min(   1674) = 1e-40                , max(  23590) = 3.3299776070912      
slv : Turbulent e (new)              : min(   7591) = 2.7067717598964e-40  , max(  23590) = 15792.475479358      
slv : Temperature (new)              : min(  47154) = 293.12762858301      , max(  22255) = 293.21156082173      
slv : Total enthalpy, Y-shifted (new): min(  38926) = -15.755712796263     , max(   7576) = 12.320209429233      
slv : MASS FLUXES AT OPENINGS: MF=-0.000260882, AP=0.000260881
slv : DvGr statistics: min alpha=0.1128(nfa=88066, geom_slice=0)
slv : +----------------------------------+------------+-------+------------+------------+
slv : |          Collector name          | Total Time | Count |  Avg Time  |  Max Time  |
slv : +----------------------------------+------------+-------+------------+------------+
slv : | Calculate_inc                    |      46.214|     82|       0.564|       0.799|
slv : | CollectEMT_Results               |       0.000|     83|       0.000|       0.000|
slv : | HeatPathCalculator_Dynamic       |       0.017|      1|       0.017|       0.017|
slv : | LiSy_make_portrait               |       0.949|    354|       0.003|       0.016|
slv : | Results_processing               |       6.081|     82|       0.074|       0.092|
slv : | build_sl_ordering_CHT            |       0.016|     83|       0.000|       0.005|
slv : | build_sl_ordering_MDS            |       0.105|     83|       0.001|       0.014|
slv : | build_sl_ordering_fluid          |       0.102|     83|       0.001|       0.014|
slv : | calc_Convolutions_MDS            |       1.426|     83|       0.017|       0.021|
slv : | calc_wall_dist                   |       2.275|      1|       2.275|       2.275|
slv : | create_Gr_operators_MDS          |       1.366|     83|       0.016|       0.024|
slv : | create_Gr_operators_portrait_MDS |       0.424|     83|       0.005|       0.008|
slv : | init_Hy_group_MDS                |       0.763|     83|       0.009|       0.013|
slv : | perform_stage_total              |      42.182|   2249|       0.019|       2.275|
slv : | precalc_at_start_MDS             |       1.593|      2|       0.796|       1.564|
slv : | solve_3M_MDS                     |       5.031|     83|       0.061|       0.080|
slv : | solve_3M_alg_MDS                 |       2.825|     83|       0.034|       0.052|
slv : | solve_BG_MDS                     |       2.918|     83|       0.035|       0.061|
slv : | solve_BG_alg_MDS                 |       2.317|     83|       0.028|       0.055|
slv : | solve_BL_MDS                     |       7.962|     83|       0.096|       0.242|
slv : | solve_CHT                        |       2.901|     83|       0.035|       0.066|
slv : | solve_CHT_MDS                    |       2.414|     83|       0.029|       0.061|
slv : | solve_CHT_alg_MDS                |       1.344|     83|       0.016|       0.046|
slv : | solve_DvGr_MDS                   |       8.550|     83|       0.103|       0.207|
slv : | solve_DvGr_alg_MDS               |       4.622|     83|       0.056|       0.161|
slv : | solve_INPR_MDS                   |       0.000|      1|       0.000|       0.000|
slv : | solve_PS+QJ                      |       0.000|      0|       0.000|       0.000|
slv : | solve_YLMA_MDS                   |       0.001|     83|       0.000|       0.000|
slv : | solve_YNOx_MDS                   |       0.000|     83|       0.000|       0.000|
slv : | solve_YTd_MDS                    |       0.003|     83|       0.000|       0.000|
slv : | solve_YTurb_MDS                  |      11.255|     83|       0.136|       0.187|
slv : | solve_YTurb_alg_MDS              |       6.052|    166|       0.036|       0.060|
slv : | update_BC_MDS                    |       0.000|     84|       0.000|       0.000|
slv : | update_Mf_after_DvGr             |       0.723|     83|       0.009|       0.015|
slv : | update_VelPressure_MDS           |       0.241|     83|       0.003|       0.005|
slv : +----------------------------------+------------+-------+------------+------------+
-----------------------------------------------------------------------
Memory Working Set Current = 386.87 Mb, Memory Working Set Peak = 386.99 Mb
Memory Private Bytes Current = 401.78 Mb, Memory Private Bytes Peak = 414.14 Mb
Process Threads Number: 32
-----------------------------------------------------------------------
Algebra Pool      : mem_usage = 205.31 Mb, allocated count = 2290

================== Tstep=83 ===================
nslice = 0; reset pressure calculator:  Rho_ref_grav_new = 1.33105
nslice = 0  P_ref = 101325
nslice = 0  Rho_ref_grav_old = 1.33105, Rho_ref_grav_new = 1.33105
 fluid-flow view[  0]: rho_ref_grav_averaged_in_view = 1.3310536497416       
<Dynamic P> on nsd = 0 {openings (inlet / outlet)}:
  (SP = Static Pressure, EP = Environment Pressure, TP = Total Pressure, E = External)
  {#1, SP, (0.000000e+00 / 7.317176e+01)}
  MWS[  0]=0.433291
tau_viscous_averaged = 0.00418731 
dt(mass,momentum; nsd=  0): min dt/dtG(ncv=  46146)=1.00 , max dt/dtG(ncv=   2282)=25.6   , dtG=0.00016899
Flow alg-view 0 in phys-view 0 isn't Neumann (not Multi Phase treating)
Face Momentum (sd=  0): max value of div(mf) (cv=47012) = 6.912119e-11
Flow alg-view 0 is not Neumann (not for Phase Change + Nested Iters)
+----+----+--------------+--------------+--------------+--------------+--------------+------+----+-+-+--+------+
|Name|view| Initial res  | Initial resL1| Target res   | Final res    | Final res L1 |Visits|Iter|R|F|CL|Status|
| BG |   0|  4.763705e-19|  6.438258e-08|  2.936348e-20|  2.342286e-20|  2.091324e-08|     4|  12|0|n|30|  OK  |
log10(resTarget_Lim / resTarget_Orig): 3.0 
Face Momentum (sd=  0): max value of div(mf) (cv=24421) = 8.062123e-12
	norm_L2 of div(momentum) = 1.530453e-10.
Flow alg-view 0 in phys-view 0 isn't Neumann (not Multi Phase treating)
LOG: number of a-faces with weighted approximations in 0 subdomain: 9.4856 percent
LOG: Rate of a-faces corrected to CUp1st in 0 subdomain: 1.22884 %
slv : SolveBL stage
|nsd|Real WF|NormalF|Cycle F|CriticF| EdgeF |CyclBrF|ExtParF|RWFnumSt|StLvlNum|  nfw  |  alp_U_min  |  nfw  |  alp_U_max  |  nfw  |  alp_T_min  |  nfw  |  alp_T_max  |  nfw  |  BL_s_min   |  nfw  |   BL_s_max  |
|  0|  12896|  12822|      0|      2|     72|      0|      0|   12896|     122|   2053|0            |   5716|54172.2      |   1310|0            |   5184|17664.2      |   7470|-12.6956     |   1310|0            |
Face Momentum (sd=  0): max value of div(mf) (cv=24421) = 8.062123e-12
	norm_L2 of div(momentum) = 1.530453e-10.
slv : 3m: nsd = 0 
slv :  3m: ROTATION = NO 
slv :  3m: gravity_vector     = {	 0 	 -9.81 	 0	 }  
slv :  3m: gravity_vector_LCS = {	 0 	 -9.81 	 0	 }  
slv :  +----+----+----+--------------+--------------+--------------+--------------+--------------+------+----+-+-+--+------+
|Name|view| n_y| Initial res  | Initial resL1| Target res   | Final res    | Final res L1 |Visits|Iter|R|F|CL|Status|
+----+----+----+--------------+--------------+--------------+--------------+--------------+------+----+-+-+--+------+
| 3M |   0|   0|  8.916106e-13|  7.483376e-05|  9.886514e-17|  2.049791e-18|  7.902292e-08|     2|   6|0|n|29|  OK  |
Velocity (predicted):
        (local) sd   0: min(  17122)=0.00072844900007451  , max(  46180)=12.255393171233      
Flow alg-view 0 is not Neumann (not for Phase Change + Nested Iters)
+----+----+--------------+--------------+--------------+--------------+--------------+------+----+-+-+--+------+
|Name|view| Initial res  | Initial resL1| Target res   | Final res    | Final res L1 |Visits|Iter|R|F|CL|Status|
|DVGR|   0|  4.375042e-14|  1.180481e-05|  2.734401e-18|  2.239844e-18|  1.421330e-07|     3|   9|0|n|30|  OK  |
PRESSURE SOLVER(geom_index=  0): sum_C_dp=2.18222e-14
Face Momentum (sd=  0): max value of div(mf) (cv=47012) = 1.853385e-10
	norm_L2 of div(momentum) = 1.496611e-09.
nsd = 0 min_dtHy = 0.000168998 (nCV =	46180 ) max_dtHy = 0.00433699 (nCV =	2282 ) 
+----+----+--------------+--------------+--------------+--------------+--------------+------+----+-+-+--+------+
|Name|view| Initial res  | Initial resL1| Target res   | Final res    | Final res L1 |Visits|Iter|R|F|CL|Status|
|CHT |   0|  1.624322e-13|  1.737274e-05|  1.015201e-17|  1.089664e-20|  7.686523e-09|     2|  18|0|n|30|  OK  |
nsd = 0 min_dtke = 3.15051e-05 (nCV =	22778 ) max_dtke = 0.0015717 (nCV =	26792 ) 
+----+----+----+--------------+--------------+--------------+--------------+--------------+------+----+-+-+--+------+
|Name|view| n_y| Initial res  | Initial resL1| Target res   | Final res    | Final res L1 |Visits|Iter|R|F|CL|Status|
+----+----+----+--------------+--------------+--------------+--------------+--------------+------+----+-+-+--+------+
|turb|   0|   0|  1.577802e-11|  4.553063e-05|  6.159967e-21|  7.862639e-22|  1.234674e-09|     4|  24|0|n|30|  OK  |
|turb|   0|   1|  4.146851e-04|  1.383375e-01|  1.363322e-15|  4.558597e-16|  1.401465e-06|     3|  18|0|n|30|  OK  |
Filter: K,E,momentum: sd =   0 isolating K from zero=    122 E from zero=  23489 E from infinity=  20438
slv : Fluid subdom(new) 0
slv : P static (new)                 : min(  45443) = 101325.00231701      , max(   8670) = 101428.01523197      
slv : P_static - Rho*g*h (new)       : min(  45443) = 101324.97070676      , max(   8670) = 101428.03343766      
slv : Density (new)                  : min(  47374) = 1.3300873623131      , max(   8670) = 1.3313638334017      
slv : Velocity (new)                 : min(  45561) = 0.0016726515384105   , max(  46180) = 12.256612230435      
slv : Mach number (new)              : min(  45561) = 5.1314409350846e-06  , max(  46180) = 0.037605426632236    
slv : Turbulent k (new)              : min(   1701) = 1e-40                , max(  23590) = 3.3356020298624      
slv : Turbulent e (new)              : min(   7592) = 2.777306247938e-40   , max(  23590) = 15824.16726165       
slv : Temperature (new)              : min(  47154) = 293.12761741026      , max(  22255) = 293.21157018095      
slv : Total enthalpy, Y-shifted (new): min(  38926) = -15.700771523084     , max(   7576) = 12.320217712425      
slv : MASS FLUXES AT OPENINGS: MF=-0.000260881, AP=0.000260879
slv : DvGr statistics: min alpha=0.112792(nfa=88066, geom_slice=0)
slv : +----------------------------------+------------+-------+------------+------------+
slv : |          Collector name          | Total Time | Count |  Avg Time  |  Max Time  |
slv : +----------------------------------+------------+-------+------------+------------+
slv : | Calculate_inc                    |      46.743|     83|       0.563|       0.799|
slv : | CollectEMT_Results               |       0.000|     84|       0.000|       0.000|
slv : | HeatPathCalculator_Dynamic       |       0.017|      1|       0.017|       0.017|
slv : | LiSy_make_portrait               |       0.959|    358|       0.003|       0.016|
slv : | Results_processing               |       6.152|     83|       0.074|       0.092|
slv : | build_sl_ordering_CHT            |       0.016|     84|       0.000|       0.005|
slv : | build_sl_ordering_MDS            |       0.105|     84|       0.001|       0.014|
slv : | build_sl_ordering_fluid          |       0.103|     84|       0.001|       0.014|
slv : | calc_Convolutions_MDS            |       1.443|     84|       0.017|       0.021|
slv : | calc_wall_dist                   |       2.275|      1|       2.275|       2.275|
slv : | create_Gr_operators_MDS          |       1.382|     84|       0.016|       0.024|
slv : | create_Gr_operators_portrait_MDS |       0.430|     84|       0.005|       0.008|
slv : | init_Hy_group_MDS                |       0.773|     84|       0.009|       0.013|
slv : | perform_stage_total              |      42.628|   2276|       0.019|       2.275|
slv : | precalc_at_start_MDS             |       1.593|      2|       0.796|       1.564|
slv : | solve_3M_MDS                     |       5.080|     84|       0.060|       0.080|
slv : | solve_3M_alg_MDS                 |       2.846|     84|       0.034|       0.052|
slv : | solve_BG_MDS                     |       2.946|     84|       0.035|       0.061|
slv : | solve_BG_alg_MDS                 |       2.338|     84|       0.028|       0.055|
slv : | solve_BL_MDS                     |       8.055|     84|       0.096|       0.242|
slv : | solve_CHT                        |       2.945|     84|       0.035|       0.066|
slv : | solve_CHT_MDS                    |       2.452|     84|       0.029|       0.061|
slv : | solve_CHT_alg_MDS                |       1.367|     84|       0.016|       0.046|
slv : | solve_DvGr_MDS                   |       8.631|     84|       0.103|       0.207|
slv : | solve_DvGr_alg_MDS               |       4.658|     84|       0.055|       0.161|
slv : | solve_INPR_MDS                   |       0.000|      1|       0.000|       0.000|
slv : | solve_PS+QJ                      |       0.000|      0|       0.000|       0.000|
slv : | solve_YLMA_MDS                   |       0.001|     84|       0.000|       0.000|
slv : | solve_YNOx_MDS                   |       0.000|     84|       0.000|       0.000|
slv : | solve_YTd_MDS                    |       0.003|     84|       0.000|       0.000|
slv : | solve_YTurb_MDS                  |      11.401|     84|       0.136|       0.187|
slv : | solve_YTurb_alg_MDS              |       6.133|    168|       0.037|       0.060|
slv : | update_BC_MDS                    |       0.000|     85|       0.000|       0.000|
slv : | update_Mf_after_DvGr             |       0.731|     84|       0.009|       0.015|
slv : | update_VelPressure_MDS           |       0.244|     84|       0.003|       0.005|
slv : +----------------------------------+------------+-------+------------+------------+
-----------------------------------------------------------------------
Memory Working Set Current = 386.89 Mb, Memory Working Set Peak = 386.99 Mb
Memory Private Bytes Current = 401.78 Mb, Memory Private Bytes Peak = 414.14 Mb
Process Threads Number: 32
-----------------------------------------------------------------------
Algebra Pool      : mem_usage = 205.31 Mb, allocated count = 2290

================== Tstep=84 ===================
nslice = 0; reset pressure calculator:  Rho_ref_grav_new = 1.33105
nslice = 0  P_ref = 101325
nslice = 0  Rho_ref_grav_old = 1.33105, Rho_ref_grav_new = 1.33105
 fluid-flow view[  0]: rho_ref_grav_averaged_in_view = 1.3310538705755       
<Dynamic P> on nsd = 0 {openings (inlet / outlet)}:
  (SP = Static Pressure, EP = Environment Pressure, TP = Total Pressure, E = External)
  {#1, SP, (0.000000e+00 / 7.317681e+01)}
  MWS[  0]=0.433341
tau_viscous_averaged = 0.00417722 
dt(mass,momentum; nsd=  0): min dt/dtG(ncv=  46200)=1.00 , max dt/dtG(ncv=   2282)=25.6   , dtG=0.000168976
Flow alg-view 0 in phys-view 0 isn't Neumann (not Multi Phase treating)
Face Momentum (sd=  0): max value of div(mf) (cv=47012) = 1.853385e-10
Flow alg-view 0 is not Neumann (not for Phase Change + Nested Iters)
+----+----+--------------+--------------+--------------+--------------+--------------+------+----+-+-+--+------+
|Name|view| Initial res  | Initial resL1| Target res   | Final res    | Final res L1 |Visits|Iter|R|F|CL|Status|
| BG |   0|  2.240505e-18|  1.424404e-07|  2.734401e-20|  1.222625e-20|  1.313266e-08|     6|  18|0|n|30|  OK  |
log10(resTarget_Lim / resTarget_Orig): 2.3 
Face Momentum (sd=  0): max value of div(mf) (cv=43884) = 8.944569e-12
	norm_L2 of div(momentum) = 1.105724e-10.
Flow alg-view 0 in phys-view 0 isn't Neumann (not Multi Phase treating)
LOG: number of a-faces with weighted approximations in 0 subdomain: 9.40295 percent
LOG: Rate of a-faces corrected to CUp1st in 0 subdomain: 1.23251 %
slv : SolveBL stage
|nsd|Real WF|NormalF|Cycle F|CriticF| EdgeF |CyclBrF|ExtParF|RWFnumSt|StLvlNum|  nfw  |  alp_U_min  |  nfw  |  alp_U_max  |  nfw  |  alp_T_min  |  nfw  |  alp_T_max  |  nfw  |  BL_s_min   |  nfw  |   BL_s_max  |
|  0|  12896|  12822|      0|      2|     72|      0|      0|   12896|     122|   2053|0            |   4725|27485.9      |   1310|0            |   7943|25710.2      |   7470|-12.7063     |   1310|0            |
Face Momentum (sd=  0): max value of div(mf) (cv=43884) = 8.944569e-12
	norm_L2 of div(momentum) = 1.105724e-10.
slv : 3m: nsd = 0 
slv :  3m: ROTATION = NO 
slv :  3m: gravity_vector     = {	 0 	 -9.81 	 0	 }  
slv :  3m: gravity_vector_LCS = {	 0 	 -9.81 	 0	 }  
slv :  +----+----+----+--------------+--------------+--------------+--------------+--------------+------+----+-+-+--+------+
|Name|view| n_y| Initial res  | Initial resL1| Target res   | Final res    | Final res L1 |Visits|Iter|R|F|CL|Status|
+----+----+----+--------------+--------------+--------------+--------------+--------------+------+----+-+-+--+------+
| 3M |   0|   0|  1.159965e-12|  7.562863e-05|  9.891294e-17|  2.040129e-18|  7.122940e-08|     2|   6|0|n|29|  OK  |
Velocity (predicted):
        (local) sd   0: min(  15955)=0.00077928549633807  , max(  46180)=12.255963625725      
Flow alg-view 0 is not Neumann (not for Phase Change + Nested Iters)
+----+----+--------------+--------------+--------------+--------------+--------------+------+----+-+-+--+------+
|Name|view| Initial res  | Initial resL1| Target res   | Final res    | Final res L1 |Visits|Iter|R|F|CL|Status|
|DVGR|   0|  4.362515e-14|  1.174137e-05|  2.726572e-18|  4.212853e-19|  5.890490e-08|     4|  12|0|n|30|  OK  |
PRESSURE SOLVER(geom_index=  0): sum_C_dp=9.68569e-15
Face Momentum (sd=  0): max value of div(mf) (cv=14315) = 7.161954e-11
	norm_L2 of div(momentum) = 6.490649e-10.
nsd = 0 min_dtHy = 0.000168984 (nCV =	46180 ) max_dtHy = 0.00433406 (nCV =	2282 ) 
+----+----+--------------+--------------+--------------+--------------+--------------+------+----+-+-+--+------+
|Name|view| Initial res  | Initial resL1| Target res   | Final res    | Final res L1 |Visits|Iter|R|F|CL|Status|
|CHT |   0|  1.555090e-13|  1.766834e-05|  9.719311e-18|  1.281221e-20|  7.947273e-09|     2|  18|0|n|30|  OK  |
nsd = 0 min_dtke = 3.14193e-05 (nCV =	22778 ) max_dtke = 0.00157157 (nCV =	26792 ) 
+----+----+----+--------------+--------------+--------------+--------------+--------------+------+----+-+-+--+------+
|Name|view| n_y| Initial res  | Initial resL1| Target res   | Final res    | Final res L1 |Visits|Iter|R|F|CL|Status|
+----+----+----+--------------+--------------+--------------+--------------+--------------+------+----+-+-+--+------+
|turb|   0|   0|  1.544834e-11|  4.532705e-05|  6.162199e-21|  1.166918e-21|  1.465621e-09|     4|  24|0|n|30|  OK  |
|turb|   0|   1|  4.073052e-04|  1.371016e-01|  1.364029e-15|  5.807551e-16|  1.572694e-06|     3|  18|0|n|30|  OK  |
Filter: K,E,momentum: sd =   0 isolating K from zero=    117 E from zero=  23480 E from infinity=  20376
slv : Fluid subdom(new) 0
slv : P static (new)                 : min(  45443) = 101325.00199759      , max(   8670) = 101428.02551751      
slv : P_static - Rho*g*h (new)       : min(  45443) = 101324.97038733      , max(   8670) = 101428.04372319      
slv : Density (new)                  : min(  47374) = 1.3300874018221      , max(   8670) = 1.3313639689027      
slv : Velocity (new)                 : min(  15955) = 0.001139908610999    , max(  46180) = 12.256397564835      
slv : Mach number (new)              : min(  15955) = 3.4970155755233e-06  , max(  46180) = 0.037604768119005    
slv : Turbulent k (new)              : min(   1674) = 1e-40                , max(  23590) = 3.3407237182647      
slv : Turbulent e (new)              : min(   7592) = 2.7773057361607e-40  , max(  23590) = 15853.751050006      
slv : Temperature (new)              : min(  47154) = 293.12760665107      , max(  22063) = 293.21157579044      
slv : Total enthalpy, Y-shifted (new): min(  38926) = -15.73594299813      , max(   7576) = 12.320208496108      
slv : MASS FLUXES AT OPENINGS: MF=-0.000260881, AP=0.00026088
slv : DvGr statistics: min alpha=0.112797(nfa=88066, geom_slice=0)
slv : +----------------------------------+------------+-------+------------+------------+
slv : |          Collector name          | Total Time | Count |  Avg Time  |  Max Time  |
slv : +----------------------------------+------------+-------+------------+------------+
slv : | Calculate_inc                    |      47.278|     84|       0.563|       0.799|
slv : | CollectEMT_Results               |       0.000|     85|       0.000|       0.000|
slv : | HeatPathCalculator_Dynamic       |       0.017|      1|       0.017|       0.017|
slv : | LiSy_make_portrait               |       0.971|    362|       0.003|       0.016|
slv : | Results_processing               |       6.230|     84|       0.074|       0.092|
slv : | build_sl_ordering_CHT            |       0.016|     85|       0.000|       0.005|
slv : | build_sl_ordering_MDS            |       0.106|     85|       0.001|       0.014|
slv : | build_sl_ordering_fluid          |       0.103|     85|       0.001|       0.014|
slv : | calc_Convolutions_MDS            |       1.465|     85|       0.017|       0.022|
slv : | calc_wall_dist                   |       2.275|      1|       2.275|       2.275|
slv : | create_Gr_operators_MDS          |       1.404|     85|       0.017|       0.024|
slv : | create_Gr_operators_portrait_MDS |       0.437|     85|       0.005|       0.008|
slv : | init_Hy_group_MDS                |       0.781|     85|       0.009|       0.013|
slv : | perform_stage_total              |      43.111|   2303|       0.019|       2.275|
slv : | precalc_at_start_MDS             |       1.593|      2|       0.796|       1.564|
slv : | solve_3M_MDS                     |       5.133|     85|       0.060|       0.080|
slv : | solve_3M_alg_MDS                 |       2.868|     85|       0.034|       0.052|
slv : | solve_BG_MDS                     |       2.982|     85|       0.035|       0.061|
slv : | solve_BG_alg_MDS                 |       2.364|     85|       0.028|       0.055|
slv : | solve_BL_MDS                     |       8.160|     85|       0.096|       0.242|
slv : | solve_CHT                        |       2.983|     85|       0.035|       0.066|
slv : | solve_CHT_MDS                    |       2.486|     85|       0.029|       0.061|
slv : | solve_CHT_alg_MDS                |       1.388|     85|       0.016|       0.046|
slv : | solve_DvGr_MDS                   |       8.723|     85|       0.103|       0.207|
slv : | solve_DvGr_alg_MDS               |       4.703|     85|       0.055|       0.161|
slv : | solve_INPR_MDS                   |       0.000|      1|       0.000|       0.000|
slv : | solve_PS+QJ                      |       0.000|      0|       0.000|       0.000|
slv : | solve_YLMA_MDS                   |       0.001|     85|       0.000|       0.000|
slv : | solve_YNOx_MDS                   |       0.000|     85|       0.000|       0.000|
slv : | solve_YTd_MDS                    |       0.003|     85|       0.000|       0.000|
slv : | solve_YTurb_MDS                  |      11.539|     85|       0.136|       0.187|
slv : | solve_YTurb_alg_MDS              |       6.215|    170|       0.037|       0.060|
slv : | update_BC_MDS                    |       0.000|     86|       0.000|       0.000|
slv : | update_Mf_after_DvGr             |       0.738|     85|       0.009|       0.015|
slv : | update_VelPressure_MDS           |       0.247|     85|       0.003|       0.005|
slv : +----------------------------------+------------+-------+------------+------------+
Interpolator cache: total calls 66678, optimised calls 25898 (38.8 %)
-----------------------------------------------------------------------
Memory Working Set Current = 387.12 Mb, Memory Working Set Peak = 387.12 Mb
Memory Private Bytes Current = 414.33 Mb, Memory Private Bytes Peak = 414.33 Mb
Process Threads Number: 32
-----------------------------------------------------------------------
/************Goal values******************/
/************End of Goal values******************/
/************	Min/Max Parameters	************/
Density (Fluid):		min = 1.3300874 kg/m^3		max = 1.33136397 kg/m^3
Pressure:		min = 101324.968 Pa		max = 101428.966 Pa
Temperature (Fluid):		min = 293.127607 K		max = 293.211876 K
Velocity:		min = 0 m/s		max = 12.2563976 m/s
Velocity (X):		min = -0.224437267 m/s		max = 12.25179 m/s
Velocity (Y):		min = -2.58151325 m/s		max = 2.64939738 m/s
Velocity (Z):		min = -2.7575659 m/s		max = 2.73229994 m/s
Mach Number:		min = 0		max = 0.0376047681
/************	End of Min/Max Parameters	************/
Solver finished at	2.5.2025	10:59:43
ENDING PROGRAM...
Estimated fld size=9.97 Mb
Writing fld file "D:\Mobile\Pdf\3D Model\210180104009_Bhaskar-Bhatt\SolodWorks Files\Nozzle\2\fld97E3.tmp"...
**************   CHeatPathCalculator report ******************
Total Enthalpy Rate
	domain 0 (External: 0; Inner: -4.07388e-07)
Temperatures
	0 (Vol 1.36371e-06; Tmin 293.128; Tav 293.19; Tmax 293.212)
Total Energy Balance [W]
	-4.07388e-07
**************   CHeatPathCalculator report end******************
store res: FILE RENAMED: "D:\Mobile\Pdf\3D Model\210180104009_Bhaskar-Bhatt\SolodWorks Files\Nozzle\2\fld97E3.tmp" -> "D:\Mobile\Pdf\3D Model\210180104009_Bhaskar-Bhatt\SolodWorks Files\Nozzle\2\2.fld"
store res: FILE SAVED: 2.fld. Total save fld took 0.38 sec.
real fld size=11.32 Mb
CPT size=4.689 MB (4916785 bytes).
OK
Depository creating ...
nb_bricks (0.000 s)
Face_aver_on (0.001 s)
FS triangles count 30176 
size of cv_intrp_f = 3.89 Mb
size of cv_intrp_s = 0.00 Mb
size of cv_intrp_frw = 0.00 Mb
CCVInterp_DepEntry::Calculate duration = 0.178 s
cv_interp (0.255 s)
wall_triangles (0.533 s)
favorite_params (0.343 s)
Face_aver_off (0.000 s)
Depository creating ...OK (0.600 s)
GetFloMASTERData succeeded in (0.150 s)
Solver finished at	2.5.2025	10:59:45
Total CPU time 61 s
Free memory:
slv : +----------------------------------+------------+-------+------------+------------+
slv : |          Collector name          | Total Time | Count |  Avg Time  |  Max Time  |
slv : +----------------------------------+------------+-------+------------+------------+
slv : | Calculate_inc                    |      47.852|     85|       0.563|       0.799|
slv : | CollectEMT_Results               |       0.000|     86|       0.000|       0.000|
slv : | HeatPathCalculator_Dynamic       |       0.034|      2|       0.017|       0.017|
slv : | LiSy_make_portrait               |       0.971|    362|       0.003|       0.016|
slv : | Results_processing               |       6.312|     85|       0.074|       0.092|
slv : | build_sl_ordering_CHT            |       0.016|     85|       0.000|       0.005|
slv : | build_sl_ordering_MDS            |       0.106|     85|       0.001|       0.014|
slv : | build_sl_ordering_fluid          |       0.103|     85|       0.001|       0.014|
slv : | calc_Convolutions_MDS            |       1.465|     85|       0.017|       0.022|
slv : | calc_wall_dist                   |       2.275|      1|       2.275|       2.275|
slv : | create_Gr_operators_MDS          |       1.404|     85|       0.017|       0.024|
slv : | create_Gr_operators_portrait_MDS |       0.437|     85|       0.005|       0.008|
slv : | init_Hy_group_MDS                |       0.781|     85|       0.009|       0.013|
slv : | perform_stage_total              |      43.111|   2303|       0.019|       2.275|
slv : | precalc_at_start_MDS             |       1.593|      2|       0.796|       1.564|
slv : | solve_3M_MDS                     |       5.133|     85|       0.060|       0.080|
slv : | solve_3M_alg_MDS                 |       2.868|     85|       0.034|       0.052|
slv : | solve_BG_MDS                     |       2.982|     85|       0.035|       0.061|
slv : | solve_BG_alg_MDS                 |       2.364|     85|       0.028|       0.055|
slv : | solve_BL_MDS                     |       8.160|     85|       0.096|       0.242|
slv : | solve_CHT                        |       2.983|     85|       0.035|       0.066|
slv : | solve_CHT_MDS                    |       2.486|     85|       0.029|       0.061|
slv : | solve_CHT_alg_MDS                |       1.388|     85|       0.016|       0.046|
slv : | solve_DvGr_MDS                   |       8.723|     85|       0.103|       0.207|
slv : | solve_DvGr_alg_MDS               |       4.703|     85|       0.055|       0.161|
slv : | solve_INPR_MDS                   |       0.000|      1|       0.000|       0.000|
slv : | solve_PS+QJ                      |       0.000|      0|       0.000|       0.000|
slv : | solve_YLMA_MDS                   |       0.001|     85|       0.000|       0.000|
slv : | solve_YNOx_MDS                   |       0.000|     85|       0.000|       0.000|
slv : | solve_YTd_MDS                    |       0.003|     85|       0.000|       0.000|
slv : | solve_YTurb_MDS                  |      11.539|     85|       0.136|       0.187|
slv : | solve_YTurb_alg_MDS              |       6.215|    170|       0.037|       0.060|
slv : | update_BC_MDS                    |       0.000|     86|       0.000|       0.000|
slv : | update_Mf_after_DvGr             |       0.738|     85|       0.009|       0.015|
slv : | update_VelPressure_MDS           |       0.247|     85|       0.003|       0.005|
slv : +----------------------------------+------------+-------+------------+------------+
alg : 
alg :  size = 47399
alg :  assembling_nnz_PardisoLU        0.010  44
alg :  assembling_portrait_PardisoLU   0.000  1
alg :  build_coarse_select_omega       0.000  44
alg :  build_coarse_task_lists         0.000  1
alg :  build_fine_select_omega         0.020  85
alg :  build_fine_task_lists           0.001  1
alg :  build_select_pivot_nonzeros     0.035  85
alg :  build_select_vectors            0.014  85
alg :  calc_residual_LU                0.085  229
alg :  call_MG_solver                  1.270  85
alg :  clean_coarse_levels             0.001  44
alg :  clean_fine_level                0.000  85
alg :  init_coarse_EMT_solver          0.000  44
alg :  init_coarse_levels              0.477  44
alg :  init_coarse_task_lists          0.000  44
alg :  init_fine_EMT_solver            0.000  85
alg :  init_fine_level                 0.070  85
alg :  init_fine_task_lists            0.000  85
alg :  mg_cycle                        1.233  85
alg :  numerical_PardisoLU             0.424  44
alg :  perform_prolongation            0.005  44
alg :  perform_restriction             0.007  44
alg :  prepare_MG                      0.070  85
alg :  run_smoothing                   0.694  144
alg :  smoother_fine                   0.647  1296
alg :  solve_MG                        1.270  85
alg :  solve_PardisoLU                 0.046  44
alg :  symbolic_PardisoLU              0.025  1
alg :  update_mg_status                0.002  188
alg : 
alg :  size = 47399
alg :  assembling_nnz_PardisoCholesky        0.017  85
alg :  assembling_portrait_PardisoCholesky   0.000  1
alg :  build_coarse_select_omega             0.000  85
alg :  build_coarse_task_lists               0.000  1
alg :  build_fine_select_omega               0.008  85
alg :  build_fine_task_lists                 0.004  1
alg :  build_select_pivot_nonzeros           0.286  85
alg :  build_select_vectors                  0.024  85
alg :  calc_residual_LU                      0.825  519
alg :  call_MG_solver                        4.198  85
alg :  clean_coarse_levels                   0.001  85
alg :  clean_fine_level                      0.000  85
alg :  init_coarse_EMT_solver                0.000  85
alg :  init_coarse_levels                    0.570  85
alg :  init_coarse_task_lists                0.000  85
alg :  init_fine_EMT_solver                  0.000  85
alg :  init_fine_level                       0.321  85
alg :  init_fine_task_lists                  0.000  85
alg :  mg_cycle                              4.063  85
alg :  numerical_PardisoCholesky             0.443  85
alg :  perform_prolongation                  0.033  349
alg :  perform_restriction                   0.031  349
alg :  prepare_MG                            0.321  85
alg :  run_smoothing                         3.135  434
alg :  smoother_fine                         2.474  1302
alg :  solve_MG                              4.198  85
alg :  solve_PardisoCholesky                 0.266  349
alg :  symbolic_PardisoCholesky              0.025  1
alg :  update_mg_status                      0.014  783
alg : 
alg :  size = 47399
alg :  assembling_nnz_PardisoCholesky        0.018  86
alg :  assembling_portrait_PardisoCholesky   0.000  1
alg :  build_coarse_select_omega             0.000  86
alg :  build_coarse_task_lists               0.000  1
alg :  build_fine_select_omega               0.008  86
alg :  build_fine_task_lists                 0.001  1
alg :  build_select_pivot_nonzeros           0.051  86
alg :  build_select_vectors                  0.019  86
alg :  calc_residual_LU                      0.244  726
alg :  call_MG_solver                        4.478  86
alg :  clean_coarse_levels                   0.001  86
alg :  clean_fine_level                      0.001  86
alg :  init_coarse_EMT_solver                0.000  86
alg :  init_coarse_levels                    2.688  86
alg :  init_coarse_task_lists                0.000  86
alg :  init_fine_EMT_solver                  0.000  86
alg :  init_fine_level                       0.080  86
alg :  init_fine_task_lists                  0.000  86
alg :  mg_cycle                              4.445  88
alg :  numerical_PardisoCholesky             0.447  86
alg :  perform_prolongation                  0.057  552
alg :  perform_restriction                   0.045  552
alg :  prepare_MG                            0.081  86
alg :  run_smoothing                         1.195  640
alg :  smoother_fine                         0.992  1962
alg :  solve_MG                              4.478  86
alg :  solve_PardisoCholesky                 0.432  552
alg :  symbolic_PardisoCholesky              2.191  1
alg :  update_mg_status                      0.011  1192
alg : 
alg :  size = 47399
alg :  assembling_nnz_PardisoLU        0.027  140
alg :  assembling_portrait_PardisoLU   0.000  1
alg :  build_coarse_select_omega       0.000  140
alg :  build_coarse_task_lists         0.000  1
alg :  build_fine_select_omega         0.092  170
alg :  build_fine_task_lists           0.003  1
alg :  build_select_pivot_nonzeros     0.245  170
alg :  build_select_vectors            0.050  170
alg :  calc_residual_LU                0.515  677
alg :  call_MG_solver                  5.650  170
alg :  clean_coarse_levels             0.002  140
alg :  clean_fine_level                0.001  170
alg :  init_coarse_EMT_solver          0.000  140
alg :  init_coarse_levels              1.541  140
alg :  init_coarse_task_lists          0.000  140
alg :  init_fine_EMT_solver            0.000  170
alg :  init_fine_level                 0.392  170
alg :  init_fine_task_lists            0.000  170
alg :  mg_cycle                        5.512  170
alg :  numerical_PardisoLU             1.344  140
alg :  perform_prolongation            0.034  337
alg :  perform_restriction             0.036  337
alg :  prepare_MG                      0.393  170
alg :  run_smoothing                   3.534  507
alg :  smoother_fine                   3.158  3042
alg :  solve_MG                        5.651  170
alg :  solve_PardisoLU                 0.338  337
alg :  symbolic_PardisoLU              0.025  1
alg :  update_mg_status                0.014  844
alg : 
alg :  size = 47399
alg :  assembling_nnz_PardisoLU        0.014  74
alg :  assembling_portrait_PardisoLU   0.000  1
alg :  build_coarse_select_omega       0.008  74
alg :  build_coarse_task_lists         0.000  1
alg :  build_fine_select_omega         0.172  159
alg :  build_fine_task_lists           0.001  1
alg :  build_select_pivot_nonzeros     0.290  85
alg :  build_select_vectors            0.042  85
alg :  calc_residual_LU                0.370  399
alg :  call_MG_solver                  2.284  85
alg :  clean_coarse_levels             0.001  74
alg :  clean_fine_level                0.001  85
alg :  init_coarse_EMT_solver          0.000  74
alg :  init_coarse_levels              0.848  74
alg :  init_coarse_task_lists          0.000  74
alg :  init_fine_EMT_solver            0.000  85
alg :  init_fine_level                 0.428  85
alg :  init_fine_task_lists            0.000  85
alg :  mg_cycle                        2.174  85
alg :  numerical_PardisoLU             0.611  74
alg :  perform_prolongation            0.013  148
alg :  perform_restriction             0.022  148
alg :  prepare_MG                      0.428  85
alg :  run_smoothing                   1.214  314
alg :  smoother_coarse                 0.055  222
alg :  smoother_fine                   0.931  498
alg :  solve_MG                        2.284  85
alg :  solve_PardisoLU                 0.065  74
alg :  symbolic_PardisoLU              0.017  1
alg :  update_mg_status                0.008  388
-----------------------------------------------------------------------
Start to free mesher data...
MMP (msh): locals=12, allc_sz=9.44 MB, used_sz=8.34 MB, blks-min-max=10/14
MMP (brx): locals=0, allc_sz=0.00 MB, used_sz=0.00 MB, blks-min-max=0/0
MMP (bcf): locals=13, allc_sz=37.57 MB, used_sz=35.78 MB, blks-min-max=8/39
MMP (xsl): locals=0, allc_sz=0.00 MB, used_sz=0.00 MB, blks-min-max=0/0
Free xsl...            OK	Time=0.001 s
Free ray collector...  OK	Time=0.000 s
Free ray intersector...OK	Time=0.000 s
Free body sets...      OK	Time=0.000 s
Free Geometry DB takes 0.000 s
Free mesh conn...      OK	Time=0.000 s
Free geomsd...         OK	Time=0.000 s
Free mbricks...        OK	Time=0.001 s
Free hash info...      OK	Time=0.001 s
Free bricks-x...       OK	Time=0.001 s
Free bcf...            OK	Time=0.006 s
Free mesh h...         OK	Time=0.000 s
Free bricks arr..      OK	Time=0.000 s
Free bricks tree...    OK	Time=0.000 s
Free mesh pools...     OK	Time=0.011 s
Free bodies mapper...  OK	Time=0.000 s
Free geom crits...     OK	Time=0.000 s
Free cpt regions...    OK	Time=0.000 s
Free peculiar surfs... OK	Time=0.000 s
Free sw-geometries...  OK	Time=0.000 s
Total free mesher data time: 0.023 s
-----------------------------------------------------------------------
Free memory: OK (0.049 s)
-----------------------------------------------------------------------
Memory Working Set Current = 284.80 Mb, Memory Working Set Peak = 430.84 Mb
Memory Private Bytes Current = 280.52 Mb, Memory Private Bytes Peak = 471.13 Mb
Process Threads Number: 29
Process Threads Number Peak: 32
-----------------------------------------------------------------------
Free memory:
-----------------------------------------------------------------------
Start to free mesher data...
MMP (msh): locals=0, allc_sz=0.00 MB, used_sz=0.00 MB, blks-min-max=0/0
MMP (brx): locals=0, allc_sz=0.00 MB, used_sz=0.00 MB, blks-min-max=0/0
MMP (bcf): locals=0, allc_sz=0.00 MB, used_sz=0.00 MB, blks-min-max=0/0
MMP (xsl): locals=0, allc_sz=0.00 MB, used_sz=0.00 MB, blks-min-max=0/0
Free xsl...            OK	Time=0.000 s
Free ray collector...  OK	Time=0.000 s
Free ray intersector...OK	Time=0.000 s
Free body sets...      OK	Time=0.000 s
Free Geometry DB takes 0.000 s
Free mesh conn...      OK	Time=0.000 s
Free geomsd...         OK	Time=0.000 s
Free mbricks...        OK	Time=0.000 s
Free hash info...      OK	Time=0.000 s
Free bricks-x...       OK	Time=0.000 s
Free mesh h...         OK	Time=0.000 s
Free bricks arr..      OK	Time=0.000 s
Free bricks tree...    OK	Time=0.000 s
Free mesh pools...     OK	Time=0.000 s
Free bodies mapper...  OK	Time=0.000 s
Free geom crits...     OK	Time=0.000 s
Free cpt regions...    OK	Time=0.000 s
Free peculiar surfs... OK	Time=0.000 s
Free sw-geometries...  OK	Time=0.000 s
Total free mesher data time: 0.002 s
-----------------------------------------------------------------------
Free memory: OK (0.003 s)
-----------------------------------------------------------------------
Memory Working Set Current = 284.86 Mb, Memory Working Set Peak = 430.84 Mb
Memory Private Bytes Current = 281.45 Mb, Memory Private Bytes Peak = 471.13 Mb
Process Threads Number: 29
Process Threads Number Peak: 32
-----------------------------------------------------------------------
Algebra Pool      : mem_usage = 205.31 Mb, allocated count = 0
finished solver summary thread
Log ended at 02.05.2025	10:59:45
