/batch
/config,noeldb,1     ! force off writing results to database
*get,_wallstrt,active,,time,wall
! ANSYS input file written by Workbench version 2024 R2
! File used for geometry attach: C:\Users\deepa\AppData\Local\Temp\WB_deepa_9560_2\wbnew_files\dp0\SYS\DM\SYS.dsco
/title,wbnew--Static Structural (A5)
! ****** Begin Custom Load Command Snippet ******
/COM, ACT Extensions:
/COM,     LSDYNA, 2024.2
/COM,     5f463412-bd3e-484b-87e7-cbc0a665e474, wbex
/COM,/COM,     ANSYSMotion, 2024.2
/COM,     20180725-3f81-49eb-9f31-41364844c769, wbex
/COM,
! ****** End   Custom Load Command Snippet ******
*DIM,_wb_ProjectScratch_dir,string,248
_wb_ProjectScratch_dir(1) = 'C:\Users\deepa\AppData\Local\Temp\WB_deepa_9560_2\_ProjectScratch\Scr0B9E\'
*DIM,_wb_SolverFiles_dir,string,248
_wb_SolverFiles_dir(1) = 'C:\Users\deepa\AppData\Local\Temp\WB_deepa_9560_2\wbnew_files\dp0\SYS\MECH\'
*DIM,_wb_userfiles_dir,string,248
_wb_userfiles_dir(1) = 'C:\Users\deepa\AppData\Local\Temp\WB_deepa_9560_2\wbnew_files\user_files\'
/com,--- Data in consistent MKS units. See Solving Units in the help system for more information.
/units,MKS
/nopr
/wb,file,start              !  signify a WB generated input file
/prep7
! Turn off shape checking because checks already performed inside WB mesher.
! See help system for more information.
SHPP,OFF,,NOWARN
/nolist
etcon,set             ! allow ANSYS to choose best KEYOP's for 180x elements, resets any applicable keyopt to MAPDL defaults
/com,*********** Nodes for the whole assembly ***********
nblock,3,,4031
(1i9,3e20.9e3)
        1    -7.500000000E-02    -2.500000000E-02    -2.500000000E-02
        2    -7.500000000E-02    -5.000000000E-02    -2.500000000E-02
        3    -7.500000000E-02    -7.500000000E-02    -2.500000000E-02
        4    -5.000000000E-02    -2.500000000E-02    -2.500000000E-02
        5    -5.000000000E-02    -5.000000000E-02    -2.500000000E-02
        6    -5.000000000E-02    -7.500000000E-02    -2.500000000E-02
        7    -2.500000000E-02    -2.500000000E-02    -2.500000000E-02
        8    -2.500000000E-02    -5.000000000E-02    -2.500000000E-02
        9    -2.500000000E-02    -7.500000000E-02    -2.500000000E-02
       10    -7.500000000E-02    -2.500000000E-02    -5.000000000E-02
       11    -7.500000000E-02    -5.000000000E-02    -5.000000000E-02
       12    -7.500000000E-02    -7.500000000E-02    -5.000000000E-02
       13    -5.000000000E-02    -2.500000000E-02    -5.000000000E-02
       14    -5.000000000E-02    -5.000000000E-02    -5.000000000E-02
       15    -5.000000000E-02    -7.500000000E-02    -5.000000000E-02
       16    -2.500000000E-02    -2.500000000E-02    -5.000000000E-02
       17    -2.500000000E-02    -5.000000000E-02    -5.000000000E-02
       18    -2.500000000E-02    -7.500000000E-02    -5.000000000E-02
       19    -7.500000000E-02    -2.500000000E-02    -7.500000000E-02
       20    -7.500000000E-02    -5.000000000E-02    -7.500000000E-02
       21    -7.500000000E-02    -7.500000000E-02    -7.500000000E-02
       22    -5.000000000E-02    -2.500000000E-02    -7.500000000E-02
       23    -5.000000000E-02    -5.000000000E-02    -7.500000000E-02
       24    -5.000000000E-02    -7.500000000E-02    -7.500000000E-02
       25    -2.500000000E-02    -2.500000000E-02    -7.500000000E-02
       26    -2.500000000E-02    -5.000000000E-02    -7.500000000E-02
       27    -2.500000000E-02    -7.500000000E-02    -7.500000000E-02
       28    -7.500000000E-02    -2.500000000E-02    -1.000000000E-01
       29    -7.500000000E-02    -5.000000000E-02    -1.000000000E-01
       30    -7.500000000E-02    -7.500000000E-02    -1.000000000E-01
       31    -5.000000000E-02    -2.500000000E-02    -1.000000000E-01
       32    -5.000000000E-02    -5.000000000E-02    -1.000000000E-01
       33    -5.000000000E-02    -7.500000000E-02    -1.000000000E-01
       34    -2.500000000E-02    -2.500000000E-02    -1.000000000E-01
       35    -2.500000000E-02    -5.000000000E-02    -1.000000000E-01
       36    -2.500000000E-02    -7.500000000E-02    -1.000000000E-01
       37    -7.500000000E-02    -2.500000000E-02    -1.250000000E-01
       38    -7.500000000E-02    -5.000000000E-02    -1.250000000E-01
       39    -7.500000000E-02    -7.500000000E-02    -1.250000000E-01
       40    -5.000000000E-02    -2.500000000E-02    -1.250000000E-01
       41    -5.000000000E-02    -5.000000000E-02    -1.250000000E-01
       42    -5.000000000E-02    -7.500000000E-02    -1.250000000E-01
       43    -2.500000000E-02    -2.500000000E-02    -1.250000000E-01
       44    -2.500000000E-02    -5.000000000E-02    -1.250000000E-01
       45    -2.500000000E-02    -7.500000000E-02    -1.250000000E-01
       46    -7.500000000E-02    -2.500000000E-02    -1.500000000E-01
       47    -7.500000000E-02    -5.000000000E-02    -1.500000000E-01
       48    -7.500000000E-02    -7.500000000E-02    -1.500000000E-01
       49    -5.000000000E-02    -2.500000000E-02    -1.500000000E-01
       50    -5.000000000E-02    -5.000000000E-02    -1.500000000E-01
       51    -5.000000000E-02    -7.500000000E-02    -1.500000000E-01
       52    -2.500000000E-02    -2.500000000E-02    -1.500000000E-01
       53    -2.500000000E-02    -5.000000000E-02    -1.500000000E-01
       54    -2.500000000E-02    -7.500000000E-02    -1.500000000E-01
       55    -7.500000000E-02    -2.500000000E-02    -1.750000000E-01
       56    -7.500000000E-02    -5.000000000E-02    -1.750000000E-01
       57    -7.500000000E-02    -7.500000000E-02    -1.750000000E-01
       58    -5.000000000E-02    -2.500000000E-02    -1.750000000E-01
       59    -5.000000000E-02    -5.000000000E-02    -1.750000000E-01
       60    -5.000000000E-02    -7.500000000E-02    -1.750000000E-01
       61    -2.500000000E-02    -2.500000000E-02    -1.750000000E-01
       62    -2.500000000E-02    -5.000000000E-02    -1.750000000E-01
       63    -2.500000000E-02    -7.500000000E-02    -1.750000000E-01
       64    -7.500000000E-02    -2.500000000E-02    -2.000000000E-01
       65    -7.500000000E-02    -5.000000000E-02    -2.000000000E-01
       66    -7.500000000E-02    -7.500000000E-02    -2.000000000E-01
       67    -5.000000000E-02    -2.500000000E-02    -2.000000000E-01
       68    -5.000000000E-02    -5.000000000E-02    -2.000000000E-01
       69    -5.000000000E-02    -7.500000000E-02    -2.000000000E-01
       70    -2.500000000E-02    -2.500000000E-02    -2.000000000E-01
       71    -2.500000000E-02    -5.000000000E-02    -2.000000000E-01
       72    -2.500000000E-02    -7.500000000E-02    -2.000000000E-01
       73    -7.500000000E-02    -2.500000000E-02    -2.250000000E-01
       74    -7.500000000E-02    -5.000000000E-02    -2.250000000E-01
       75    -7.500000000E-02    -7.500000000E-02    -2.250000000E-01
       76    -5.000000000E-02    -2.500000000E-02    -2.250000000E-01
       77    -5.000000000E-02    -5.000000000E-02    -2.250000000E-01
       78    -5.000000000E-02    -7.500000000E-02    -2.250000000E-01
       79    -2.500000000E-02    -2.500000000E-02    -2.250000000E-01
       80    -2.500000000E-02    -5.000000000E-02    -2.250000000E-01
       81    -2.500000000E-02    -7.500000000E-02    -2.250000000E-01
       82    -7.500000000E-02    -2.500000000E-02    -2.500000000E-01
       83    -7.500000000E-02    -5.000000000E-02    -2.500000000E-01
       84    -7.500000000E-02    -7.500000000E-02    -2.500000000E-01
       85    -5.000000000E-02    -2.500000000E-02    -2.500000000E-01
       86    -5.000000000E-02    -5.000000000E-02    -2.500000000E-01
       87    -5.000000000E-02    -7.500000000E-02    -2.500000000E-01
       88    -2.500000000E-02    -2.500000000E-02    -2.500000000E-01
       89    -2.500000000E-02    -5.000000000E-02    -2.500000000E-01
       90    -2.500000000E-02    -7.500000000E-02    -2.500000000E-01
       91    -7.500000000E-02    -2.500000000E-02    -2.750000000E-01
       92    -7.500000000E-02    -5.000000000E-02    -2.750000000E-01
       93    -7.500000000E-02    -7.500000000E-02    -2.750000000E-01
       94    -5.000000000E-02    -2.500000000E-02    -2.750000000E-01
       95    -5.000000000E-02    -5.000000000E-02    -2.750000000E-01
       96    -5.000000000E-02    -7.500000000E-02    -2.750000000E-01
       97    -2.500000000E-02    -2.500000000E-02    -2.750000000E-01
       98    -2.500000000E-02    -5.000000000E-02    -2.750000000E-01
       99    -2.500000000E-02    -7.500000000E-02    -2.750000000E-01
      100    -7.500000000E-02    -2.500000000E-02    -3.000000000E-01
      101    -7.500000000E-02    -5.000000000E-02    -3.000000000E-01
      102    -7.500000000E-02    -7.500000000E-02    -3.000000000E-01
      103    -5.000000000E-02    -2.500000000E-02    -3.000000000E-01
      104    -5.000000000E-02    -5.000000000E-02    -3.000000000E-01
      105    -5.000000000E-02    -7.500000000E-02    -3.000000000E-01
      106    -2.500000000E-02    -2.500000000E-02    -3.000000000E-01
      107    -2.500000000E-02    -5.000000000E-02    -3.000000000E-01
      108    -2.500000000E-02    -7.500000000E-02    -3.000000000E-01
      109    -7.500000000E-02    -2.500000000E-02    -3.250000000E-01
      110    -7.500000000E-02    -5.000000000E-02    -3.250000000E-01
      111    -7.500000000E-02    -7.500000000E-02    -3.250000000E-01
      112    -5.000000000E-02    -2.500000000E-02    -3.250000000E-01
      113    -5.000000000E-02    -5.000000000E-02    -3.250000000E-01
      114    -5.000000000E-02    -7.500000000E-02    -3.250000000E-01
      115    -2.500000000E-02    -2.500000000E-02    -3.250000000E-01
      116    -2.500000000E-02    -5.000000000E-02    -3.250000000E-01
      117    -2.500000000E-02    -7.500000000E-02    -3.250000000E-01
      118    -7.500000000E-02    -2.500000000E-02    -3.500000000E-01
      119    -7.500000000E-02    -5.000000000E-02    -3.500000000E-01
      120    -7.500000000E-02    -7.500000000E-02    -3.500000000E-01
      121    -5.000000000E-02    -2.500000000E-02    -3.500000000E-01
      122    -5.000000000E-02    -5.000000000E-02    -3.500000000E-01
      123    -5.000000000E-02    -7.500000000E-02    -3.500000000E-01
      124    -2.500000000E-02    -2.500000000E-02    -3.500000000E-01
      125    -2.500000000E-02    -5.000000000E-02    -3.500000000E-01
      126    -2.500000000E-02    -7.500000000E-02    -3.500000000E-01
      127    -7.500000000E-02    -2.500000000E-02    -3.750000000E-01
      128    -7.500000000E-02    -5.000000000E-02    -3.750000000E-01
      129    -7.500000000E-02    -7.500000000E-02    -3.750000000E-01
      130    -5.000000000E-02    -2.500000000E-02    -3.750000000E-01
      131    -5.000000000E-02    -5.000000000E-02    -3.750000000E-01
      132    -5.000000000E-02    -7.500000000E-02    -3.750000000E-01
      133    -2.500000000E-02    -2.500000000E-02    -3.750000000E-01
      134    -2.500000000E-02    -5.000000000E-02    -3.750000000E-01
      135    -2.500000000E-02    -7.500000000E-02    -3.750000000E-01
      136    -7.500000000E-02    -2.500000000E-02    -4.000000000E-01
      137    -7.500000000E-02    -5.000000000E-02    -4.000000000E-01
      138    -7.500000000E-02    -7.500000000E-02    -4.000000000E-01
      139    -5.000000000E-02    -2.500000000E-02    -4.000000000E-01
      140    -5.000000000E-02    -5.000000000E-02    -4.000000000E-01
      141    -5.000000000E-02    -7.500000000E-02    -4.000000000E-01
      142    -2.500000000E-02    -2.500000000E-02    -4.000000000E-01
      143    -2.500000000E-02    -5.000000000E-02    -4.000000000E-01
      144    -2.500000000E-02    -7.500000000E-02    -4.000000000E-01
      145    -7.500000000E-02    -2.500000000E-02    -4.250000000E-01
      146    -7.500000000E-02    -5.000000000E-02    -4.250000000E-01
      147    -7.500000000E-02    -7.500000000E-02    -4.250000000E-01
      148    -5.000000000E-02    -2.500000000E-02    -4.250000000E-01
      149    -5.000000000E-02    -5.000000000E-02    -4.250000000E-01
      150    -5.000000000E-02    -7.500000000E-02    -4.250000000E-01
      151    -2.500000000E-02    -2.500000000E-02    -4.250000000E-01
      152    -2.500000000E-02    -5.000000000E-02    -4.250000000E-01
      153    -2.500000000E-02    -7.500000000E-02    -4.250000000E-01
      154    -7.500000000E-02    -2.500000000E-02    -4.500000000E-01
      155    -7.500000000E-02    -5.000000000E-02    -4.500000000E-01
      156    -7.500000000E-02    -7.500000000E-02    -4.500000000E-01
      157    -5.000000000E-02    -2.500000000E-02    -4.500000000E-01
      158    -5.000000000E-02    -5.000000000E-02    -4.500000000E-01
      159    -5.000000000E-02    -7.500000000E-02    -4.500000000E-01
      160    -2.500000000E-02    -2.500000000E-02    -4.500000000E-01
      161    -2.500000000E-02    -5.000000000E-02    -4.500000000E-01
      162    -2.500000000E-02    -7.500000000E-02    -4.500000000E-01
      163    -7.500000000E-02    -2.500000000E-02    -4.750000000E-01
      164    -7.500000000E-02    -5.000000000E-02    -4.750000000E-01
      165    -7.500000000E-02    -7.500000000E-02    -4.750000000E-01
      166    -5.000000000E-02    -2.500000000E-02    -4.750000000E-01
      167    -5.000000000E-02    -5.000000000E-02    -4.750000000E-01
      168    -5.000000000E-02    -7.500000000E-02    -4.750000000E-01
      169    -2.500000000E-02    -2.500000000E-02    -4.750000000E-01
      170    -2.500000000E-02    -5.000000000E-02    -4.750000000E-01
      171    -2.500000000E-02    -7.500000000E-02    -4.750000000E-01
      172    -7.500000000E-02    -2.500000000E-02    -5.000000000E-01
      173    -7.500000000E-02    -5.000000000E-02    -5.000000000E-01
      174    -7.500000000E-02    -7.500000000E-02    -5.000000000E-01
      175    -5.000000000E-02    -2.500000000E-02    -5.000000000E-01
      176    -5.000000000E-02    -5.000000000E-02    -5.000000000E-01
      177    -5.000000000E-02    -7.500000000E-02    -5.000000000E-01
      178    -2.500000000E-02    -2.500000000E-02    -5.000000000E-01
      179    -2.500000000E-02    -5.000000000E-02    -5.000000000E-01
      180    -2.500000000E-02    -7.500000000E-02    -5.000000000E-01
      181    -7.500000000E-02    -2.500000000E-02    -5.250000000E-01
      182    -7.500000000E-02    -5.000000000E-02    -5.250000000E-01
      183    -7.500000000E-02    -7.500000000E-02    -5.250000000E-01
      184    -5.000000000E-02    -2.500000000E-02    -5.250000000E-01
      185    -5.000000000E-02    -5.000000000E-02    -5.250000000E-01
      186    -5.000000000E-02    -7.500000000E-02    -5.250000000E-01
      187    -2.500000000E-02    -2.500000000E-02    -5.250000000E-01
      188    -2.500000000E-02    -5.000000000E-02    -5.250000000E-01
      189    -2.500000000E-02    -7.500000000E-02    -5.250000000E-01
      190    -7.500000000E-02    -2.500000000E-02    -5.500000000E-01
      191    -7.500000000E-02    -5.000000000E-02    -5.500000000E-01
      192    -7.500000000E-02    -7.500000000E-02    -5.500000000E-01
      193    -5.000000000E-02    -2.500000000E-02    -5.500000000E-01
      194    -5.000000000E-02    -5.000000000E-02    -5.500000000E-01
      195    -5.000000000E-02    -7.500000000E-02    -5.500000000E-01
      196    -2.500000000E-02    -2.500000000E-02    -5.500000000E-01
      197    -2.500000000E-02    -5.000000000E-02    -5.500000000E-01
      198    -2.500000000E-02    -7.500000000E-02    -5.500000000E-01
      199    -7.500000000E-02    -2.500000000E-02    -5.750000000E-01
      200    -7.500000000E-02    -5.000000000E-02    -5.750000000E-01
      201    -7.500000000E-02    -7.500000000E-02    -5.750000000E-01
      202    -5.000000000E-02    -2.500000000E-02    -5.750000000E-01
      203    -5.000000000E-02    -5.000000000E-02    -5.750000000E-01
      204    -5.000000000E-02    -7.500000000E-02    -5.750000000E-01
      205    -2.500000000E-02    -2.500000000E-02    -5.750000000E-01
      206    -2.500000000E-02    -5.000000000E-02    -5.750000000E-01
      207    -2.500000000E-02    -7.500000000E-02    -5.750000000E-01
      208    -7.500000000E-02    -2.500000000E-02    -6.000000000E-01
      209    -7.500000000E-02    -5.000000000E-02    -6.000000000E-01
      210    -7.500000000E-02    -7.500000000E-02    -6.000000000E-01
      211    -5.000000000E-02    -2.500000000E-02    -6.000000000E-01
      212    -5.000000000E-02    -5.000000000E-02    -6.000000000E-01
      213    -5.000000000E-02    -7.500000000E-02    -6.000000000E-01
      214    -2.500000000E-02    -2.500000000E-02    -6.000000000E-01
      215    -2.500000000E-02    -5.000000000E-02    -6.000000000E-01
      216    -2.500000000E-02    -7.500000000E-02    -6.000000000E-01
      217    -7.500000000E-02    -2.500000000E-02    -6.250000000E-01
      218    -7.500000000E-02    -5.000000000E-02    -6.250000000E-01
      219    -7.500000000E-02    -7.500000000E-02    -6.250000000E-01
      220    -5.000000000E-02    -2.500000000E-02    -6.250000000E-01
      221    -5.000000000E-02    -5.000000000E-02    -6.250000000E-01
      222    -5.000000000E-02    -7.500000000E-02    -6.250000000E-01
      223    -2.500000000E-02    -2.500000000E-02    -6.250000000E-01
      224    -2.500000000E-02    -5.000000000E-02    -6.250000000E-01
      225    -2.500000000E-02    -7.500000000E-02    -6.250000000E-01
      226    -7.500000000E-02    -2.500000000E-02    -6.500000000E-01
      227    -7.500000000E-02    -5.000000000E-02    -6.500000000E-01
      228    -7.500000000E-02    -7.500000000E-02    -6.500000000E-01
      229    -5.000000000E-02    -2.500000000E-02    -6.500000000E-01
      230    -5.000000000E-02    -5.000000000E-02    -6.500000000E-01
      231    -5.000000000E-02    -7.500000000E-02    -6.500000000E-01
      232    -2.500000000E-02    -2.500000000E-02    -6.500000000E-01
      233    -2.500000000E-02    -5.000000000E-02    -6.500000000E-01
      234    -2.500000000E-02    -7.500000000E-02    -6.500000000E-01
      235    -7.500000000E-02    -2.500000000E-02    -6.750000000E-01
      236    -7.500000000E-02    -5.000000000E-02    -6.750000000E-01
      237    -7.500000000E-02    -7.500000000E-02    -6.750000000E-01
      238    -5.000000000E-02    -2.500000000E-02    -6.750000000E-01
      239    -5.000000000E-02    -5.000000000E-02    -6.750000000E-01
      240    -5.000000000E-02    -7.500000000E-02    -6.750000000E-01
      241    -2.500000000E-02    -2.500000000E-02    -6.750000000E-01
      242    -2.500000000E-02    -5.000000000E-02    -6.750000000E-01
      243    -2.500000000E-02    -7.500000000E-02    -6.750000000E-01
      244    -7.500000000E-02    -2.500000000E-02    -7.000000000E-01
      245    -7.500000000E-02    -5.000000000E-02    -7.000000000E-01
      246    -7.500000000E-02    -7.500000000E-02    -7.000000000E-01
      247    -5.000000000E-02    -2.500000000E-02    -7.000000000E-01
      248    -5.000000000E-02    -5.000000000E-02    -7.000000000E-01
      249    -5.000000000E-02    -7.500000000E-02    -7.000000000E-01
      250    -2.500000000E-02    -2.500000000E-02    -7.000000000E-01
      251    -2.500000000E-02    -5.000000000E-02    -7.000000000E-01
      252    -2.500000000E-02    -7.500000000E-02    -7.000000000E-01
      253    -7.500000000E-02    -2.500000000E-02    -7.250000000E-01
      254    -7.500000000E-02    -5.000000000E-02    -7.250000000E-01
      255    -7.500000000E-02    -7.500000000E-02    -7.250000000E-01
      256    -5.000000000E-02    -2.500000000E-02    -7.250000000E-01
      257    -5.000000000E-02    -5.000000000E-02    -7.250000000E-01
      258    -5.000000000E-02    -7.500000000E-02    -7.250000000E-01
      259    -2.500000000E-02    -2.500000000E-02    -7.250000000E-01
      260    -2.500000000E-02    -5.000000000E-02    -7.250000000E-01
      261    -2.500000000E-02    -7.500000000E-02    -7.250000000E-01
      262    -7.500000000E-02    -2.500000000E-02    -7.500000000E-01
      263    -7.500000000E-02    -5.000000000E-02    -7.500000000E-01
      264    -7.500000000E-02    -7.500000000E-02    -7.500000000E-01
      265    -5.000000000E-02    -2.500000000E-02    -7.500000000E-01
      266    -5.000000000E-02    -5.000000000E-02    -7.500000000E-01
      267    -5.000000000E-02    -7.500000000E-02    -7.500000000E-01
      268    -2.500000000E-02    -2.500000000E-02    -7.500000000E-01
      269    -2.500000000E-02    -5.000000000E-02    -7.500000000E-01
      270    -2.500000000E-02    -7.500000000E-02    -7.500000000E-01
      271    -7.500000000E-02    -2.500000000E-02    -7.750000000E-01
      272    -7.500000000E-02    -5.000000000E-02    -7.750000000E-01
      273    -7.500000000E-02    -7.500000000E-02    -7.750000000E-01
      274    -5.000000000E-02    -2.500000000E-02    -7.750000000E-01
      275    -5.000000000E-02    -5.000000000E-02    -7.750000000E-01
      276    -5.000000000E-02    -7.500000000E-02    -7.750000000E-01
      277    -2.500000000E-02    -2.500000000E-02    -7.750000000E-01
      278    -2.500000000E-02    -5.000000000E-02    -7.750000000E-01
      279    -2.500000000E-02    -7.500000000E-02    -7.750000000E-01
      280    -7.500000000E-02    -2.500000000E-02    -8.000000000E-01
      281    -7.500000000E-02    -5.000000000E-02    -8.000000000E-01
      282    -7.500000000E-02    -7.500000000E-02    -8.000000000E-01
      283    -5.000000000E-02    -2.500000000E-02    -8.000000000E-01
      284    -5.000000000E-02    -5.000000000E-02    -8.000000000E-01
      285    -5.000000000E-02    -7.500000000E-02    -8.000000000E-01
      286    -2.500000000E-02    -2.500000000E-02    -8.000000000E-01
      287    -2.500000000E-02    -5.000000000E-02    -8.000000000E-01
      288    -2.500000000E-02    -7.500000000E-02    -8.000000000E-01
      289    -7.500000000E-02    -2.500000000E-02    -8.250000000E-01
      290    -7.500000000E-02    -5.000000000E-02    -8.250000000E-01
      291    -7.500000000E-02    -7.500000000E-02    -8.250000000E-01
      292    -5.000000000E-02    -2.500000000E-02    -8.250000000E-01
      293    -5.000000000E-02    -5.000000000E-02    -8.250000000E-01
      294    -5.000000000E-02    -7.500000000E-02    -8.250000000E-01
      295    -2.500000000E-02    -2.500000000E-02    -8.250000000E-01
      296    -2.500000000E-02    -5.000000000E-02    -8.250000000E-01
      297    -2.500000000E-02    -7.500000000E-02    -8.250000000E-01
      298    -7.500000000E-02    -2.500000000E-02    -8.500000000E-01
      299    -7.500000000E-02    -5.000000000E-02    -8.500000000E-01
      300    -7.500000000E-02    -7.500000000E-02    -8.500000000E-01
      301    -5.000000000E-02    -2.500000000E-02    -8.500000000E-01
      302    -5.000000000E-02    -5.000000000E-02    -8.500000000E-01
      303    -5.000000000E-02    -7.500000000E-02    -8.500000000E-01
      304    -2.500000000E-02    -2.500000000E-02    -8.500000000E-01
      305    -2.500000000E-02    -5.000000000E-02    -8.500000000E-01
      306    -2.500000000E-02    -7.500000000E-02    -8.500000000E-01
      307    -7.500000000E-02    -2.500000000E-02    -8.750000000E-01
      308    -7.500000000E-02    -5.000000000E-02    -8.750000000E-01
      309    -7.500000000E-02    -7.500000000E-02    -8.750000000E-01
      310    -5.000000000E-02    -2.500000000E-02    -8.750000000E-01
      311    -5.000000000E-02    -5.000000000E-02    -8.750000000E-01
      312    -5.000000000E-02    -7.500000000E-02    -8.750000000E-01
      313    -2.500000000E-02    -2.500000000E-02    -8.750000000E-01
      314    -2.500000000E-02    -5.000000000E-02    -8.750000000E-01
      315    -2.500000000E-02    -7.500000000E-02    -8.750000000E-01
      316    -7.500000000E-02    -2.500000000E-02    -9.000000000E-01
      317    -7.500000000E-02    -5.000000000E-02    -9.000000000E-01
      318    -7.500000000E-02    -7.500000000E-02    -9.000000000E-01
      319    -5.000000000E-02    -2.500000000E-02    -9.000000000E-01
      320    -5.000000000E-02    -5.000000000E-02    -9.000000000E-01
      321    -5.000000000E-02    -7.500000000E-02    -9.000000000E-01
      322    -2.500000000E-02    -2.500000000E-02    -9.000000000E-01
      323    -2.500000000E-02    -5.000000000E-02    -9.000000000E-01
      324    -2.500000000E-02    -7.500000000E-02    -9.000000000E-01
      325    -7.500000000E-02    -2.500000000E-02    -9.250000000E-01
      326    -7.500000000E-02    -5.000000000E-02    -9.250000000E-01
      327    -7.500000000E-02    -7.500000000E-02    -9.250000000E-01
      328    -5.000000000E-02    -2.500000000E-02    -9.250000000E-01
      329    -5.000000000E-02    -5.000000000E-02    -9.250000000E-01
      330    -5.000000000E-02    -7.500000000E-02    -9.250000000E-01
      331    -2.500000000E-02    -2.500000000E-02    -9.250000000E-01
      332    -2.500000000E-02    -5.000000000E-02    -9.250000000E-01
      333    -2.500000000E-02    -7.500000000E-02    -9.250000000E-01
      334    -7.500000000E-02    -2.500000000E-02    -9.500000000E-01
      335    -7.500000000E-02    -5.000000000E-02    -9.500000000E-01
      336    -7.500000000E-02    -7.500000000E-02    -9.500000000E-01
      337    -5.000000000E-02    -2.500000000E-02    -9.500000000E-01
      338    -5.000000000E-02    -5.000000000E-02    -9.500000000E-01
      339    -5.000000000E-02    -7.500000000E-02    -9.500000000E-01
      340    -2.500000000E-02    -2.500000000E-02    -9.500000000E-01
      341    -2.500000000E-02    -5.000000000E-02    -9.500000000E-01
      342    -2.500000000E-02    -7.500000000E-02    -9.500000000E-01
      343    -7.500000000E-02    -2.500000000E-02    -9.750000000E-01
      344    -7.500000000E-02    -5.000000000E-02    -9.750000000E-01
      345    -7.500000000E-02    -7.500000000E-02    -9.750000000E-01
      346    -5.000000000E-02    -2.500000000E-02    -9.750000000E-01
      347    -5.000000000E-02    -5.000000000E-02    -9.750000000E-01
      348    -5.000000000E-02    -7.500000000E-02    -9.750000000E-01
      349    -2.500000000E-02    -2.500000000E-02    -9.750000000E-01
      350    -2.500000000E-02    -5.000000000E-02    -9.750000000E-01
      351    -2.500000000E-02    -7.500000000E-02    -9.750000000E-01
      352    -2.500000000E-02     0.000000000E+00    -9.750000000E-01
      353    -5.000000000E-02     0.000000000E+00    -9.750000000E-01
      354    -7.500000000E-02     0.000000000E+00    -9.750000000E-01
      355    -2.500000000E-02     0.000000000E+00    -9.500000000E-01
      356    -5.000000000E-02     0.000000000E+00    -9.500000000E-01
      357    -7.500000000E-02     0.000000000E+00    -9.500000000E-01
      358    -2.500000000E-02     0.000000000E+00    -9.250000000E-01
      359    -5.000000000E-02     0.000000000E+00    -9.250000000E-01
      360    -7.500000000E-02     0.000000000E+00    -9.250000000E-01
      361    -2.500000000E-02     0.000000000E+00    -9.000000000E-01
      362    -5.000000000E-02     0.000000000E+00    -9.000000000E-01
      363    -7.500000000E-02     0.000000000E+00    -9.000000000E-01
      364    -2.500000000E-02     0.000000000E+00    -8.750000000E-01
      365    -5.000000000E-02     0.000000000E+00    -8.750000000E-01
      366    -7.500000000E-02     0.000000000E+00    -8.750000000E-01
      367    -2.500000000E-02     0.000000000E+00    -8.500000000E-01
      368    -5.000000000E-02     0.000000000E+00    -8.500000000E-01
      369    -7.500000000E-02     0.000000000E+00    -8.500000000E-01
      370    -2.500000000E-02     0.000000000E+00    -8.250000000E-01
      371    -5.000000000E-02     0.000000000E+00    -8.250000000E-01
      372    -7.500000000E-02     0.000000000E+00    -8.250000000E-01
      373    -2.500000000E-02     0.000000000E+00    -8.000000000E-01
      374    -5.000000000E-02     0.000000000E+00    -8.000000000E-01
      375    -7.500000000E-02     0.000000000E+00    -8.000000000E-01
      376    -2.500000000E-02     0.000000000E+00    -7.750000000E-01
      377    -5.000000000E-02     0.000000000E+00    -7.750000000E-01
      378    -7.500000000E-02     0.000000000E+00    -7.750000000E-01
      379    -2.500000000E-02     0.000000000E+00    -7.500000000E-01
      380    -5.000000000E-02     0.000000000E+00    -7.500000000E-01
      381    -7.500000000E-02     0.000000000E+00    -7.500000000E-01
      382    -2.500000000E-02     0.000000000E+00    -7.250000000E-01
      383    -5.000000000E-02     0.000000000E+00    -7.250000000E-01
      384    -7.500000000E-02     0.000000000E+00    -7.250000000E-01
      385    -2.500000000E-02     0.000000000E+00    -7.000000000E-01
      386    -5.000000000E-02     0.000000000E+00    -7.000000000E-01
      387    -7.500000000E-02     0.000000000E+00    -7.000000000E-01
      388    -2.500000000E-02     0.000000000E+00    -6.750000000E-01
      389    -5.000000000E-02     0.000000000E+00    -6.750000000E-01
      390    -7.500000000E-02     0.000000000E+00    -6.750000000E-01
      391    -2.500000000E-02     0.000000000E+00    -6.500000000E-01
      392    -5.000000000E-02     0.000000000E+00    -6.500000000E-01
      393    -7.500000000E-02     0.000000000E+00    -6.500000000E-01
      394    -2.500000000E-02     0.000000000E+00    -6.250000000E-01
      395    -5.000000000E-02     0.000000000E+00    -6.250000000E-01
      396    -7.500000000E-02     0.000000000E+00    -6.250000000E-01
      397    -2.500000000E-02     0.000000000E+00    -6.000000000E-01
      398    -5.000000000E-02     0.000000000E+00    -6.000000000E-01
      399    -7.500000000E-02     0.000000000E+00    -6.000000000E-01
      400    -2.500000000E-02     0.000000000E+00    -5.750000000E-01
      401    -5.000000000E-02     0.000000000E+00    -5.750000000E-01
      402    -7.500000000E-02     0.000000000E+00    -5.750000000E-01
      403    -2.500000000E-02     0.000000000E+00    -5.500000000E-01
      404    -5.000000000E-02     0.000000000E+00    -5.500000000E-01
      405    -7.500000000E-02     0.000000000E+00    -5.500000000E-01
      406    -2.500000000E-02     0.000000000E+00    -5.250000000E-01
      407    -5.000000000E-02     0.000000000E+00    -5.250000000E-01
      408    -7.500000000E-02     0.000000000E+00    -5.250000000E-01
      409    -2.500000000E-02     0.000000000E+00    -5.000000000E-01
      410    -5.000000000E-02     0.000000000E+00    -5.000000000E-01
      411    -7.500000000E-02     0.000000000E+00    -5.000000000E-01
      412    -2.500000000E-02     0.000000000E+00    -4.750000000E-01
      413    -5.000000000E-02     0.000000000E+00    -4.750000000E-01
      414    -7.500000000E-02     0.000000000E+00    -4.750000000E-01
      415    -2.500000000E-02     0.000000000E+00    -4.500000000E-01
      416    -5.000000000E-02     0.000000000E+00    -4.500000000E-01
      417    -7.500000000E-02     0.000000000E+00    -4.500000000E-01
      418    -2.500000000E-02     0.000000000E+00    -4.250000000E-01
      419    -5.000000000E-02     0.000000000E+00    -4.250000000E-01
      420    -7.500000000E-02     0.000000000E+00    -4.250000000E-01
      421    -2.500000000E-02     0.000000000E+00    -4.000000000E-01
      422    -5.000000000E-02     0.000000000E+00    -4.000000000E-01
      423    -7.500000000E-02     0.000000000E+00    -4.000000000E-01
      424    -2.500000000E-02     0.000000000E+00    -3.750000000E-01
      425    -5.000000000E-02     0.000000000E+00    -3.750000000E-01
      426    -7.500000000E-02     0.000000000E+00    -3.750000000E-01
      427    -2.500000000E-02     0.000000000E+00    -3.500000000E-01
      428    -5.000000000E-02     0.000000000E+00    -3.500000000E-01
      429    -7.500000000E-02     0.000000000E+00    -3.500000000E-01
      430    -2.500000000E-02     0.000000000E+00    -3.250000000E-01
      431    -5.000000000E-02     0.000000000E+00    -3.250000000E-01
      432    -7.500000000E-02     0.000000000E+00    -3.250000000E-01
      433    -2.500000000E-02     0.000000000E+00    -3.000000000E-01
      434    -5.000000000E-02     0.000000000E+00    -3.000000000E-01
      435    -7.500000000E-02     0.000000000E+00    -3.000000000E-01
      436    -2.500000000E-02     0.000000000E+00    -2.750000000E-01
      437    -5.000000000E-02     0.000000000E+00    -2.750000000E-01
      438    -7.500000000E-02     0.000000000E+00    -2.750000000E-01
      439    -2.500000000E-02     0.000000000E+00    -2.500000000E-01
      440    -5.000000000E-02     0.000000000E+00    -2.500000000E-01
      441    -7.500000000E-02     0.000000000E+00    -2.500000000E-01
      442    -2.500000000E-02     0.000000000E+00    -2.250000000E-01
      443    -5.000000000E-02     0.000000000E+00    -2.250000000E-01
      444    -7.500000000E-02     0.000000000E+00    -2.250000000E-01
      445    -2.500000000E-02     0.000000000E+00    -2.000000000E-01
      446    -5.000000000E-02     0.000000000E+00    -2.000000000E-01
      447    -7.500000000E-02     0.000000000E+00    -2.000000000E-01
      448    -2.500000000E-02     0.000000000E+00    -1.750000000E-01
      449    -5.000000000E-02     0.000000000E+00    -1.750000000E-01
      450    -7.500000000E-02     0.000000000E+00    -1.750000000E-01
      451    -2.500000000E-02     0.000000000E+00    -1.500000000E-01
      452    -5.000000000E-02     0.000000000E+00    -1.500000000E-01
      453    -7.500000000E-02     0.000000000E+00    -1.500000000E-01
      454    -2.500000000E-02     0.000000000E+00    -1.250000000E-01
      455    -5.000000000E-02     0.000000000E+00    -1.250000000E-01
      456    -7.500000000E-02     0.000000000E+00    -1.250000000E-01
      457    -2.500000000E-02     0.000000000E+00    -1.000000000E-01
      458    -5.000000000E-02     0.000000000E+00    -1.000000000E-01
      459    -7.500000000E-02     0.000000000E+00    -1.000000000E-01
      460    -2.500000000E-02     0.000000000E+00    -7.500000000E-02
      461    -5.000000000E-02     0.000000000E+00    -7.500000000E-02
      462    -7.500000000E-02     0.000000000E+00    -7.500000000E-02
      463    -2.500000000E-02     0.000000000E+00    -5.000000000E-02
      464    -5.000000000E-02     0.000000000E+00    -5.000000000E-02
      465    -7.500000000E-02     0.000000000E+00    -5.000000000E-02
      466    -2.500000000E-02     0.000000000E+00    -2.500000000E-02
      467    -5.000000000E-02     0.000000000E+00    -2.500000000E-02
      468    -7.500000000E-02     0.000000000E+00    -2.500000000E-02
      469    -7.500000000E-02    -1.000000000E-01    -2.500000000E-02
      470    -5.000000000E-02    -1.000000000E-01    -2.500000000E-02
      471    -2.500000000E-02    -1.000000000E-01    -2.500000000E-02
      472    -7.500000000E-02    -1.000000000E-01    -5.000000000E-02
      473    -5.000000000E-02    -1.000000000E-01    -5.000000000E-02
      474    -2.500000000E-02    -1.000000000E-01    -5.000000000E-02
      475    -7.500000000E-02    -1.000000000E-01    -7.500000000E-02
      476    -5.000000000E-02    -1.000000000E-01    -7.500000000E-02
      477    -2.500000000E-02    -1.000000000E-01    -7.500000000E-02
      478    -7.500000000E-02    -1.000000000E-01    -1.000000000E-01
      479    -5.000000000E-02    -1.000000000E-01    -1.000000000E-01
      480    -2.500000000E-02    -1.000000000E-01    -1.000000000E-01
      481    -7.500000000E-02    -1.000000000E-01    -1.250000000E-01
      482    -5.000000000E-02    -1.000000000E-01    -1.250000000E-01
      483    -2.500000000E-02    -1.000000000E-01    -1.250000000E-01
      484    -7.500000000E-02    -1.000000000E-01    -1.500000000E-01
      485    -5.000000000E-02    -1.000000000E-01    -1.500000000E-01
      486    -2.500000000E-02    -1.000000000E-01    -1.500000000E-01
      487    -7.500000000E-02    -1.000000000E-01    -1.750000000E-01
      488    -5.000000000E-02    -1.000000000E-01    -1.750000000E-01
      489    -2.500000000E-02    -1.000000000E-01    -1.750000000E-01
      490    -7.500000000E-02    -1.000000000E-01    -2.000000000E-01
      491    -5.000000000E-02    -1.000000000E-01    -2.000000000E-01
      492    -2.500000000E-02    -1.000000000E-01    -2.000000000E-01
      493    -7.500000000E-02    -1.000000000E-01    -2.250000000E-01
      494    -5.000000000E-02    -1.000000000E-01    -2.250000000E-01
      495    -2.500000000E-02    -1.000000000E-01    -2.250000000E-01
      496    -7.500000000E-02    -1.000000000E-01    -2.500000000E-01
      497    -5.000000000E-02    -1.000000000E-01    -2.500000000E-01
      498    -2.500000000E-02    -1.000000000E-01    -2.500000000E-01
      499    -7.500000000E-02    -1.000000000E-01    -2.750000000E-01
      500    -5.000000000E-02    -1.000000000E-01    -2.750000000E-01
      501    -2.500000000E-02    -1.000000000E-01    -2.750000000E-01
      502    -7.500000000E-02    -1.000000000E-01    -3.000000000E-01
      503    -5.000000000E-02    -1.000000000E-01    -3.000000000E-01
      504    -2.500000000E-02    -1.000000000E-01    -3.000000000E-01
      505    -7.500000000E-02    -1.000000000E-01    -3.250000000E-01
      506    -5.000000000E-02    -1.000000000E-01    -3.250000000E-01
      507    -2.500000000E-02    -1.000000000E-01    -3.250000000E-01
      508    -7.500000000E-02    -1.000000000E-01    -3.500000000E-01
      509    -5.000000000E-02    -1.000000000E-01    -3.500000000E-01
      510    -2.500000000E-02    -1.000000000E-01    -3.500000000E-01
      511    -7.500000000E-02    -1.000000000E-01    -3.750000000E-01
      512    -5.000000000E-02    -1.000000000E-01    -3.750000000E-01
      513    -2.500000000E-02    -1.000000000E-01    -3.750000000E-01
      514    -7.500000000E-02    -1.000000000E-01    -4.000000000E-01
      515    -5.000000000E-02    -1.000000000E-01    -4.000000000E-01
      516    -2.500000000E-02    -1.000000000E-01    -4.000000000E-01
      517    -7.500000000E-02    -1.000000000E-01    -4.250000000E-01
      518    -5.000000000E-02    -1.000000000E-01    -4.250000000E-01
      519    -2.500000000E-02    -1.000000000E-01    -4.250000000E-01
      520    -7.500000000E-02    -1.000000000E-01    -4.500000000E-01
      521    -5.000000000E-02    -1.000000000E-01    -4.500000000E-01
      522    -2.500000000E-02    -1.000000000E-01    -4.500000000E-01
      523    -7.500000000E-02    -1.000000000E-01    -4.750000000E-01
      524    -5.000000000E-02    -1.000000000E-01    -4.750000000E-01
      525    -2.500000000E-02    -1.000000000E-01    -4.750000000E-01
      526    -7.500000000E-02    -1.000000000E-01    -5.000000000E-01
      527    -5.000000000E-02    -1.000000000E-01    -5.000000000E-01
      528    -2.500000000E-02    -1.000000000E-01    -5.000000000E-01
      529    -7.500000000E-02    -1.000000000E-01    -5.250000000E-01
      530    -5.000000000E-02    -1.000000000E-01    -5.250000000E-01
      531    -2.500000000E-02    -1.000000000E-01    -5.250000000E-01
      532    -7.500000000E-02    -1.000000000E-01    -5.500000000E-01
      533    -5.000000000E-02    -1.000000000E-01    -5.500000000E-01
      534    -2.500000000E-02    -1.000000000E-01    -5.500000000E-01
      535    -7.500000000E-02    -1.000000000E-01    -5.750000000E-01
      536    -5.000000000E-02    -1.000000000E-01    -5.750000000E-01
      537    -2.500000000E-02    -1.000000000E-01    -5.750000000E-01
      538    -7.500000000E-02    -1.000000000E-01    -6.000000000E-01
      539    -5.000000000E-02    -1.000000000E-01    -6.000000000E-01
      540    -2.500000000E-02    -1.000000000E-01    -6.000000000E-01
      541    -7.500000000E-02    -1.000000000E-01    -6.250000000E-01
      542    -5.000000000E-02    -1.000000000E-01    -6.250000000E-01
      543    -2.500000000E-02    -1.000000000E-01    -6.250000000E-01
      544    -7.500000000E-02    -1.000000000E-01    -6.500000000E-01
      545    -5.000000000E-02    -1.000000000E-01    -6.500000000E-01
      546    -2.500000000E-02    -1.000000000E-01    -6.500000000E-01
      547    -7.500000000E-02    -1.000000000E-01    -6.750000000E-01
      548    -5.000000000E-02    -1.000000000E-01    -6.750000000E-01
      549    -2.500000000E-02    -1.000000000E-01    -6.750000000E-01
      550    -7.500000000E-02    -1.000000000E-01    -7.000000000E-01
      551    -5.000000000E-02    -1.000000000E-01    -7.000000000E-01
      552    -2.500000000E-02    -1.000000000E-01    -7.000000000E-01
      553    -7.500000000E-02    -1.000000000E-01    -7.250000000E-01
      554    -5.000000000E-02    -1.000000000E-01    -7.250000000E-01
      555    -2.500000000E-02    -1.000000000E-01    -7.250000000E-01
      556    -7.500000000E-02    -1.000000000E-01    -7.500000000E-01
      557    -5.000000000E-02    -1.000000000E-01    -7.500000000E-01
      558    -2.500000000E-02    -1.000000000E-01    -7.500000000E-01
      559    -7.500000000E-02    -1.000000000E-01    -7.750000000E-01
      560    -5.000000000E-02    -1.000000000E-01    -7.750000000E-01
      561    -2.500000000E-02    -1.000000000E-01    -7.750000000E-01
      562    -7.500000000E-02    -1.000000000E-01    -8.000000000E-01
      563    -5.000000000E-02    -1.000000000E-01    -8.000000000E-01
      564    -2.500000000E-02    -1.000000000E-01    -8.000000000E-01
      565    -7.500000000E-02    -1.000000000E-01    -8.250000000E-01
      566    -5.000000000E-02    -1.000000000E-01    -8.250000000E-01
      567    -2.500000000E-02    -1.000000000E-01    -8.250000000E-01
      568    -7.500000000E-02    -1.000000000E-01    -8.500000000E-01
      569    -5.000000000E-02    -1.000000000E-01    -8.500000000E-01
      570    -2.500000000E-02    -1.000000000E-01    -8.500000000E-01
      571    -7.500000000E-02    -1.000000000E-01    -8.750000000E-01
      572    -5.000000000E-02    -1.000000000E-01    -8.750000000E-01
      573    -2.500000000E-02    -1.000000000E-01    -8.750000000E-01
      574    -7.500000000E-02    -1.000000000E-01    -9.000000000E-01
      575    -5.000000000E-02    -1.000000000E-01    -9.000000000E-01
      576    -2.500000000E-02    -1.000000000E-01    -9.000000000E-01
      577    -7.500000000E-02    -1.000000000E-01    -9.250000000E-01
      578    -5.000000000E-02    -1.000000000E-01    -9.250000000E-01
      579    -2.500000000E-02    -1.000000000E-01    -9.250000000E-01
      580    -7.500000000E-02    -1.000000000E-01    -9.500000000E-01
      581    -5.000000000E-02    -1.000000000E-01    -9.500000000E-01
      582    -2.500000000E-02    -1.000000000E-01    -9.500000000E-01
      583    -7.500000000E-02    -1.000000000E-01    -9.750000000E-01
      584    -5.000000000E-02    -1.000000000E-01    -9.750000000E-01
      585    -2.500000000E-02    -1.000000000E-01    -9.750000000E-01
      586    -1.000000000E-01    -1.000000000E-01    -9.750000000E-01
      587    -1.000000000E-01    -1.000000000E-01    -9.500000000E-01
      588    -1.000000000E-01    -1.000000000E-01    -9.250000000E-01
      589    -1.000000000E-01    -1.000000000E-01    -9.000000000E-01
      590    -1.000000000E-01    -1.000000000E-01    -8.750000000E-01
      591    -1.000000000E-01    -1.000000000E-01    -8.500000000E-01
      592    -1.000000000E-01    -1.000000000E-01    -8.250000000E-01
      593    -1.000000000E-01    -1.000000000E-01    -8.000000000E-01
      594    -1.000000000E-01    -1.000000000E-01    -7.750000000E-01
      595    -1.000000000E-01    -1.000000000E-01    -7.500000000E-01
      596    -1.000000000E-01    -1.000000000E-01    -7.250000000E-01
      597    -1.000000000E-01    -1.000000000E-01    -7.000000000E-01
      598    -1.000000000E-01    -1.000000000E-01    -6.750000000E-01
      599    -1.000000000E-01    -1.000000000E-01    -6.500000000E-01
      600    -1.000000000E-01    -1.000000000E-01    -6.250000000E-01
      601    -1.000000000E-01    -1.000000000E-01    -6.000000000E-01
      602    -1.000000000E-01    -1.000000000E-01    -5.750000000E-01
      603    -1.000000000E-01    -1.000000000E-01    -5.500000000E-01
      604    -1.000000000E-01    -1.000000000E-01    -5.250000000E-01
      605    -1.000000000E-01    -1.000000000E-01    -5.000000000E-01
      606    -1.000000000E-01    -1.000000000E-01    -4.750000000E-01
      607    -1.000000000E-01    -1.000000000E-01    -4.500000000E-01
      608    -1.000000000E-01    -1.000000000E-01    -4.250000000E-01
      609    -1.000000000E-01    -1.000000000E-01    -4.000000000E-01
      610    -1.000000000E-01    -1.000000000E-01    -3.750000000E-01
      611    -1.000000000E-01    -1.000000000E-01    -3.500000000E-01
      612    -1.000000000E-01    -1.000000000E-01    -3.250000000E-01
      613    -1.000000000E-01    -1.000000000E-01    -3.000000000E-01
      614    -1.000000000E-01    -1.000000000E-01    -2.750000000E-01
      615    -1.000000000E-01    -1.000000000E-01    -2.500000000E-01
      616    -1.000000000E-01    -1.000000000E-01    -2.250000000E-01
      617    -1.000000000E-01    -1.000000000E-01    -2.000000000E-01
      618    -1.000000000E-01    -1.000000000E-01    -1.750000000E-01
      619    -1.000000000E-01    -1.000000000E-01    -1.500000000E-01
      620    -1.000000000E-01    -1.000000000E-01    -1.250000000E-01
      621    -1.000000000E-01    -1.000000000E-01    -1.000000000E-01
      622    -1.000000000E-01    -1.000000000E-01    -7.500000000E-02
      623    -1.000000000E-01    -1.000000000E-01    -5.000000000E-02
      624    -1.000000000E-01    -1.000000000E-01    -2.500000000E-02
      625     0.000000000E+00    -1.000000000E-01    -8.750000000E-01
      626     0.000000000E+00    -1.000000000E-01    -8.500000000E-01
      627     0.000000000E+00    -1.000000000E-01    -8.250000000E-01
      628     0.000000000E+00    -1.000000000E-01    -8.000000000E-01
      629     0.000000000E+00    -1.000000000E-01    -7.750000000E-01
      630     0.000000000E+00    -1.000000000E-01    -7.500000000E-01
      631     0.000000000E+00    -1.000000000E-01    -7.250000000E-01
      632     0.000000000E+00    -1.000000000E-01    -7.000000000E-01
      633     0.000000000E+00    -1.000000000E-01    -6.750000000E-01
      634     0.000000000E+00    -1.000000000E-01    -6.500000000E-01
      635     0.000000000E+00    -1.000000000E-01    -6.250000000E-01
      636     0.000000000E+00    -1.000000000E-01    -6.000000000E-01
      637     0.000000000E+00    -1.000000000E-01    -5.750000000E-01
      638     0.000000000E+00    -1.000000000E-01    -5.500000000E-01
      639     0.000000000E+00    -1.000000000E-01    -5.250000000E-01
      640     0.000000000E+00    -1.000000000E-01    -5.000000000E-01
      641     0.000000000E+00    -1.000000000E-01    -4.750000000E-01
      642     0.000000000E+00    -1.000000000E-01    -4.500000000E-01
      643     0.000000000E+00    -1.000000000E-01    -4.250000000E-01
      644     0.000000000E+00    -1.000000000E-01    -4.000000000E-01
      645     0.000000000E+00    -1.000000000E-01    -3.750000000E-01
      646     0.000000000E+00    -1.000000000E-01    -3.500000000E-01
      647     0.000000000E+00    -1.000000000E-01    -3.250000000E-01
      648     0.000000000E+00    -1.000000000E-01    -3.000000000E-01
      649     0.000000000E+00    -1.000000000E-01    -2.750000000E-01
      650     0.000000000E+00    -1.000000000E-01    -2.500000000E-01
      651     0.000000000E+00    -1.000000000E-01    -2.250000000E-01
      652     0.000000000E+00    -1.000000000E-01    -2.000000000E-01
      653     0.000000000E+00    -1.000000000E-01    -1.750000000E-01
      654     0.000000000E+00    -1.000000000E-01    -1.500000000E-01
      655     0.000000000E+00    -1.000000000E-01    -1.250000000E-01
      656     0.000000000E+00    -1.000000000E-01    -1.000000000E-01
      657     0.000000000E+00    -1.000000000E-01    -7.500000000E-02
      658     0.000000000E+00    -1.000000000E-01    -5.000000000E-02
      659     0.000000000E+00    -1.000000000E-01    -2.500000000E-02
      660    -2.500000000E-02    -1.000000000E-01    -1.000000000E+00
      661    -5.000000000E-02    -1.000000000E-01    -1.000000000E+00
      662    -7.500000000E-02    -1.000000000E-01    -1.000000000E+00
      663    -1.000000000E-01    -1.000000000E-01    -1.000000000E+00
      664     0.000000000E+00    -1.000000000E-01     0.000000000E+00
      665    -2.500000000E-02    -1.000000000E-01     0.000000000E+00
      666    -5.000000000E-02    -1.000000000E-01     0.000000000E+00
      667    -7.500000000E-02    -1.000000000E-01     0.000000000E+00
      668    -1.000000000E-01    -1.000000000E-01     0.000000000E+00
      669     0.000000000E+00    -1.000000000E-01    -1.000000000E+00
      670     0.000000000E+00    -1.000000000E-01    -9.750000000E-01
      671     0.000000000E+00    -1.000000000E-01    -9.500000000E-01
      672     0.000000000E+00    -1.000000000E-01    -9.250000000E-01
      673     0.000000000E+00    -1.000000000E-01    -9.000000000E-01
      674     0.000000000E+00    -7.500000000E-02    -9.250000000E-01
      675     0.000000000E+00    -5.000000000E-02    -9.250000000E-01
      676     0.000000000E+00    -2.500000000E-02    -9.250000000E-01
      677     0.000000000E+00    -7.500000000E-02    -9.500000000E-01
      678     0.000000000E+00    -5.000000000E-02    -9.500000000E-01
      679     0.000000000E+00    -2.500000000E-02    -9.500000000E-01
      680     0.000000000E+00    -7.500000000E-02    -9.750000000E-01
      681     0.000000000E+00    -5.000000000E-02    -9.750000000E-01
      682     0.000000000E+00    -2.500000000E-02    -9.750000000E-01
      683     0.000000000E+00     0.000000000E+00    -9.250000000E-01
      684     0.000000000E+00     0.000000000E+00    -9.500000000E-01
      685     0.000000000E+00     0.000000000E+00    -9.750000000E-01
      686     0.000000000E+00    -7.500000000E-02    -9.000000000E-01
      687     0.000000000E+00    -5.000000000E-02    -9.000000000E-01
      688     0.000000000E+00    -2.500000000E-02    -9.000000000E-01
      689     0.000000000E+00     0.000000000E+00    -9.000000000E-01
      690     0.000000000E+00     0.000000000E+00    -1.000000000E+00
      691     0.000000000E+00    -2.500000000E-02    -1.000000000E+00
      692     0.000000000E+00    -5.000000000E-02    -1.000000000E+00
      693     0.000000000E+00    -7.500000000E-02    -1.000000000E+00
      694    -2.500000000E-02    -2.500000000E-02     0.000000000E+00
      695    -2.500000000E-02    -5.000000000E-02     0.000000000E+00
      696    -2.500000000E-02    -7.500000000E-02     0.000000000E+00
      697    -5.000000000E-02    -2.500000000E-02     0.000000000E+00
      698    -5.000000000E-02    -5.000000000E-02     0.000000000E+00
      699    -5.000000000E-02    -7.500000000E-02     0.000000000E+00
      700    -7.500000000E-02    -2.500000000E-02     0.000000000E+00
      701    -7.500000000E-02    -5.000000000E-02     0.000000000E+00
      702    -7.500000000E-02    -7.500000000E-02     0.000000000E+00
      703    -2.500000000E-02     0.000000000E+00     0.000000000E+00
      704    -5.000000000E-02     0.000000000E+00     0.000000000E+00
      705    -7.500000000E-02     0.000000000E+00     0.000000000E+00
      706    -1.000000000E-01    -7.500000000E-02     0.000000000E+00
      707    -1.000000000E-01    -5.000000000E-02     0.000000000E+00
      708    -1.000000000E-01    -2.500000000E-02     0.000000000E+00
      709    -1.000000000E-01     0.000000000E+00     0.000000000E+00
      710     0.000000000E+00     0.000000000E+00     0.000000000E+00
      711     0.000000000E+00    -2.500000000E-02     0.000000000E+00
      712     0.000000000E+00    -5.000000000E-02     0.000000000E+00
      713     0.000000000E+00    -7.500000000E-02     0.000000000E+00
      714    -7.500000000E-02    -7.500000000E-02    -1.000000000E+00
      715    -5.000000000E-02    -7.500000000E-02    -1.000000000E+00
      716    -2.500000000E-02    -7.500000000E-02    -1.000000000E+00
      717    -7.500000000E-02    -5.000000000E-02    -1.000000000E+00
      718    -5.000000000E-02    -5.000000000E-02    -1.000000000E+00
      719    -2.500000000E-02    -5.000000000E-02    -1.000000000E+00
      720    -7.500000000E-02    -2.500000000E-02    -1.000000000E+00
      721    -5.000000000E-02    -2.500000000E-02    -1.000000000E+00
      722    -2.500000000E-02    -2.500000000E-02    -1.000000000E+00
      723    -2.500000000E-02     0.000000000E+00    -1.000000000E+00
      724    -5.000000000E-02     0.000000000E+00    -1.000000000E+00
      725    -7.500000000E-02     0.000000000E+00    -1.000000000E+00
      726    -1.000000000E-01    -7.500000000E-02    -1.000000000E+00
      727    -1.000000000E-01    -5.000000000E-02    -1.000000000E+00
      728    -1.000000000E-01    -2.500000000E-02    -1.000000000E+00
      729    -1.000000000E-01     0.000000000E+00    -1.000000000E+00
      730     0.000000000E+00    -2.500000000E-02    -8.750000000E-01
      731     0.000000000E+00    -5.000000000E-02    -8.750000000E-01
      732     0.000000000E+00    -7.500000000E-02    -8.750000000E-01
      733     0.000000000E+00    -2.500000000E-02    -8.500000000E-01
      734     0.000000000E+00    -5.000000000E-02    -8.500000000E-01
      735     0.000000000E+00    -7.500000000E-02    -8.500000000E-01
      736     0.000000000E+00    -2.500000000E-02    -8.250000000E-01
      737     0.000000000E+00    -5.000000000E-02    -8.250000000E-01
      738     0.000000000E+00    -7.500000000E-02    -8.250000000E-01
      739     0.000000000E+00    -2.500000000E-02    -8.000000000E-01
      740     0.000000000E+00    -5.000000000E-02    -8.000000000E-01
      741     0.000000000E+00    -7.500000000E-02    -8.000000000E-01
      742     0.000000000E+00    -2.500000000E-02    -7.750000000E-01
      743     0.000000000E+00    -5.000000000E-02    -7.750000000E-01
      744     0.000000000E+00    -7.500000000E-02    -7.750000000E-01
      745     0.000000000E+00    -2.500000000E-02    -7.500000000E-01
      746     0.000000000E+00    -5.000000000E-02    -7.500000000E-01
      747     0.000000000E+00    -7.500000000E-02    -7.500000000E-01
      748     0.000000000E+00    -2.500000000E-02    -7.250000000E-01
      749     0.000000000E+00    -5.000000000E-02    -7.250000000E-01
      750     0.000000000E+00    -7.500000000E-02    -7.250000000E-01
      751     0.000000000E+00    -2.500000000E-02    -7.000000000E-01
      752     0.000000000E+00    -5.000000000E-02    -7.000000000E-01
      753     0.000000000E+00    -7.500000000E-02    -7.000000000E-01
      754     0.000000000E+00    -2.500000000E-02    -6.750000000E-01
      755     0.000000000E+00    -5.000000000E-02    -6.750000000E-01
      756     0.000000000E+00    -7.500000000E-02    -6.750000000E-01
      757     0.000000000E+00    -2.500000000E-02    -6.500000000E-01
      758     0.000000000E+00    -5.000000000E-02    -6.500000000E-01
      759     0.000000000E+00    -7.500000000E-02    -6.500000000E-01
      760     0.000000000E+00    -2.500000000E-02    -6.250000000E-01
      761     0.000000000E+00    -5.000000000E-02    -6.250000000E-01
      762     0.000000000E+00    -7.500000000E-02    -6.250000000E-01
      763     0.000000000E+00    -2.500000000E-02    -6.000000000E-01
      764     0.000000000E+00    -5.000000000E-02    -6.000000000E-01
      765     0.000000000E+00    -7.500000000E-02    -6.000000000E-01
      766     0.000000000E+00    -2.500000000E-02    -5.750000000E-01
      767     0.000000000E+00    -5.000000000E-02    -5.750000000E-01
      768     0.000000000E+00    -7.500000000E-02    -5.750000000E-01
      769     0.000000000E+00    -2.500000000E-02    -5.500000000E-01
      770     0.000000000E+00    -5.000000000E-02    -5.500000000E-01
      771     0.000000000E+00    -7.500000000E-02    -5.500000000E-01
      772     0.000000000E+00    -2.500000000E-02    -5.250000000E-01
      773     0.000000000E+00    -5.000000000E-02    -5.250000000E-01
      774     0.000000000E+00    -7.500000000E-02    -5.250000000E-01
      775     0.000000000E+00    -2.500000000E-02    -5.000000000E-01
      776     0.000000000E+00    -5.000000000E-02    -5.000000000E-01
      777     0.000000000E+00    -7.500000000E-02    -5.000000000E-01
      778     0.000000000E+00    -2.500000000E-02    -4.750000000E-01
      779     0.000000000E+00    -5.000000000E-02    -4.750000000E-01
      780     0.000000000E+00    -7.500000000E-02    -4.750000000E-01
      781     0.000000000E+00    -2.500000000E-02    -4.500000000E-01
      782     0.000000000E+00    -5.000000000E-02    -4.500000000E-01
      783     0.000000000E+00    -7.500000000E-02    -4.500000000E-01
      784     0.000000000E+00    -2.500000000E-02    -4.250000000E-01
      785     0.000000000E+00    -5.000000000E-02    -4.250000000E-01
      786     0.000000000E+00    -7.500000000E-02    -4.250000000E-01
      787     0.000000000E+00    -2.500000000E-02    -4.000000000E-01
      788     0.000000000E+00    -5.000000000E-02    -4.000000000E-01
      789     0.000000000E+00    -7.500000000E-02    -4.000000000E-01
      790     0.000000000E+00    -2.500000000E-02    -3.750000000E-01
      791     0.000000000E+00    -5.000000000E-02    -3.750000000E-01
      792     0.000000000E+00    -7.500000000E-02    -3.750000000E-01
      793     0.000000000E+00    -2.500000000E-02    -3.500000000E-01
      794     0.000000000E+00    -5.000000000E-02    -3.500000000E-01
      795     0.000000000E+00    -7.500000000E-02    -3.500000000E-01
      796     0.000000000E+00    -2.500000000E-02    -3.250000000E-01
      797     0.000000000E+00    -5.000000000E-02    -3.250000000E-01
      798     0.000000000E+00    -7.500000000E-02    -3.250000000E-01
      799     0.000000000E+00    -2.500000000E-02    -3.000000000E-01
      800     0.000000000E+00    -5.000000000E-02    -3.000000000E-01
      801     0.000000000E+00    -7.500000000E-02    -3.000000000E-01
      802     0.000000000E+00    -2.500000000E-02    -2.750000000E-01
      803     0.000000000E+00    -5.000000000E-02    -2.750000000E-01
      804     0.000000000E+00    -7.500000000E-02    -2.750000000E-01
      805     0.000000000E+00    -2.500000000E-02    -2.500000000E-01
      806     0.000000000E+00    -5.000000000E-02    -2.500000000E-01
      807     0.000000000E+00    -7.500000000E-02    -2.500000000E-01
      808     0.000000000E+00    -2.500000000E-02    -2.250000000E-01
      809     0.000000000E+00    -5.000000000E-02    -2.250000000E-01
      810     0.000000000E+00    -7.500000000E-02    -2.250000000E-01
      811     0.000000000E+00    -2.500000000E-02    -2.000000000E-01
      812     0.000000000E+00    -5.000000000E-02    -2.000000000E-01
      813     0.000000000E+00    -7.500000000E-02    -2.000000000E-01
      814     0.000000000E+00    -2.500000000E-02    -1.750000000E-01
      815     0.000000000E+00    -5.000000000E-02    -1.750000000E-01
      816     0.000000000E+00    -7.500000000E-02    -1.750000000E-01
      817     0.000000000E+00    -2.500000000E-02    -1.500000000E-01
      818     0.000000000E+00    -5.000000000E-02    -1.500000000E-01
      819     0.000000000E+00    -7.500000000E-02    -1.500000000E-01
      820     0.000000000E+00    -2.500000000E-02    -1.250000000E-01
      821     0.000000000E+00    -5.000000000E-02    -1.250000000E-01
      822     0.000000000E+00    -7.500000000E-02    -1.250000000E-01
      823     0.000000000E+00    -2.500000000E-02    -1.000000000E-01
      824     0.000000000E+00    -5.000000000E-02    -1.000000000E-01
      825     0.000000000E+00    -7.500000000E-02    -1.000000000E-01
      826     0.000000000E+00    -2.500000000E-02    -7.500000000E-02
      827     0.000000000E+00    -5.000000000E-02    -7.500000000E-02
      828     0.000000000E+00    -7.500000000E-02    -7.500000000E-02
      829     0.000000000E+00    -2.500000000E-02    -5.000000000E-02
      830     0.000000000E+00    -5.000000000E-02    -5.000000000E-02
      831     0.000000000E+00    -7.500000000E-02    -5.000000000E-02
      832     0.000000000E+00    -2.500000000E-02    -2.500000000E-02
      833     0.000000000E+00    -5.000000000E-02    -2.500000000E-02
      834     0.000000000E+00    -7.500000000E-02    -2.500000000E-02
      835     0.000000000E+00     0.000000000E+00    -2.500000000E-02
      836     0.000000000E+00     0.000000000E+00    -5.000000000E-02
      837     0.000000000E+00     0.000000000E+00    -7.500000000E-02
      838     0.000000000E+00     0.000000000E+00    -1.000000000E-01
      839     0.000000000E+00     0.000000000E+00    -1.250000000E-01
      840     0.000000000E+00     0.000000000E+00    -1.500000000E-01
      841     0.000000000E+00     0.000000000E+00    -1.750000000E-01
      842     0.000000000E+00     0.000000000E+00    -2.000000000E-01
      843     0.000000000E+00     0.000000000E+00    -2.250000000E-01
      844     0.000000000E+00     0.000000000E+00    -2.500000000E-01
      845     0.000000000E+00     0.000000000E+00    -2.750000000E-01
      846     0.000000000E+00     0.000000000E+00    -3.000000000E-01
      847     0.000000000E+00     0.000000000E+00    -3.250000000E-01
      848     0.000000000E+00     0.000000000E+00    -3.500000000E-01
      849     0.000000000E+00     0.000000000E+00    -3.750000000E-01
      850     0.000000000E+00     0.000000000E+00    -4.000000000E-01
      851     0.000000000E+00     0.000000000E+00    -4.250000000E-01
      852     0.000000000E+00     0.000000000E+00    -4.500000000E-01
      853     0.000000000E+00     0.000000000E+00    -4.750000000E-01
      854     0.000000000E+00     0.000000000E+00    -5.000000000E-01
      855     0.000000000E+00     0.000000000E+00    -5.250000000E-01
      856     0.000000000E+00     0.000000000E+00    -5.500000000E-01
      857     0.000000000E+00     0.000000000E+00    -5.750000000E-01
      858     0.000000000E+00     0.000000000E+00    -6.000000000E-01
      859     0.000000000E+00     0.000000000E+00    -6.250000000E-01
      860     0.000000000E+00     0.000000000E+00    -6.500000000E-01
      861     0.000000000E+00     0.000000000E+00    -6.750000000E-01
      862     0.000000000E+00     0.000000000E+00    -7.000000000E-01
      863     0.000000000E+00     0.000000000E+00    -7.250000000E-01
      864     0.000000000E+00     0.000000000E+00    -7.500000000E-01
      865     0.000000000E+00     0.000000000E+00    -7.750000000E-01
      866     0.000000000E+00     0.000000000E+00    -8.000000000E-01
      867     0.000000000E+00     0.000000000E+00    -8.250000000E-01
      868     0.000000000E+00     0.000000000E+00    -8.500000000E-01
      869     0.000000000E+00     0.000000000E+00    -8.750000000E-01
      870    -1.000000000E-01    -2.500000000E-02    -2.500000000E-02
      871    -1.000000000E-01    -5.000000000E-02    -2.500000000E-02
      872    -1.000000000E-01    -7.500000000E-02    -2.500000000E-02
      873    -1.000000000E-01    -2.500000000E-02    -5.000000000E-02
      874    -1.000000000E-01    -5.000000000E-02    -5.000000000E-02
      875    -1.000000000E-01    -7.500000000E-02    -5.000000000E-02
      876    -1.000000000E-01    -2.500000000E-02    -7.500000000E-02
      877    -1.000000000E-01    -5.000000000E-02    -7.500000000E-02
      878    -1.000000000E-01    -7.500000000E-02    -7.500000000E-02
      879    -1.000000000E-01    -2.500000000E-02    -1.000000000E-01
      880    -1.000000000E-01    -5.000000000E-02    -1.000000000E-01
      881    -1.000000000E-01    -7.500000000E-02    -1.000000000E-01
      882    -1.000000000E-01    -2.500000000E-02    -1.250000000E-01
      883    -1.000000000E-01    -5.000000000E-02    -1.250000000E-01
      884    -1.000000000E-01    -7.500000000E-02    -1.250000000E-01
      885    -1.000000000E-01    -2.500000000E-02    -1.500000000E-01
      886    -1.000000000E-01    -5.000000000E-02    -1.500000000E-01
      887    -1.000000000E-01    -7.500000000E-02    -1.500000000E-01
      888    -1.000000000E-01    -2.500000000E-02    -1.750000000E-01
      889    -1.000000000E-01    -5.000000000E-02    -1.750000000E-01
      890    -1.000000000E-01    -7.500000000E-02    -1.750000000E-01
      891    -1.000000000E-01    -2.500000000E-02    -2.000000000E-01
      892    -1.000000000E-01    -5.000000000E-02    -2.000000000E-01
      893    -1.000000000E-01    -7.500000000E-02    -2.000000000E-01
      894    -1.000000000E-01    -2.500000000E-02    -2.250000000E-01
      895    -1.000000000E-01    -5.000000000E-02    -2.250000000E-01
      896    -1.000000000E-01    -7.500000000E-02    -2.250000000E-01
      897    -1.000000000E-01    -2.500000000E-02    -2.500000000E-01
      898    -1.000000000E-01    -5.000000000E-02    -2.500000000E-01
      899    -1.000000000E-01    -7.500000000E-02    -2.500000000E-01
      900    -1.000000000E-01    -2.500000000E-02    -2.750000000E-01
      901    -1.000000000E-01    -5.000000000E-02    -2.750000000E-01
      902    -1.000000000E-01    -7.500000000E-02    -2.750000000E-01
      903    -1.000000000E-01    -2.500000000E-02    -3.000000000E-01
      904    -1.000000000E-01    -5.000000000E-02    -3.000000000E-01
      905    -1.000000000E-01    -7.500000000E-02    -3.000000000E-01
      906    -1.000000000E-01    -2.500000000E-02    -3.250000000E-01
      907    -1.000000000E-01    -5.000000000E-02    -3.250000000E-01
      908    -1.000000000E-01    -7.500000000E-02    -3.250000000E-01
      909    -1.000000000E-01    -2.500000000E-02    -3.500000000E-01
      910    -1.000000000E-01    -5.000000000E-02    -3.500000000E-01
      911    -1.000000000E-01    -7.500000000E-02    -3.500000000E-01
      912    -1.000000000E-01    -2.500000000E-02    -3.750000000E-01
      913    -1.000000000E-01    -5.000000000E-02    -3.750000000E-01
      914    -1.000000000E-01    -7.500000000E-02    -3.750000000E-01
      915    -1.000000000E-01    -2.500000000E-02    -4.000000000E-01
      916    -1.000000000E-01    -5.000000000E-02    -4.000000000E-01
      917    -1.000000000E-01    -7.500000000E-02    -4.000000000E-01
      918    -1.000000000E-01    -2.500000000E-02    -4.250000000E-01
      919    -1.000000000E-01    -5.000000000E-02    -4.250000000E-01
      920    -1.000000000E-01    -7.500000000E-02    -4.250000000E-01
      921    -1.000000000E-01    -2.500000000E-02    -4.500000000E-01
      922    -1.000000000E-01    -5.000000000E-02    -4.500000000E-01
      923    -1.000000000E-01    -7.500000000E-02    -4.500000000E-01
      924    -1.000000000E-01    -2.500000000E-02    -4.750000000E-01
      925    -1.000000000E-01    -5.000000000E-02    -4.750000000E-01
      926    -1.000000000E-01    -7.500000000E-02    -4.750000000E-01
      927    -1.000000000E-01    -2.500000000E-02    -5.000000000E-01
      928    -1.000000000E-01    -5.000000000E-02    -5.000000000E-01
      929    -1.000000000E-01    -7.500000000E-02    -5.000000000E-01
      930    -1.000000000E-01    -2.500000000E-02    -5.250000000E-01
      931    -1.000000000E-01    -5.000000000E-02    -5.250000000E-01
      932    -1.000000000E-01    -7.500000000E-02    -5.250000000E-01
      933    -1.000000000E-01    -2.500000000E-02    -5.500000000E-01
      934    -1.000000000E-01    -5.000000000E-02    -5.500000000E-01
      935    -1.000000000E-01    -7.500000000E-02    -5.500000000E-01
      936    -1.000000000E-01    -2.500000000E-02    -5.750000000E-01
      937    -1.000000000E-01    -5.000000000E-02    -5.750000000E-01
      938    -1.000000000E-01    -7.500000000E-02    -5.750000000E-01
      939    -1.000000000E-01    -2.500000000E-02    -6.000000000E-01
      940    -1.000000000E-01    -5.000000000E-02    -6.000000000E-01
      941    -1.000000000E-01    -7.500000000E-02    -6.000000000E-01
      942    -1.000000000E-01    -2.500000000E-02    -6.250000000E-01
      943    -1.000000000E-01    -5.000000000E-02    -6.250000000E-01
      944    -1.000000000E-01    -7.500000000E-02    -6.250000000E-01
      945    -1.000000000E-01    -2.500000000E-02    -6.500000000E-01
      946    -1.000000000E-01    -5.000000000E-02    -6.500000000E-01
      947    -1.000000000E-01    -7.500000000E-02    -6.500000000E-01
      948    -1.000000000E-01    -2.500000000E-02    -6.750000000E-01
      949    -1.000000000E-01    -5.000000000E-02    -6.750000000E-01
      950    -1.000000000E-01    -7.500000000E-02    -6.750000000E-01
      951    -1.000000000E-01    -2.500000000E-02    -7.000000000E-01
      952    -1.000000000E-01    -5.000000000E-02    -7.000000000E-01
      953    -1.000000000E-01    -7.500000000E-02    -7.000000000E-01
      954    -1.000000000E-01    -2.500000000E-02    -7.250000000E-01
      955    -1.000000000E-01    -5.000000000E-02    -7.250000000E-01
      956    -1.000000000E-01    -7.500000000E-02    -7.250000000E-01
      957    -1.000000000E-01    -2.500000000E-02    -7.500000000E-01
      958    -1.000000000E-01    -5.000000000E-02    -7.500000000E-01
      959    -1.000000000E-01    -7.500000000E-02    -7.500000000E-01
      960    -1.000000000E-01    -2.500000000E-02    -7.750000000E-01
      961    -1.000000000E-01    -5.000000000E-02    -7.750000000E-01
      962    -1.000000000E-01    -7.500000000E-02    -7.750000000E-01
      963    -1.000000000E-01    -2.500000000E-02    -8.000000000E-01
      964    -1.000000000E-01    -5.000000000E-02    -8.000000000E-01
      965    -1.000000000E-01    -7.500000000E-02    -8.000000000E-01
      966    -1.000000000E-01    -2.500000000E-02    -8.250000000E-01
      967    -1.000000000E-01    -5.000000000E-02    -8.250000000E-01
      968    -1.000000000E-01    -7.500000000E-02    -8.250000000E-01
      969    -1.000000000E-01    -2.500000000E-02    -8.500000000E-01
      970    -1.000000000E-01    -5.000000000E-02    -8.500000000E-01
      971    -1.000000000E-01    -7.500000000E-02    -8.500000000E-01
      972    -1.000000000E-01    -2.500000000E-02    -8.750000000E-01
      973    -1.000000000E-01    -5.000000000E-02    -8.750000000E-01
      974    -1.000000000E-01    -7.500000000E-02    -8.750000000E-01
      975    -1.000000000E-01    -2.500000000E-02    -9.000000000E-01
      976    -1.000000000E-01    -5.000000000E-02    -9.000000000E-01
      977    -1.000000000E-01    -7.500000000E-02    -9.000000000E-01
      978    -1.000000000E-01    -2.500000000E-02    -9.250000000E-01
      979    -1.000000000E-01    -5.000000000E-02    -9.250000000E-01
      980    -1.000000000E-01    -7.500000000E-02    -9.250000000E-01
      981    -1.000000000E-01    -2.500000000E-02    -9.500000000E-01
      982    -1.000000000E-01    -5.000000000E-02    -9.500000000E-01
      983    -1.000000000E-01    -7.500000000E-02    -9.500000000E-01
      984    -1.000000000E-01    -2.500000000E-02    -9.750000000E-01
      985    -1.000000000E-01    -5.000000000E-02    -9.750000000E-01
      986    -1.000000000E-01    -7.500000000E-02    -9.750000000E-01
      987    -1.000000000E-01     0.000000000E+00    -2.500000000E-02
      988    -1.000000000E-01     0.000000000E+00    -5.000000000E-02
      989    -1.000000000E-01     0.000000000E+00    -7.500000000E-02
      990    -1.000000000E-01     0.000000000E+00    -1.000000000E-01
      991    -1.000000000E-01     0.000000000E+00    -1.250000000E-01
      992    -1.000000000E-01     0.000000000E+00    -1.500000000E-01
      993    -1.000000000E-01     0.000000000E+00    -1.750000000E-01
      994    -1.000000000E-01     0.000000000E+00    -2.000000000E-01
      995    -1.000000000E-01     0.000000000E+00    -2.250000000E-01
      996    -1.000000000E-01     0.000000000E+00    -2.500000000E-01
      997    -1.000000000E-01     0.000000000E+00    -2.750000000E-01
      998    -1.000000000E-01     0.000000000E+00    -3.000000000E-01
      999    -1.000000000E-01     0.000000000E+00    -3.250000000E-01
     1000    -1.000000000E-01     0.000000000E+00    -3.500000000E-01
     1001    -1.000000000E-01     0.000000000E+00    -3.750000000E-01
     1002    -1.000000000E-01     0.000000000E+00    -4.000000000E-01
     1003    -1.000000000E-01     0.000000000E+00    -4.250000000E-01
     1004    -1.000000000E-01     0.000000000E+00    -4.500000000E-01
     1005    -1.000000000E-01     0.000000000E+00    -4.750000000E-01
     1006    -1.000000000E-01     0.000000000E+00    -5.000000000E-01
     1007    -1.000000000E-01     0.000000000E+00    -5.250000000E-01
     1008    -1.000000000E-01     0.000000000E+00    -5.500000000E-01
     1009    -1.000000000E-01     0.000000000E+00    -5.750000000E-01
     1010    -1.000000000E-01     0.000000000E+00    -6.000000000E-01
     1011    -1.000000000E-01     0.000000000E+00    -6.250000000E-01
     1012    -1.000000000E-01     0.000000000E+00    -6.500000000E-01
     1013    -1.000000000E-01     0.000000000E+00    -6.750000000E-01
     1014    -1.000000000E-01     0.000000000E+00    -7.000000000E-01
     1015    -1.000000000E-01     0.000000000E+00    -7.250000000E-01
     1016    -1.000000000E-01     0.000000000E+00    -7.500000000E-01
     1017    -1.000000000E-01     0.000000000E+00    -7.750000000E-01
     1018    -1.000000000E-01     0.000000000E+00    -8.000000000E-01
     1019    -1.000000000E-01     0.000000000E+00    -8.250000000E-01
     1020    -1.000000000E-01     0.000000000E+00    -8.500000000E-01
     1021    -1.000000000E-01     0.000000000E+00    -8.750000000E-01
     1022    -1.000000000E-01     0.000000000E+00    -9.000000000E-01
     1023    -1.000000000E-01     0.000000000E+00    -9.250000000E-01
     1024    -1.000000000E-01     0.000000000E+00    -9.500000000E-01
     1025    -1.000000000E-01     0.000000000E+00    -9.750000000E-01
     1026    -7.500000000E-02    -3.750000000E-02    -2.500000000E-02
     1027    -6.250000000E-02    -2.500000000E-02    -2.500000000E-02
     1028    -7.500000000E-02    -2.500000000E-02    -3.750000000E-02
     1029    -7.500000000E-02    -1.250000000E-02    -2.500000000E-02
     1030    -7.500000000E-02    -2.500000000E-02    -1.250000000E-02
     1031    -8.750000000E-02    -2.500000000E-02    -2.500000000E-02
     1032    -7.500000000E-02    -6.250000000E-02    -2.500000000E-02
     1033    -6.250000000E-02    -5.000000000E-02    -2.500000000E-02
     1034    -7.500000000E-02    -5.000000000E-02    -3.750000000E-02
     1035    -7.500000000E-02    -5.000000000E-02    -1.250000000E-02
     1036    -8.750000000E-02    -5.000000000E-02    -2.500000000E-02
     1037    -6.250000000E-02    -7.500000000E-02    -2.500000000E-02
     1038    -7.500000000E-02    -7.500000000E-02    -3.750000000E-02
     1039    -7.500000000E-02    -8.750000000E-02    -2.500000000E-02
     1040    -7.500000000E-02    -7.500000000E-02    -1.250000000E-02
     1041    -8.750000000E-02    -7.500000000E-02    -2.500000000E-02
     1042    -5.000000000E-02    -3.750000000E-02    -2.500000000E-02
     1043    -3.750000000E-02    -2.500000000E-02    -2.500000000E-02
     1044    -5.000000000E-02    -2.500000000E-02    -3.750000000E-02
     1045    -5.000000000E-02    -1.250000000E-02    -2.500000000E-02
     1046    -5.000000000E-02    -2.500000000E-02    -1.250000000E-02
     1047    -5.000000000E-02    -6.250000000E-02    -2.500000000E-02
     1048    -3.750000000E-02    -5.000000000E-02    -2.500000000E-02
     1049    -5.000000000E-02    -5.000000000E-02    -3.750000000E-02
     1050    -5.000000000E-02    -5.000000000E-02    -1.250000000E-02
     1051    -3.750000000E-02    -7.500000000E-02    -2.500000000E-02
     1052    -5.000000000E-02    -7.500000000E-02    -3.750000000E-02
     1053    -5.000000000E-02    -8.750000000E-02    -2.500000000E-02
     1054    -5.000000000E-02    -7.500000000E-02    -1.250000000E-02
     1055    -2.500000000E-02    -3.750000000E-02    -2.500000000E-02
     1056    -2.500000000E-02    -2.500000000E-02    -3.750000000E-02
     1057    -2.500000000E-02    -1.250000000E-02    -2.500000000E-02
     1058    -2.500000000E-02    -2.500000000E-02    -1.250000000E-02
     1059    -1.250000000E-02    -2.500000000E-02    -2.500000000E-02
     1060    -2.500000000E-02    -6.250000000E-02    -2.500000000E-02
     1061    -2.500000000E-02    -5.000000000E-02    -3.750000000E-02
     1062    -2.500000000E-02    -5.000000000E-02    -1.250000000E-02
     1063    -1.250000000E-02    -5.000000000E-02    -2.500000000E-02
     1064    -2.500000000E-02    -7.500000000E-02    -3.750000000E-02
     1065    -2.500000000E-02    -8.750000000E-02    -2.500000000E-02
     1066    -2.500000000E-02    -7.500000000E-02    -1.250000000E-02
     1067    -1.250000000E-02    -7.500000000E-02    -2.500000000E-02
     1068    -7.500000000E-02    -3.750000000E-02    -5.000000000E-02
     1069    -6.250000000E-02    -2.500000000E-02    -5.000000000E-02
     1070    -7.500000000E-02    -2.500000000E-02    -6.250000000E-02
     1071    -7.500000000E-02    -1.250000000E-02    -5.000000000E-02
     1072    -8.750000000E-02    -2.500000000E-02    -5.000000000E-02
     1073    -7.500000000E-02    -6.250000000E-02    -5.000000000E-02
     1074    -6.250000000E-02    -5.000000000E-02    -5.000000000E-02
     1075    -7.500000000E-02    -5.000000000E-02    -6.250000000E-02
     1076    -8.750000000E-02    -5.000000000E-02    -5.000000000E-02
     1077    -6.250000000E-02    -7.500000000E-02    -5.000000000E-02
     1078    -7.500000000E-02    -7.500000000E-02    -6.250000000E-02
     1079    -7.500000000E-02    -8.750000000E-02    -5.000000000E-02
     1080    -8.750000000E-02    -7.500000000E-02    -5.000000000E-02
     1081    -5.000000000E-02    -3.750000000E-02    -5.000000000E-02
     1082    -3.750000000E-02    -2.500000000E-02    -5.000000000E-02
     1083    -5.000000000E-02    -2.500000000E-02    -6.250000000E-02
     1084    -5.000000000E-02    -1.250000000E-02    -5.000000000E-02
     1085    -5.000000000E-02    -6.250000000E-02    -5.000000000E-02
     1086    -3.750000000E-02    -5.000000000E-02    -5.000000000E-02
     1087    -5.000000000E-02    -5.000000000E-02    -6.250000000E-02
     1088    -3.750000000E-02    -7.500000000E-02    -5.000000000E-02
     1089    -5.000000000E-02    -7.500000000E-02    -6.250000000E-02
     1090    -5.000000000E-02    -8.750000000E-02    -5.000000000E-02
     1091    -2.500000000E-02    -3.750000000E-02    -5.000000000E-02
     1092    -2.500000000E-02    -2.500000000E-02    -6.250000000E-02
     1093    -2.500000000E-02    -1.250000000E-02    -5.000000000E-02
     1094    -1.250000000E-02    -2.500000000E-02    -5.000000000E-02
     1095    -2.500000000E-02    -6.250000000E-02    -5.000000000E-02
     1096    -2.500000000E-02    -5.000000000E-02    -6.250000000E-02
     1097    -1.250000000E-02    -5.000000000E-02    -5.000000000E-02
     1098    -2.500000000E-02    -7.500000000E-02    -6.250000000E-02
     1099    -2.500000000E-02    -8.750000000E-02    -5.000000000E-02
     1100    -1.250000000E-02    -7.500000000E-02    -5.000000000E-02
     1101    -7.500000000E-02    -3.750000000E-02    -7.500000000E-02
     1102    -6.250000000E-02    -2.500000000E-02    -7.500000000E-02
     1103    -7.500000000E-02    -2.500000000E-02    -8.750000000E-02
     1104    -7.500000000E-02    -1.250000000E-02    -7.500000000E-02
     1105    -8.750000000E-02    -2.500000000E-02    -7.500000000E-02
     1106    -7.500000000E-02    -6.250000000E-02    -7.500000000E-02
     1107    -6.250000000E-02    -5.000000000E-02    -7.500000000E-02
     1108    -7.500000000E-02    -5.000000000E-02    -8.750000000E-02
     1109    -8.750000000E-02    -5.000000000E-02    -7.500000000E-02
     1110    -6.250000000E-02    -7.500000000E-02    -7.500000000E-02
     1111    -7.500000000E-02    -7.500000000E-02    -8.750000000E-02
     1112    -7.500000000E-02    -8.750000000E-02    -7.500000000E-02
     1113    -8.750000000E-02    -7.500000000E-02    -7.500000000E-02
     1114    -5.000000000E-02    -3.750000000E-02    -7.500000000E-02
     1115    -3.750000000E-02    -2.500000000E-02    -7.500000000E-02
     1116    -5.000000000E-02    -2.500000000E-02    -8.750000000E-02
     1117    -5.000000000E-02    -1.250000000E-02    -7.500000000E-02
     1118    -5.000000000E-02    -6.250000000E-02    -7.500000000E-02
     1119    -3.750000000E-02    -5.000000000E-02    -7.500000000E-02
     1120    -5.000000000E-02    -5.000000000E-02    -8.750000000E-02
     1121    -3.750000000E-02    -7.500000000E-02    -7.500000000E-02
     1122    -5.000000000E-02    -7.500000000E-02    -8.750000000E-02
     1123    -5.000000000E-02    -8.750000000E-02    -7.500000000E-02
     1124    -2.500000000E-02    -3.750000000E-02    -7.500000000E-02
     1125    -2.500000000E-02    -2.500000000E-02    -8.750000000E-02
     1126    -2.500000000E-02    -1.250000000E-02    -7.500000000E-02
     1127    -1.250000000E-02    -2.500000000E-02    -7.500000000E-02
     1128    -2.500000000E-02    -6.250000000E-02    -7.500000000E-02
     1129    -2.500000000E-02    -5.000000000E-02    -8.750000000E-02
     1130    -1.250000000E-02    -5.000000000E-02    -7.500000000E-02
     1131    -2.500000000E-02    -7.500000000E-02    -8.750000000E-02
     1132    -2.500000000E-02    -8.750000000E-02    -7.500000000E-02
     1133    -1.250000000E-02    -7.500000000E-02    -7.500000000E-02
     1134    -7.500000000E-02    -3.750000000E-02    -1.000000000E-01
     1135    -6.250000000E-02    -2.500000000E-02    -1.000000000E-01
     1136    -7.500000000E-02    -2.500000000E-02    -1.125000000E-01
     1137    -7.500000000E-02    -1.250000000E-02    -1.000000000E-01
     1138    -8.750000000E-02    -2.500000000E-02    -1.000000000E-01
     1139    -7.500000000E-02    -6.250000000E-02    -1.000000000E-01
     1140    -6.250000000E-02    -5.000000000E-02    -1.000000000E-01
     1141    -7.500000000E-02    -5.000000000E-02    -1.125000000E-01
     1142    -8.750000000E-02    -5.000000000E-02    -1.000000000E-01
     1143    -6.250000000E-02    -7.500000000E-02    -1.000000000E-01
     1144    -7.500000000E-02    -7.500000000E-02    -1.125000000E-01
     1145    -7.500000000E-02    -8.750000000E-02    -1.000000000E-01
     1146    -8.750000000E-02    -7.500000000E-02    -1.000000000E-01
     1147    -5.000000000E-02    -3.750000000E-02    -1.000000000E-01
     1148    -3.750000000E-02    -2.500000000E-02    -1.000000000E-01
     1149    -5.000000000E-02    -2.500000000E-02    -1.125000000E-01
     1150    -5.000000000E-02    -1.250000000E-02    -1.000000000E-01
     1151    -5.000000000E-02    -6.250000000E-02    -1.000000000E-01
     1152    -3.750000000E-02    -5.000000000E-02    -1.000000000E-01
     1153    -5.000000000E-02    -5.000000000E-02    -1.125000000E-01
     1154    -3.750000000E-02    -7.500000000E-02    -1.000000000E-01
     1155    -5.000000000E-02    -7.500000000E-02    -1.125000000E-01
     1156    -5.000000000E-02    -8.750000000E-02    -1.000000000E-01
     1157    -2.500000000E-02    -3.750000000E-02    -1.000000000E-01
     1158    -2.500000000E-02    -2.500000000E-02    -1.125000000E-01
     1159    -2.500000000E-02    -1.250000000E-02    -1.000000000E-01
     1160    -1.250000000E-02    -2.500000000E-02    -1.000000000E-01
     1161    -2.500000000E-02    -6.250000000E-02    -1.000000000E-01
     1162    -2.500000000E-02    -5.000000000E-02    -1.125000000E-01
     1163    -1.250000000E-02    -5.000000000E-02    -1.000000000E-01
     1164    -2.500000000E-02    -7.500000000E-02    -1.125000000E-01
     1165    -2.500000000E-02    -8.750000000E-02    -1.000000000E-01
     1166    -1.250000000E-02    -7.500000000E-02    -1.000000000E-01
     1167    -7.500000000E-02    -3.750000000E-02    -1.250000000E-01
     1168    -6.250000000E-02    -2.500000000E-02    -1.250000000E-01
     1169    -7.500000000E-02    -2.500000000E-02    -1.375000000E-01
     1170    -7.500000000E-02    -1.250000000E-02    -1.250000000E-01
     1171    -8.750000000E-02    -2.500000000E-02    -1.250000000E-01
     1172    -7.500000000E-02    -6.250000000E-02    -1.250000000E-01
     1173    -6.250000000E-02    -5.000000000E-02    -1.250000000E-01
     1174    -7.500000000E-02    -5.000000000E-02    -1.375000000E-01
     1175    -8.750000000E-02    -5.000000000E-02    -1.250000000E-01
     1176    -6.250000000E-02    -7.500000000E-02    -1.250000000E-01
     1177    -7.500000000E-02    -7.500000000E-02    -1.375000000E-01
     1178    -7.500000000E-02    -8.750000000E-02    -1.250000000E-01
     1179    -8.750000000E-02    -7.500000000E-02    -1.250000000E-01
     1180    -5.000000000E-02    -3.750000000E-02    -1.250000000E-01
     1181    -3.750000000E-02    -2.500000000E-02    -1.250000000E-01
     1182    -5.000000000E-02    -2.500000000E-02    -1.375000000E-01
     1183    -5.000000000E-02    -1.250000000E-02    -1.250000000E-01
     1184    -5.000000000E-02    -6.250000000E-02    -1.250000000E-01
     1185    -3.750000000E-02    -5.000000000E-02    -1.250000000E-01
     1186    -5.000000000E-02    -5.000000000E-02    -1.375000000E-01
     1187    -3.750000000E-02    -7.500000000E-02    -1.250000000E-01
     1188    -5.000000000E-02    -7.500000000E-02    -1.375000000E-01
     1189    -5.000000000E-02    -8.750000000E-02    -1.250000000E-01
     1190    -2.500000000E-02    -3.750000000E-02    -1.250000000E-01
     1191    -2.500000000E-02    -2.500000000E-02    -1.375000000E-01
     1192    -2.500000000E-02    -1.250000000E-02    -1.250000000E-01
     1193    -1.250000000E-02    -2.500000000E-02    -1.250000000E-01
     1194    -2.500000000E-02    -6.250000000E-02    -1.250000000E-01
     1195    -2.500000000E-02    -5.000000000E-02    -1.375000000E-01
     1196    -1.250000000E-02    -5.000000000E-02    -1.250000000E-01
     1197    -2.500000000E-02    -7.500000000E-02    -1.375000000E-01
     1198    -2.500000000E-02    -8.750000000E-02    -1.250000000E-01
     1199    -1.250000000E-02    -7.500000000E-02    -1.250000000E-01
     1200    -7.500000000E-02    -3.750000000E-02    -1.500000000E-01
     1201    -6.250000000E-02    -2.500000000E-02    -1.500000000E-01
     1202    -7.500000000E-02    -2.500000000E-02    -1.625000000E-01
     1203    -7.500000000E-02    -1.250000000E-02    -1.500000000E-01
     1204    -8.750000000E-02    -2.500000000E-02    -1.500000000E-01
     1205    -7.500000000E-02    -6.250000000E-02    -1.500000000E-01
     1206    -6.250000000E-02    -5.000000000E-02    -1.500000000E-01
     1207    -7.500000000E-02    -5.000000000E-02    -1.625000000E-01
     1208    -8.750000000E-02    -5.000000000E-02    -1.500000000E-01
     1209    -6.250000000E-02    -7.500000000E-02    -1.500000000E-01
     1210    -7.500000000E-02    -7.500000000E-02    -1.625000000E-01
     1211    -7.500000000E-02    -8.750000000E-02    -1.500000000E-01
     1212    -8.750000000E-02    -7.500000000E-02    -1.500000000E-01
     1213    -5.000000000E-02    -3.750000000E-02    -1.500000000E-01
     1214    -3.750000000E-02    -2.500000000E-02    -1.500000000E-01
     1215    -5.000000000E-02    -2.500000000E-02    -1.625000000E-01
     1216    -5.000000000E-02    -1.250000000E-02    -1.500000000E-01
     1217    -5.000000000E-02    -6.250000000E-02    -1.500000000E-01
     1218    -3.750000000E-02    -5.000000000E-02    -1.500000000E-01
     1219    -5.000000000E-02    -5.000000000E-02    -1.625000000E-01
     1220    -3.750000000E-02    -7.500000000E-02    -1.500000000E-01
     1221    -5.000000000E-02    -7.500000000E-02    -1.625000000E-01
     1222    -5.000000000E-02    -8.750000000E-02    -1.500000000E-01
     1223    -2.500000000E-02    -3.750000000E-02    -1.500000000E-01
     1224    -2.500000000E-02    -2.500000000E-02    -1.625000000E-01
     1225    -2.500000000E-02    -1.250000000E-02    -1.500000000E-01
     1226    -1.250000000E-02    -2.500000000E-02    -1.500000000E-01
     1227    -2.500000000E-02    -6.250000000E-02    -1.500000000E-01
     1228    -2.500000000E-02    -5.000000000E-02    -1.625000000E-01
     1229    -1.250000000E-02    -5.000000000E-02    -1.500000000E-01
     1230    -2.500000000E-02    -7.500000000E-02    -1.625000000E-01
     1231    -2.500000000E-02    -8.750000000E-02    -1.500000000E-01
     1232    -1.250000000E-02    -7.500000000E-02    -1.500000000E-01
     1233    -7.500000000E-02    -3.750000000E-02    -1.750000000E-01
     1234    -6.250000000E-02    -2.500000000E-02    -1.750000000E-01
     1235    -7.500000000E-02    -2.500000000E-02    -1.875000000E-01
     1236    -7.500000000E-02    -1.250000000E-02    -1.750000000E-01
     1237    -8.750000000E-02    -2.500000000E-02    -1.750000000E-01
     1238    -7.500000000E-02    -6.250000000E-02    -1.750000000E-01
     1239    -6.250000000E-02    -5.000000000E-02    -1.750000000E-01
     1240    -7.500000000E-02    -5.000000000E-02    -1.875000000E-01
     1241    -8.750000000E-02    -5.000000000E-02    -1.750000000E-01
     1242    -6.250000000E-02    -7.500000000E-02    -1.750000000E-01
     1243    -7.500000000E-02    -7.500000000E-02    -1.875000000E-01
     1244    -7.500000000E-02    -8.750000000E-02    -1.750000000E-01
     1245    -8.750000000E-02    -7.500000000E-02    -1.750000000E-01
     1246    -5.000000000E-02    -3.750000000E-02    -1.750000000E-01
     1247    -3.750000000E-02    -2.500000000E-02    -1.750000000E-01
     1248    -5.000000000E-02    -2.500000000E-02    -1.875000000E-01
     1249    -5.000000000E-02    -1.250000000E-02    -1.750000000E-01
     1250    -5.000000000E-02    -6.250000000E-02    -1.750000000E-01
     1251    -3.750000000E-02    -5.000000000E-02    -1.750000000E-01
     1252    -5.000000000E-02    -5.000000000E-02    -1.875000000E-01
     1253    -3.750000000E-02    -7.500000000E-02    -1.750000000E-01
     1254    -5.000000000E-02    -7.500000000E-02    -1.875000000E-01
     1255    -5.000000000E-02    -8.750000000E-02    -1.750000000E-01
     1256    -2.500000000E-02    -3.750000000E-02    -1.750000000E-01
     1257    -2.500000000E-02    -2.500000000E-02    -1.875000000E-01
     1258    -2.500000000E-02    -1.250000000E-02    -1.750000000E-01
     1259    -1.250000000E-02    -2.500000000E-02    -1.750000000E-01
     1260    -2.500000000E-02    -6.250000000E-02    -1.750000000E-01
     1261    -2.500000000E-02    -5.000000000E-02    -1.875000000E-01
     1262    -1.250000000E-02    -5.000000000E-02    -1.750000000E-01
     1263    -2.500000000E-02    -7.500000000E-02    -1.875000000E-01
     1264    -2.500000000E-02    -8.750000000E-02    -1.750000000E-01
     1265    -1.250000000E-02    -7.500000000E-02    -1.750000000E-01
     1266    -7.500000000E-02    -3.750000000E-02    -2.000000000E-01
     1267    -6.250000000E-02    -2.500000000E-02    -2.000000000E-01
     1268    -7.500000000E-02    -2.500000000E-02    -2.125000000E-01
     1269    -7.500000000E-02    -1.250000000E-02    -2.000000000E-01
     1270    -8.750000000E-02    -2.500000000E-02    -2.000000000E-01
     1271    -7.500000000E-02    -6.250000000E-02    -2.000000000E-01
     1272    -6.250000000E-02    -5.000000000E-02    -2.000000000E-01
     1273    -7.500000000E-02    -5.000000000E-02    -2.125000000E-01
     1274    -8.750000000E-02    -5.000000000E-02    -2.000000000E-01
     1275    -6.250000000E-02    -7.500000000E-02    -2.000000000E-01
     1276    -7.500000000E-02    -7.500000000E-02    -2.125000000E-01
     1277    -7.500000000E-02    -8.750000000E-02    -2.000000000E-01
     1278    -8.750000000E-02    -7.500000000E-02    -2.000000000E-01
     1279    -5.000000000E-02    -3.750000000E-02    -2.000000000E-01
     1280    -3.750000000E-02    -2.500000000E-02    -2.000000000E-01
     1281    -5.000000000E-02    -2.500000000E-02    -2.125000000E-01
     1282    -5.000000000E-02    -1.250000000E-02    -2.000000000E-01
     1283    -5.000000000E-02    -6.250000000E-02    -2.000000000E-01
     1284    -3.750000000E-02    -5.000000000E-02    -2.000000000E-01
     1285    -5.000000000E-02    -5.000000000E-02    -2.125000000E-01
     1286    -3.750000000E-02    -7.500000000E-02    -2.000000000E-01
     1287    -5.000000000E-02    -7.500000000E-02    -2.125000000E-01
     1288    -5.000000000E-02    -8.750000000E-02    -2.000000000E-01
     1289    -2.500000000E-02    -3.750000000E-02    -2.000000000E-01
     1290    -2.500000000E-02    -2.500000000E-02    -2.125000000E-01
     1291    -2.500000000E-02    -1.250000000E-02    -2.000000000E-01
     1292    -1.250000000E-02    -2.500000000E-02    -2.000000000E-01
     1293    -2.500000000E-02    -6.250000000E-02    -2.000000000E-01
     1294    -2.500000000E-02    -5.000000000E-02    -2.125000000E-01
     1295    -1.250000000E-02    -5.000000000E-02    -2.000000000E-01
     1296    -2.500000000E-02    -7.500000000E-02    -2.125000000E-01
     1297    -2.500000000E-02    -8.750000000E-02    -2.000000000E-01
     1298    -1.250000000E-02    -7.500000000E-02    -2.000000000E-01
     1299    -7.500000000E-02    -3.750000000E-02    -2.250000000E-01
     1300    -6.250000000E-02    -2.500000000E-02    -2.250000000E-01
     1301    -7.500000000E-02    -2.500000000E-02    -2.375000000E-01
     1302    -7.500000000E-02    -1.250000000E-02    -2.250000000E-01
     1303    -8.750000000E-02    -2.500000000E-02    -2.250000000E-01
     1304    -7.500000000E-02    -6.250000000E-02    -2.250000000E-01
     1305    -6.250000000E-02    -5.000000000E-02    -2.250000000E-01
     1306    -7.500000000E-02    -5.000000000E-02    -2.375000000E-01
     1307    -8.750000000E-02    -5.000000000E-02    -2.250000000E-01
     1308    -6.250000000E-02    -7.500000000E-02    -2.250000000E-01
     1309    -7.500000000E-02    -7.500000000E-02    -2.375000000E-01
     1310    -7.500000000E-02    -8.750000000E-02    -2.250000000E-01
     1311    -8.750000000E-02    -7.500000000E-02    -2.250000000E-01
     1312    -5.000000000E-02    -3.750000000E-02    -2.250000000E-01
     1313    -3.750000000E-02    -2.500000000E-02    -2.250000000E-01
     1314    -5.000000000E-02    -2.500000000E-02    -2.375000000E-01
     1315    -5.000000000E-02    -1.250000000E-02    -2.250000000E-01
     1316    -5.000000000E-02    -6.250000000E-02    -2.250000000E-01
     1317    -3.750000000E-02    -5.000000000E-02    -2.250000000E-01
     1318    -5.000000000E-02    -5.000000000E-02    -2.375000000E-01
     1319    -3.750000000E-02    -7.500000000E-02    -2.250000000E-01
     1320    -5.000000000E-02    -7.500000000E-02    -2.375000000E-01
     1321    -5.000000000E-02    -8.750000000E-02    -2.250000000E-01
     1322    -2.500000000E-02    -3.750000000E-02    -2.250000000E-01
     1323    -2.500000000E-02    -2.500000000E-02    -2.375000000E-01
     1324    -2.500000000E-02    -1.250000000E-02    -2.250000000E-01
     1325    -1.250000000E-02    -2.500000000E-02    -2.250000000E-01
     1326    -2.500000000E-02    -6.250000000E-02    -2.250000000E-01
     1327    -2.500000000E-02    -5.000000000E-02    -2.375000000E-01
     1328    -1.250000000E-02    -5.000000000E-02    -2.250000000E-01
     1329    -2.500000000E-02    -7.500000000E-02    -2.375000000E-01
     1330    -2.500000000E-02    -8.750000000E-02    -2.250000000E-01
     1331    -1.250000000E-02    -7.500000000E-02    -2.250000000E-01
     1332    -7.500000000E-02    -3.750000000E-02    -2.500000000E-01
     1333    -6.250000000E-02    -2.500000000E-02    -2.500000000E-01
     1334    -7.500000000E-02    -2.500000000E-02    -2.625000000E-01
     1335    -7.500000000E-02    -1.250000000E-02    -2.500000000E-01
     1336    -8.750000000E-02    -2.500000000E-02    -2.500000000E-01
     1337    -7.500000000E-02    -6.250000000E-02    -2.500000000E-01
     1338    -6.250000000E-02    -5.000000000E-02    -2.500000000E-01
     1339    -7.500000000E-02    -5.000000000E-02    -2.625000000E-01
     1340    -8.750000000E-02    -5.000000000E-02    -2.500000000E-01
     1341    -6.250000000E-02    -7.500000000E-02    -2.500000000E-01
     1342    -7.500000000E-02    -7.500000000E-02    -2.625000000E-01
     1343    -7.500000000E-02    -8.750000000E-02    -2.500000000E-01
     1344    -8.750000000E-02    -7.500000000E-02    -2.500000000E-01
     1345    -5.000000000E-02    -3.750000000E-02    -2.500000000E-01
     1346    -3.750000000E-02    -2.500000000E-02    -2.500000000E-01
     1347    -5.000000000E-02    -2.500000000E-02    -2.625000000E-01
     1348    -5.000000000E-02    -1.250000000E-02    -2.500000000E-01
     1349    -5.000000000E-02    -6.250000000E-02    -2.500000000E-01
     1350    -3.750000000E-02    -5.000000000E-02    -2.500000000E-01
     1351    -5.000000000E-02    -5.000000000E-02    -2.625000000E-01
     1352    -3.750000000E-02    -7.500000000E-02    -2.500000000E-01
     1353    -5.000000000E-02    -7.500000000E-02    -2.625000000E-01
     1354    -5.000000000E-02    -8.750000000E-02    -2.500000000E-01
     1355    -2.500000000E-02    -3.750000000E-02    -2.500000000E-01
     1356    -2.500000000E-02    -2.500000000E-02    -2.625000000E-01
     1357    -2.500000000E-02    -1.250000000E-02    -2.500000000E-01
     1358    -1.250000000E-02    -2.500000000E-02    -2.500000000E-01
     1359    -2.500000000E-02    -6.250000000E-02    -2.500000000E-01
     1360    -2.500000000E-02    -5.000000000E-02    -2.625000000E-01
     1361    -1.250000000E-02    -5.000000000E-02    -2.500000000E-01
     1362    -2.500000000E-02    -7.500000000E-02    -2.625000000E-01
     1363    -2.500000000E-02    -8.750000000E-02    -2.500000000E-01
     1364    -1.250000000E-02    -7.500000000E-02    -2.500000000E-01
     1365    -7.500000000E-02    -3.750000000E-02    -2.750000000E-01
     1366    -6.250000000E-02    -2.500000000E-02    -2.750000000E-01
     1367    -7.500000000E-02    -2.500000000E-02    -2.875000000E-01
     1368    -7.500000000E-02    -1.250000000E-02    -2.750000000E-01
     1369    -8.750000000E-02    -2.500000000E-02    -2.750000000E-01
     1370    -7.500000000E-02    -6.250000000E-02    -2.750000000E-01
     1371    -6.250000000E-02    -5.000000000E-02    -2.750000000E-01
     1372    -7.500000000E-02    -5.000000000E-02    -2.875000000E-01
     1373    -8.750000000E-02    -5.000000000E-02    -2.750000000E-01
     1374    -6.250000000E-02    -7.500000000E-02    -2.750000000E-01
     1375    -7.500000000E-02    -7.500000000E-02    -2.875000000E-01
     1376    -7.500000000E-02    -8.750000000E-02    -2.750000000E-01
     1377    -8.750000000E-02    -7.500000000E-02    -2.750000000E-01
     1378    -5.000000000E-02    -3.750000000E-02    -2.750000000E-01
     1379    -3.750000000E-02    -2.500000000E-02    -2.750000000E-01
     1380    -5.000000000E-02    -2.500000000E-02    -2.875000000E-01
     1381    -5.000000000E-02    -1.250000000E-02    -2.750000000E-01
     1382    -5.000000000E-02    -6.250000000E-02    -2.750000000E-01
     1383    -3.750000000E-02    -5.000000000E-02    -2.750000000E-01
     1384    -5.000000000E-02    -5.000000000E-02    -2.875000000E-01
     1385    -3.750000000E-02    -7.500000000E-02    -2.750000000E-01
     1386    -5.000000000E-02    -7.500000000E-02    -2.875000000E-01
     1387    -5.000000000E-02    -8.750000000E-02    -2.750000000E-01
     1388    -2.500000000E-02    -3.750000000E-02    -2.750000000E-01
     1389    -2.500000000E-02    -2.500000000E-02    -2.875000000E-01
     1390    -2.500000000E-02    -1.250000000E-02    -2.750000000E-01
     1391    -1.250000000E-02    -2.500000000E-02    -2.750000000E-01
     1392    -2.500000000E-02    -6.250000000E-02    -2.750000000E-01
     1393    -2.500000000E-02    -5.000000000E-02    -2.875000000E-01
     1394    -1.250000000E-02    -5.000000000E-02    -2.750000000E-01
     1395    -2.500000000E-02    -7.500000000E-02    -2.875000000E-01
     1396    -2.500000000E-02    -8.750000000E-02    -2.750000000E-01
     1397    -1.250000000E-02    -7.500000000E-02    -2.750000000E-01
     1398    -7.500000000E-02    -3.750000000E-02    -3.000000000E-01
     1399    -6.250000000E-02    -2.500000000E-02    -3.000000000E-01
     1400    -7.500000000E-02    -2.500000000E-02    -3.125000000E-01
     1401    -7.500000000E-02    -1.250000000E-02    -3.000000000E-01
     1402    -8.750000000E-02    -2.500000000E-02    -3.000000000E-01
     1403    -7.500000000E-02    -6.250000000E-02    -3.000000000E-01
     1404    -6.250000000E-02    -5.000000000E-02    -3.000000000E-01
     1405    -7.500000000E-02    -5.000000000E-02    -3.125000000E-01
     1406    -8.750000000E-02    -5.000000000E-02    -3.000000000E-01
     1407    -6.250000000E-02    -7.500000000E-02    -3.000000000E-01
     1408    -7.500000000E-02    -7.500000000E-02    -3.125000000E-01
     1409    -7.500000000E-02    -8.750000000E-02    -3.000000000E-01
     1410    -8.750000000E-02    -7.500000000E-02    -3.000000000E-01
     1411    -5.000000000E-02    -3.750000000E-02    -3.000000000E-01
     1412    -3.750000000E-02    -2.500000000E-02    -3.000000000E-01
     1413    -5.000000000E-02    -2.500000000E-02    -3.125000000E-01
     1414    -5.000000000E-02    -1.250000000E-02    -3.000000000E-01
     1415    -5.000000000E-02    -6.250000000E-02    -3.000000000E-01
     1416    -3.750000000E-02    -5.000000000E-02    -3.000000000E-01
     1417    -5.000000000E-02    -5.000000000E-02    -3.125000000E-01
     1418    -3.750000000E-02    -7.500000000E-02    -3.000000000E-01
     1419    -5.000000000E-02    -7.500000000E-02    -3.125000000E-01
     1420    -5.000000000E-02    -8.750000000E-02    -3.000000000E-01
     1421    -2.500000000E-02    -3.750000000E-02    -3.000000000E-01
     1422    -2.500000000E-02    -2.500000000E-02    -3.125000000E-01
     1423    -2.500000000E-02    -1.250000000E-02    -3.000000000E-01
     1424    -1.250000000E-02    -2.500000000E-02    -3.000000000E-01
     1425    -2.500000000E-02    -6.250000000E-02    -3.000000000E-01
     1426    -2.500000000E-02    -5.000000000E-02    -3.125000000E-01
     1427    -1.250000000E-02    -5.000000000E-02    -3.000000000E-01
     1428    -2.500000000E-02    -7.500000000E-02    -3.125000000E-01
     1429    -2.500000000E-02    -8.750000000E-02    -3.000000000E-01
     1430    -1.250000000E-02    -7.500000000E-02    -3.000000000E-01
     1431    -7.500000000E-02    -3.750000000E-02    -3.250000000E-01
     1432    -6.250000000E-02    -2.500000000E-02    -3.250000000E-01
     1433    -7.500000000E-02    -2.500000000E-02    -3.375000000E-01
     1434    -7.500000000E-02    -1.250000000E-02    -3.250000000E-01
     1435    -8.750000000E-02    -2.500000000E-02    -3.250000000E-01
     1436    -7.500000000E-02    -6.250000000E-02    -3.250000000E-01
     1437    -6.250000000E-02    -5.000000000E-02    -3.250000000E-01
     1438    -7.500000000E-02    -5.000000000E-02    -3.375000000E-01
     1439    -8.750000000E-02    -5.000000000E-02    -3.250000000E-01
     1440    -6.250000000E-02    -7.500000000E-02    -3.250000000E-01
     1441    -7.500000000E-02    -7.500000000E-02    -3.375000000E-01
     1442    -7.500000000E-02    -8.750000000E-02    -3.250000000E-01
     1443    -8.750000000E-02    -7.500000000E-02    -3.250000000E-01
     1444    -5.000000000E-02    -3.750000000E-02    -3.250000000E-01
     1445    -3.750000000E-02    -2.500000000E-02    -3.250000000E-01
     1446    -5.000000000E-02    -2.500000000E-02    -3.375000000E-01
     1447    -5.000000000E-02    -1.250000000E-02    -3.250000000E-01
     1448    -5.000000000E-02    -6.250000000E-02    -3.250000000E-01
     1449    -3.750000000E-02    -5.000000000E-02    -3.250000000E-01
     1450    -5.000000000E-02    -5.000000000E-02    -3.375000000E-01
     1451    -3.750000000E-02    -7.500000000E-02    -3.250000000E-01
     1452    -5.000000000E-02    -7.500000000E-02    -3.375000000E-01
     1453    -5.000000000E-02    -8.750000000E-02    -3.250000000E-01
     1454    -2.500000000E-02    -3.750000000E-02    -3.250000000E-01
     1455    -2.500000000E-02    -2.500000000E-02    -3.375000000E-01
     1456    -2.500000000E-02    -1.250000000E-02    -3.250000000E-01
     1457    -1.250000000E-02    -2.500000000E-02    -3.250000000E-01
     1458    -2.500000000E-02    -6.250000000E-02    -3.250000000E-01
     1459    -2.500000000E-02    -5.000000000E-02    -3.375000000E-01
     1460    -1.250000000E-02    -5.000000000E-02    -3.250000000E-01
     1461    -2.500000000E-02    -7.500000000E-02    -3.375000000E-01
     1462    -2.500000000E-02    -8.750000000E-02    -3.250000000E-01
     1463    -1.250000000E-02    -7.500000000E-02    -3.250000000E-01
     1464    -7.500000000E-02    -3.750000000E-02    -3.500000000E-01
     1465    -6.250000000E-02    -2.500000000E-02    -3.500000000E-01
     1466    -7.500000000E-02    -2.500000000E-02    -3.625000000E-01
     1467    -7.500000000E-02    -1.250000000E-02    -3.500000000E-01
     1468    -8.750000000E-02    -2.500000000E-02    -3.500000000E-01
     1469    -7.500000000E-02    -6.250000000E-02    -3.500000000E-01
     1470    -6.250000000E-02    -5.000000000E-02    -3.500000000E-01
     1471    -7.500000000E-02    -5.000000000E-02    -3.625000000E-01
     1472    -8.750000000E-02    -5.000000000E-02    -3.500000000E-01
     1473    -6.250000000E-02    -7.500000000E-02    -3.500000000E-01
     1474    -7.500000000E-02    -7.500000000E-02    -3.625000000E-01
     1475    -7.500000000E-02    -8.750000000E-02    -3.500000000E-01
     1476    -8.750000000E-02    -7.500000000E-02    -3.500000000E-01
     1477    -5.000000000E-02    -3.750000000E-02    -3.500000000E-01
     1478    -3.750000000E-02    -2.500000000E-02    -3.500000000E-01
     1479    -5.000000000E-02    -2.500000000E-02    -3.625000000E-01
     1480    -5.000000000E-02    -1.250000000E-02    -3.500000000E-01
     1481    -5.000000000E-02    -6.250000000E-02    -3.500000000E-01
     1482    -3.750000000E-02    -5.000000000E-02    -3.500000000E-01
     1483    -5.000000000E-02    -5.000000000E-02    -3.625000000E-01
     1484    -3.750000000E-02    -7.500000000E-02    -3.500000000E-01
     1485    -5.000000000E-02    -7.500000000E-02    -3.625000000E-01
     1486    -5.000000000E-02    -8.750000000E-02    -3.500000000E-01
     1487    -2.500000000E-02    -3.750000000E-02    -3.500000000E-01
     1488    -2.500000000E-02    -2.500000000E-02    -3.625000000E-01
     1489    -2.500000000E-02    -1.250000000E-02    -3.500000000E-01
     1490    -1.250000000E-02    -2.500000000E-02    -3.500000000E-01
     1491    -2.500000000E-02    -6.250000000E-02    -3.500000000E-01
     1492    -2.500000000E-02    -5.000000000E-02    -3.625000000E-01
     1493    -1.250000000E-02    -5.000000000E-02    -3.500000000E-01
     1494    -2.500000000E-02    -7.500000000E-02    -3.625000000E-01
     1495    -2.500000000E-02    -8.750000000E-02    -3.500000000E-01
     1496    -1.250000000E-02    -7.500000000E-02    -3.500000000E-01
     1497    -7.500000000E-02    -3.750000000E-02    -3.750000000E-01
     1498    -6.250000000E-02    -2.500000000E-02    -3.750000000E-01
     1499    -7.500000000E-02    -2.500000000E-02    -3.875000000E-01
     1500    -7.500000000E-02    -1.250000000E-02    -3.750000000E-01
     1501    -8.750000000E-02    -2.500000000E-02    -3.750000000E-01
     1502    -7.500000000E-02    -6.250000000E-02    -3.750000000E-01
     1503    -6.250000000E-02    -5.000000000E-02    -3.750000000E-01
     1504    -7.500000000E-02    -5.000000000E-02    -3.875000000E-01
     1505    -8.750000000E-02    -5.000000000E-02    -3.750000000E-01
     1506    -6.250000000E-02    -7.500000000E-02    -3.750000000E-01
     1507    -7.500000000E-02    -7.500000000E-02    -3.875000000E-01
     1508    -7.500000000E-02    -8.750000000E-02    -3.750000000E-01
     1509    -8.750000000E-02    -7.500000000E-02    -3.750000000E-01
     1510    -5.000000000E-02    -3.750000000E-02    -3.750000000E-01
     1511    -3.750000000E-02    -2.500000000E-02    -3.750000000E-01
     1512    -5.000000000E-02    -2.500000000E-02    -3.875000000E-01
     1513    -5.000000000E-02    -1.250000000E-02    -3.750000000E-01
     1514    -5.000000000E-02    -6.250000000E-02    -3.750000000E-01
     1515    -3.750000000E-02    -5.000000000E-02    -3.750000000E-01
     1516    -5.000000000E-02    -5.000000000E-02    -3.875000000E-01
     1517    -3.750000000E-02    -7.500000000E-02    -3.750000000E-01
     1518    -5.000000000E-02    -7.500000000E-02    -3.875000000E-01
     1519    -5.000000000E-02    -8.750000000E-02    -3.750000000E-01
     1520    -2.500000000E-02    -3.750000000E-02    -3.750000000E-01
     1521    -2.500000000E-02    -2.500000000E-02    -3.875000000E-01
     1522    -2.500000000E-02    -1.250000000E-02    -3.750000000E-01
     1523    -1.250000000E-02    -2.500000000E-02    -3.750000000E-01
     1524    -2.500000000E-02    -6.250000000E-02    -3.750000000E-01
     1525    -2.500000000E-02    -5.000000000E-02    -3.875000000E-01
     1526    -1.250000000E-02    -5.000000000E-02    -3.750000000E-01
     1527    -2.500000000E-02    -7.500000000E-02    -3.875000000E-01
     1528    -2.500000000E-02    -8.750000000E-02    -3.750000000E-01
     1529    -1.250000000E-02    -7.500000000E-02    -3.750000000E-01
     1530    -7.500000000E-02    -3.750000000E-02    -4.000000000E-01
     1531    -6.250000000E-02    -2.500000000E-02    -4.000000000E-01
     1532    -7.500000000E-02    -2.500000000E-02    -4.125000000E-01
     1533    -7.500000000E-02    -1.250000000E-02    -4.000000000E-01
     1534    -8.750000000E-02    -2.500000000E-02    -4.000000000E-01
     1535    -7.500000000E-02    -6.250000000E-02    -4.000000000E-01
     1536    -6.250000000E-02    -5.000000000E-02    -4.000000000E-01
     1537    -7.500000000E-02    -5.000000000E-02    -4.125000000E-01
     1538    -8.750000000E-02    -5.000000000E-02    -4.000000000E-01
     1539    -6.250000000E-02    -7.500000000E-02    -4.000000000E-01
     1540    -7.500000000E-02    -7.500000000E-02    -4.125000000E-01
     1541    -7.500000000E-02    -8.750000000E-02    -4.000000000E-01
     1542    -8.750000000E-02    -7.500000000E-02    -4.000000000E-01
     1543    -5.000000000E-02    -3.750000000E-02    -4.000000000E-01
     1544    -3.750000000E-02    -2.500000000E-02    -4.000000000E-01
     1545    -5.000000000E-02    -2.500000000E-02    -4.125000000E-01
     1546    -5.000000000E-02    -1.250000000E-02    -4.000000000E-01
     1547    -5.000000000E-02    -6.250000000E-02    -4.000000000E-01
     1548    -3.750000000E-02    -5.000000000E-02    -4.000000000E-01
     1549    -5.000000000E-02    -5.000000000E-02    -4.125000000E-01
     1550    -3.750000000E-02    -7.500000000E-02    -4.000000000E-01
     1551    -5.000000000E-02    -7.500000000E-02    -4.125000000E-01
     1552    -5.000000000E-02    -8.750000000E-02    -4.000000000E-01
     1553    -2.500000000E-02    -3.750000000E-02    -4.000000000E-01
     1554    -2.500000000E-02    -2.500000000E-02    -4.125000000E-01
     1555    -2.500000000E-02    -1.250000000E-02    -4.000000000E-01
     1556    -1.250000000E-02    -2.500000000E-02    -4.000000000E-01
     1557    -2.500000000E-02    -6.250000000E-02    -4.000000000E-01
     1558    -2.500000000E-02    -5.000000000E-02    -4.125000000E-01
     1559    -1.250000000E-02    -5.000000000E-02    -4.000000000E-01
     1560    -2.500000000E-02    -7.500000000E-02    -4.125000000E-01
     1561    -2.500000000E-02    -8.750000000E-02    -4.000000000E-01
     1562    -1.250000000E-02    -7.500000000E-02    -4.000000000E-01
     1563    -7.500000000E-02    -3.750000000E-02    -4.250000000E-01
     1564    -6.250000000E-02    -2.500000000E-02    -4.250000000E-01
     1565    -7.500000000E-02    -2.500000000E-02    -4.375000000E-01
     1566    -7.500000000E-02    -1.250000000E-02    -4.250000000E-01
     1567    -8.750000000E-02    -2.500000000E-02    -4.250000000E-01
     1568    -7.500000000E-02    -6.250000000E-02    -4.250000000E-01
     1569    -6.250000000E-02    -5.000000000E-02    -4.250000000E-01
     1570    -7.500000000E-02    -5.000000000E-02    -4.375000000E-01
     1571    -8.750000000E-02    -5.000000000E-02    -4.250000000E-01
     1572    -6.250000000E-02    -7.500000000E-02    -4.250000000E-01
     1573    -7.500000000E-02    -7.500000000E-02    -4.375000000E-01
     1574    -7.500000000E-02    -8.750000000E-02    -4.250000000E-01
     1575    -8.750000000E-02    -7.500000000E-02    -4.250000000E-01
     1576    -5.000000000E-02    -3.750000000E-02    -4.250000000E-01
     1577    -3.750000000E-02    -2.500000000E-02    -4.250000000E-01
     1578    -5.000000000E-02    -2.500000000E-02    -4.375000000E-01
     1579    -5.000000000E-02    -1.250000000E-02    -4.250000000E-01
     1580    -5.000000000E-02    -6.250000000E-02    -4.250000000E-01
     1581    -3.750000000E-02    -5.000000000E-02    -4.250000000E-01
     1582    -5.000000000E-02    -5.000000000E-02    -4.375000000E-01
     1583    -3.750000000E-02    -7.500000000E-02    -4.250000000E-01
     1584    -5.000000000E-02    -7.500000000E-02    -4.375000000E-01
     1585    -5.000000000E-02    -8.750000000E-02    -4.250000000E-01
     1586    -2.500000000E-02    -3.750000000E-02    -4.250000000E-01
     1587    -2.500000000E-02    -2.500000000E-02    -4.375000000E-01
     1588    -2.500000000E-02    -1.250000000E-02    -4.250000000E-01
     1589    -1.250000000E-02    -2.500000000E-02    -4.250000000E-01
     1590    -2.500000000E-02    -6.250000000E-02    -4.250000000E-01
     1591    -2.500000000E-02    -5.000000000E-02    -4.375000000E-01
     1592    -1.250000000E-02    -5.000000000E-02    -4.250000000E-01
     1593    -2.500000000E-02    -7.500000000E-02    -4.375000000E-01
     1594    -2.500000000E-02    -8.750000000E-02    -4.250000000E-01
     1595    -1.250000000E-02    -7.500000000E-02    -4.250000000E-01
     1596    -7.500000000E-02    -3.750000000E-02    -4.500000000E-01
     1597    -6.250000000E-02    -2.500000000E-02    -4.500000000E-01
     1598    -7.500000000E-02    -2.500000000E-02    -4.625000000E-01
     1599    -7.500000000E-02    -1.250000000E-02    -4.500000000E-01
     1600    -8.750000000E-02    -2.500000000E-02    -4.500000000E-01
     1601    -7.500000000E-02    -6.250000000E-02    -4.500000000E-01
     1602    -6.250000000E-02    -5.000000000E-02    -4.500000000E-01
     1603    -7.500000000E-02    -5.000000000E-02    -4.625000000E-01
     1604    -8.750000000E-02    -5.000000000E-02    -4.500000000E-01
     1605    -6.250000000E-02    -7.500000000E-02    -4.500000000E-01
     1606    -7.500000000E-02    -7.500000000E-02    -4.625000000E-01
     1607    -7.500000000E-02    -8.750000000E-02    -4.500000000E-01
     1608    -8.750000000E-02    -7.500000000E-02    -4.500000000E-01
     1609    -5.000000000E-02    -3.750000000E-02    -4.500000000E-01
     1610    -3.750000000E-02    -2.500000000E-02    -4.500000000E-01
     1611    -5.000000000E-02    -2.500000000E-02    -4.625000000E-01
     1612    -5.000000000E-02    -1.250000000E-02    -4.500000000E-01
     1613    -5.000000000E-02    -6.250000000E-02    -4.500000000E-01
     1614    -3.750000000E-02    -5.000000000E-02    -4.500000000E-01
     1615    -5.000000000E-02    -5.000000000E-02    -4.625000000E-01
     1616    -3.750000000E-02    -7.500000000E-02    -4.500000000E-01
     1617    -5.000000000E-02    -7.500000000E-02    -4.625000000E-01
     1618    -5.000000000E-02    -8.750000000E-02    -4.500000000E-01
     1619    -2.500000000E-02    -3.750000000E-02    -4.500000000E-01
     1620    -2.500000000E-02    -2.500000000E-02    -4.625000000E-01
     1621    -2.500000000E-02    -1.250000000E-02    -4.500000000E-01
     1622    -1.250000000E-02    -2.500000000E-02    -4.500000000E-01
     1623    -2.500000000E-02    -6.250000000E-02    -4.500000000E-01
     1624    -2.500000000E-02    -5.000000000E-02    -4.625000000E-01
     1625    -1.250000000E-02    -5.000000000E-02    -4.500000000E-01
     1626    -2.500000000E-02    -7.500000000E-02    -4.625000000E-01
     1627    -2.500000000E-02    -8.750000000E-02    -4.500000000E-01
     1628    -1.250000000E-02    -7.500000000E-02    -4.500000000E-01
     1629    -7.500000000E-02    -3.750000000E-02    -4.750000000E-01
     1630    -6.250000000E-02    -2.500000000E-02    -4.750000000E-01
     1631    -7.500000000E-02    -2.500000000E-02    -4.875000000E-01
     1632    -7.500000000E-02    -1.250000000E-02    -4.750000000E-01
     1633    -8.750000000E-02    -2.500000000E-02    -4.750000000E-01
     1634    -7.500000000E-02    -6.250000000E-02    -4.750000000E-01
     1635    -6.250000000E-02    -5.000000000E-02    -4.750000000E-01
     1636    -7.500000000E-02    -5.000000000E-02    -4.875000000E-01
     1637    -8.750000000E-02    -5.000000000E-02    -4.750000000E-01
     1638    -6.250000000E-02    -7.500000000E-02    -4.750000000E-01
     1639    -7.500000000E-02    -7.500000000E-02    -4.875000000E-01
     1640    -7.500000000E-02    -8.750000000E-02    -4.750000000E-01
     1641    -8.750000000E-02    -7.500000000E-02    -4.750000000E-01
     1642    -5.000000000E-02    -3.750000000E-02    -4.750000000E-01
     1643    -3.750000000E-02    -2.500000000E-02    -4.750000000E-01
     1644    -5.000000000E-02    -2.500000000E-02    -4.875000000E-01
     1645    -5.000000000E-02    -1.250000000E-02    -4.750000000E-01
     1646    -5.000000000E-02    -6.250000000E-02    -4.750000000E-01
     1647    -3.750000000E-02    -5.000000000E-02    -4.750000000E-01
     1648    -5.000000000E-02    -5.000000000E-02    -4.875000000E-01
     1649    -3.750000000E-02    -7.500000000E-02    -4.750000000E-01
     1650    -5.000000000E-02    -7.500000000E-02    -4.875000000E-01
     1651    -5.000000000E-02    -8.750000000E-02    -4.750000000E-01
     1652    -2.500000000E-02    -3.750000000E-02    -4.750000000E-01
     1653    -2.500000000E-02    -2.500000000E-02    -4.875000000E-01
     1654    -2.500000000E-02    -1.250000000E-02    -4.750000000E-01
     1655    -1.250000000E-02    -2.500000000E-02    -4.750000000E-01
     1656    -2.500000000E-02    -6.250000000E-02    -4.750000000E-01
     1657    -2.500000000E-02    -5.000000000E-02    -4.875000000E-01
     1658    -1.250000000E-02    -5.000000000E-02    -4.750000000E-01
     1659    -2.500000000E-02    -7.500000000E-02    -4.875000000E-01
     1660    -2.500000000E-02    -8.750000000E-02    -4.750000000E-01
     1661    -1.250000000E-02    -7.500000000E-02    -4.750000000E-01
     1662    -7.500000000E-02    -3.750000000E-02    -5.000000000E-01
     1663    -6.250000000E-02    -2.500000000E-02    -5.000000000E-01
     1664    -7.500000000E-02    -2.500000000E-02    -5.125000000E-01
     1665    -7.500000000E-02    -1.250000000E-02    -5.000000000E-01
     1666    -8.750000000E-02    -2.500000000E-02    -5.000000000E-01
     1667    -7.500000000E-02    -6.250000000E-02    -5.000000000E-01
     1668    -6.250000000E-02    -5.000000000E-02    -5.000000000E-01
     1669    -7.500000000E-02    -5.000000000E-02    -5.125000000E-01
     1670    -8.750000000E-02    -5.000000000E-02    -5.000000000E-01
     1671    -6.250000000E-02    -7.500000000E-02    -5.000000000E-01
     1672    -7.500000000E-02    -7.500000000E-02    -5.125000000E-01
     1673    -7.500000000E-02    -8.750000000E-02    -5.000000000E-01
     1674    -8.750000000E-02    -7.500000000E-02    -5.000000000E-01
     1675    -5.000000000E-02    -3.750000000E-02    -5.000000000E-01
     1676    -3.750000000E-02    -2.500000000E-02    -5.000000000E-01
     1677    -5.000000000E-02    -2.500000000E-02    -5.125000000E-01
     1678    -5.000000000E-02    -1.250000000E-02    -5.000000000E-01
     1679    -5.000000000E-02    -6.250000000E-02    -5.000000000E-01
     1680    -3.750000000E-02    -5.000000000E-02    -5.000000000E-01
     1681    -5.000000000E-02    -5.000000000E-02    -5.125000000E-01
     1682    -3.750000000E-02    -7.500000000E-02    -5.000000000E-01
     1683    -5.000000000E-02    -7.500000000E-02    -5.125000000E-01
     1684    -5.000000000E-02    -8.750000000E-02    -5.000000000E-01
     1685    -2.500000000E-02    -3.750000000E-02    -5.000000000E-01
     1686    -2.500000000E-02    -2.500000000E-02    -5.125000000E-01
     1687    -2.500000000E-02    -1.250000000E-02    -5.000000000E-01
     1688    -1.250000000E-02    -2.500000000E-02    -5.000000000E-01
     1689    -2.500000000E-02    -6.250000000E-02    -5.000000000E-01
     1690    -2.500000000E-02    -5.000000000E-02    -5.125000000E-01
     1691    -1.250000000E-02    -5.000000000E-02    -5.000000000E-01
     1692    -2.500000000E-02    -7.500000000E-02    -5.125000000E-01
     1693    -2.500000000E-02    -8.750000000E-02    -5.000000000E-01
     1694    -1.250000000E-02    -7.500000000E-02    -5.000000000E-01
     1695    -7.500000000E-02    -3.750000000E-02    -5.250000000E-01
     1696    -6.250000000E-02    -2.500000000E-02    -5.250000000E-01
     1697    -7.500000000E-02    -2.500000000E-02    -5.375000000E-01
     1698    -7.500000000E-02    -1.250000000E-02    -5.250000000E-01
     1699    -8.750000000E-02    -2.500000000E-02    -5.250000000E-01
     1700    -7.500000000E-02    -6.250000000E-02    -5.250000000E-01
     1701    -6.250000000E-02    -5.000000000E-02    -5.250000000E-01
     1702    -7.500000000E-02    -5.000000000E-02    -5.375000000E-01
     1703    -8.750000000E-02    -5.000000000E-02    -5.250000000E-01
     1704    -6.250000000E-02    -7.500000000E-02    -5.250000000E-01
     1705    -7.500000000E-02    -7.500000000E-02    -5.375000000E-01
     1706    -7.500000000E-02    -8.750000000E-02    -5.250000000E-01
     1707    -8.750000000E-02    -7.500000000E-02    -5.250000000E-01
     1708    -5.000000000E-02    -3.750000000E-02    -5.250000000E-01
     1709    -3.750000000E-02    -2.500000000E-02    -5.250000000E-01
     1710    -5.000000000E-02    -2.500000000E-02    -5.375000000E-01
     1711    -5.000000000E-02    -1.250000000E-02    -5.250000000E-01
     1712    -5.000000000E-02    -6.250000000E-02    -5.250000000E-01
     1713    -3.750000000E-02    -5.000000000E-02    -5.250000000E-01
     1714    -5.000000000E-02    -5.000000000E-02    -5.375000000E-01
     1715    -3.750000000E-02    -7.500000000E-02    -5.250000000E-01
     1716    -5.000000000E-02    -7.500000000E-02    -5.375000000E-01
     1717    -5.000000000E-02    -8.750000000E-02    -5.250000000E-01
     1718    -2.500000000E-02    -3.750000000E-02    -5.250000000E-01
     1719    -2.500000000E-02    -2.500000000E-02    -5.375000000E-01
     1720    -2.500000000E-02    -1.250000000E-02    -5.250000000E-01
     1721    -1.250000000E-02    -2.500000000E-02    -5.250000000E-01
     1722    -2.500000000E-02    -6.250000000E-02    -5.250000000E-01
     1723    -2.500000000E-02    -5.000000000E-02    -5.375000000E-01
     1724    -1.250000000E-02    -5.000000000E-02    -5.250000000E-01
     1725    -2.500000000E-02    -7.500000000E-02    -5.375000000E-01
     1726    -2.500000000E-02    -8.750000000E-02    -5.250000000E-01
     1727    -1.250000000E-02    -7.500000000E-02    -5.250000000E-01
     1728    -7.500000000E-02    -3.750000000E-02    -5.500000000E-01
     1729    -6.250000000E-02    -2.500000000E-02    -5.500000000E-01
     1730    -7.500000000E-02    -2.500000000E-02    -5.625000000E-01
     1731    -7.500000000E-02    -1.250000000E-02    -5.500000000E-01
     1732    -8.750000000E-02    -2.500000000E-02    -5.500000000E-01
     1733    -7.500000000E-02    -6.250000000E-02    -5.500000000E-01
     1734    -6.250000000E-02    -5.000000000E-02    -5.500000000E-01
     1735    -7.500000000E-02    -5.000000000E-02    -5.625000000E-01
     1736    -8.750000000E-02    -5.000000000E-02    -5.500000000E-01
     1737    -6.250000000E-02    -7.500000000E-02    -5.500000000E-01
     1738    -7.500000000E-02    -7.500000000E-02    -5.625000000E-01
     1739    -7.500000000E-02    -8.750000000E-02    -5.500000000E-01
     1740    -8.750000000E-02    -7.500000000E-02    -5.500000000E-01
     1741    -5.000000000E-02    -3.750000000E-02    -5.500000000E-01
     1742    -3.750000000E-02    -2.500000000E-02    -5.500000000E-01
     1743    -5.000000000E-02    -2.500000000E-02    -5.625000000E-01
     1744    -5.000000000E-02    -1.250000000E-02    -5.500000000E-01
     1745    -5.000000000E-02    -6.250000000E-02    -5.500000000E-01
     1746    -3.750000000E-02    -5.000000000E-02    -5.500000000E-01
     1747    -5.000000000E-02    -5.000000000E-02    -5.625000000E-01
     1748    -3.750000000E-02    -7.500000000E-02    -5.500000000E-01
     1749    -5.000000000E-02    -7.500000000E-02    -5.625000000E-01
     1750    -5.000000000E-02    -8.750000000E-02    -5.500000000E-01
     1751    -2.500000000E-02    -3.750000000E-02    -5.500000000E-01
     1752    -2.500000000E-02    -2.500000000E-02    -5.625000000E-01
     1753    -2.500000000E-02    -1.250000000E-02    -5.500000000E-01
     1754    -1.250000000E-02    -2.500000000E-02    -5.500000000E-01
     1755    -2.500000000E-02    -6.250000000E-02    -5.500000000E-01
     1756    -2.500000000E-02    -5.000000000E-02    -5.625000000E-01
     1757    -1.250000000E-02    -5.000000000E-02    -5.500000000E-01
     1758    -2.500000000E-02    -7.500000000E-02    -5.625000000E-01
     1759    -2.500000000E-02    -8.750000000E-02    -5.500000000E-01
     1760    -1.250000000E-02    -7.500000000E-02    -5.500000000E-01
     1761    -7.500000000E-02    -3.750000000E-02    -5.750000000E-01
     1762    -6.250000000E-02    -2.500000000E-02    -5.750000000E-01
     1763    -7.500000000E-02    -2.500000000E-02    -5.875000000E-01
     1764    -7.500000000E-02    -1.250000000E-02    -5.750000000E-01
     1765    -8.750000000E-02    -2.500000000E-02    -5.750000000E-01
     1766    -7.500000000E-02    -6.250000000E-02    -5.750000000E-01
     1767    -6.250000000E-02    -5.000000000E-02    -5.750000000E-01
     1768    -7.500000000E-02    -5.000000000E-02    -5.875000000E-01
     1769    -8.750000000E-02    -5.000000000E-02    -5.750000000E-01
     1770    -6.250000000E-02    -7.500000000E-02    -5.750000000E-01
     1771    -7.500000000E-02    -7.500000000E-02    -5.875000000E-01
     1772    -7.500000000E-02    -8.750000000E-02    -5.750000000E-01
     1773    -8.750000000E-02    -7.500000000E-02    -5.750000000E-01
     1774    -5.000000000E-02    -3.750000000E-02    -5.750000000E-01
     1775    -3.750000000E-02    -2.500000000E-02    -5.750000000E-01
     1776    -5.000000000E-02    -2.500000000E-02    -5.875000000E-01
     1777    -5.000000000E-02    -1.250000000E-02    -5.750000000E-01
     1778    -5.000000000E-02    -6.250000000E-02    -5.750000000E-01
     1779    -3.750000000E-02    -5.000000000E-02    -5.750000000E-01
     1780    -5.000000000E-02    -5.000000000E-02    -5.875000000E-01
     1781    -3.750000000E-02    -7.500000000E-02    -5.750000000E-01
     1782    -5.000000000E-02    -7.500000000E-02    -5.875000000E-01
     1783    -5.000000000E-02    -8.750000000E-02    -5.750000000E-01
     1784    -2.500000000E-02    -3.750000000E-02    -5.750000000E-01
     1785    -2.500000000E-02    -2.500000000E-02    -5.875000000E-01
     1786    -2.500000000E-02    -1.250000000E-02    -5.750000000E-01
     1787    -1.250000000E-02    -2.500000000E-02    -5.750000000E-01
     1788    -2.500000000E-02    -6.250000000E-02    -5.750000000E-01
     1789    -2.500000000E-02    -5.000000000E-02    -5.875000000E-01
     1790    -1.250000000E-02    -5.000000000E-02    -5.750000000E-01
     1791    -2.500000000E-02    -7.500000000E-02    -5.875000000E-01
     1792    -2.500000000E-02    -8.750000000E-02    -5.750000000E-01
     1793    -1.250000000E-02    -7.500000000E-02    -5.750000000E-01
     1794    -7.500000000E-02    -3.750000000E-02    -6.000000000E-01
     1795    -6.250000000E-02    -2.500000000E-02    -6.000000000E-01
     1796    -7.500000000E-02    -2.500000000E-02    -6.125000000E-01
     1797    -7.500000000E-02    -1.250000000E-02    -6.000000000E-01
     1798    -8.750000000E-02    -2.500000000E-02    -6.000000000E-01
     1799    -7.500000000E-02    -6.250000000E-02    -6.000000000E-01
     1800    -6.250000000E-02    -5.000000000E-02    -6.000000000E-01
     1801    -7.500000000E-02    -5.000000000E-02    -6.125000000E-01
     1802    -8.750000000E-02    -5.000000000E-02    -6.000000000E-01
     1803    -6.250000000E-02    -7.500000000E-02    -6.000000000E-01
     1804    -7.500000000E-02    -7.500000000E-02    -6.125000000E-01
     1805    -7.500000000E-02    -8.750000000E-02    -6.000000000E-01
     1806    -8.750000000E-02    -7.500000000E-02    -6.000000000E-01
     1807    -5.000000000E-02    -3.750000000E-02    -6.000000000E-01
     1808    -3.750000000E-02    -2.500000000E-02    -6.000000000E-01
     1809    -5.000000000E-02    -2.500000000E-02    -6.125000000E-01
     1810    -5.000000000E-02    -1.250000000E-02    -6.000000000E-01
     1811    -5.000000000E-02    -6.250000000E-02    -6.000000000E-01
     1812    -3.750000000E-02    -5.000000000E-02    -6.000000000E-01
     1813    -5.000000000E-02    -5.000000000E-02    -6.125000000E-01
     1814    -3.750000000E-02    -7.500000000E-02    -6.000000000E-01
     1815    -5.000000000E-02    -7.500000000E-02    -6.125000000E-01
     1816    -5.000000000E-02    -8.750000000E-02    -6.000000000E-01
     1817    -2.500000000E-02    -3.750000000E-02    -6.000000000E-01
     1818    -2.500000000E-02    -2.500000000E-02    -6.125000000E-01
     1819    -2.500000000E-02    -1.250000000E-02    -6.000000000E-01
     1820    -1.250000000E-02    -2.500000000E-02    -6.000000000E-01
     1821    -2.500000000E-02    -6.250000000E-02    -6.000000000E-01
     1822    -2.500000000E-02    -5.000000000E-02    -6.125000000E-01
     1823    -1.250000000E-02    -5.000000000E-02    -6.000000000E-01
     1824    -2.500000000E-02    -7.500000000E-02    -6.125000000E-01
     1825    -2.500000000E-02    -8.750000000E-02    -6.000000000E-01
     1826    -1.250000000E-02    -7.500000000E-02    -6.000000000E-01
     1827    -7.500000000E-02    -3.750000000E-02    -6.250000000E-01
     1828    -6.250000000E-02    -2.500000000E-02    -6.250000000E-01
     1829    -7.500000000E-02    -2.500000000E-02    -6.375000000E-01
     1830    -7.500000000E-02    -1.250000000E-02    -6.250000000E-01
     1831    -8.750000000E-02    -2.500000000E-02    -6.250000000E-01
     1832    -7.500000000E-02    -6.250000000E-02    -6.250000000E-01
     1833    -6.250000000E-02    -5.000000000E-02    -6.250000000E-01
     1834    -7.500000000E-02    -5.000000000E-02    -6.375000000E-01
     1835    -8.750000000E-02    -5.000000000E-02    -6.250000000E-01
     1836    -6.250000000E-02    -7.500000000E-02    -6.250000000E-01
     1837    -7.500000000E-02    -7.500000000E-02    -6.375000000E-01
     1838    -7.500000000E-02    -8.750000000E-02    -6.250000000E-01
     1839    -8.750000000E-02    -7.500000000E-02    -6.250000000E-01
     1840    -5.000000000E-02    -3.750000000E-02    -6.250000000E-01
     1841    -3.750000000E-02    -2.500000000E-02    -6.250000000E-01
     1842    -5.000000000E-02    -2.500000000E-02    -6.375000000E-01
     1843    -5.000000000E-02    -1.250000000E-02    -6.250000000E-01
     1844    -5.000000000E-02    -6.250000000E-02    -6.250000000E-01
     1845    -3.750000000E-02    -5.000000000E-02    -6.250000000E-01
     1846    -5.000000000E-02    -5.000000000E-02    -6.375000000E-01
     1847    -3.750000000E-02    -7.500000000E-02    -6.250000000E-01
     1848    -5.000000000E-02    -7.500000000E-02    -6.375000000E-01
     1849    -5.000000000E-02    -8.750000000E-02    -6.250000000E-01
     1850    -2.500000000E-02    -3.750000000E-02    -6.250000000E-01
     1851    -2.500000000E-02    -2.500000000E-02    -6.375000000E-01
     1852    -2.500000000E-02    -1.250000000E-02    -6.250000000E-01
     1853    -1.250000000E-02    -2.500000000E-02    -6.250000000E-01
     1854    -2.500000000E-02    -6.250000000E-02    -6.250000000E-01
     1855    -2.500000000E-02    -5.000000000E-02    -6.375000000E-01
     1856    -1.250000000E-02    -5.000000000E-02    -6.250000000E-01
     1857    -2.500000000E-02    -7.500000000E-02    -6.375000000E-01
     1858    -2.500000000E-02    -8.750000000E-02    -6.250000000E-01
     1859    -1.250000000E-02    -7.500000000E-02    -6.250000000E-01
     1860    -7.500000000E-02    -3.750000000E-02    -6.500000000E-01
     1861    -6.250000000E-02    -2.500000000E-02    -6.500000000E-01
     1862    -7.500000000E-02    -2.500000000E-02    -6.625000000E-01
     1863    -7.500000000E-02    -1.250000000E-02    -6.500000000E-01
     1864    -8.750000000E-02    -2.500000000E-02    -6.500000000E-01
     1865    -7.500000000E-02    -6.250000000E-02    -6.500000000E-01
     1866    -6.250000000E-02    -5.000000000E-02    -6.500000000E-01
     1867    -7.500000000E-02    -5.000000000E-02    -6.625000000E-01
     1868    -8.750000000E-02    -5.000000000E-02    -6.500000000E-01
     1869    -6.250000000E-02    -7.500000000E-02    -6.500000000E-01
     1870    -7.500000000E-02    -7.500000000E-02    -6.625000000E-01
     1871    -7.500000000E-02    -8.750000000E-02    -6.500000000E-01
     1872    -8.750000000E-02    -7.500000000E-02    -6.500000000E-01
     1873    -5.000000000E-02    -3.750000000E-02    -6.500000000E-01
     1874    -3.750000000E-02    -2.500000000E-02    -6.500000000E-01
     1875    -5.000000000E-02    -2.500000000E-02    -6.625000000E-01
     1876    -5.000000000E-02    -1.250000000E-02    -6.500000000E-01
     1877    -5.000000000E-02    -6.250000000E-02    -6.500000000E-01
     1878    -3.750000000E-02    -5.000000000E-02    -6.500000000E-01
     1879    -5.000000000E-02    -5.000000000E-02    -6.625000000E-01
     1880    -3.750000000E-02    -7.500000000E-02    -6.500000000E-01
     1881    -5.000000000E-02    -7.500000000E-02    -6.625000000E-01
     1882    -5.000000000E-02    -8.750000000E-02    -6.500000000E-01
     1883    -2.500000000E-02    -3.750000000E-02    -6.500000000E-01
     1884    -2.500000000E-02    -2.500000000E-02    -6.625000000E-01
     1885    -2.500000000E-02    -1.250000000E-02    -6.500000000E-01
     1886    -1.250000000E-02    -2.500000000E-02    -6.500000000E-01
     1887    -2.500000000E-02    -6.250000000E-02    -6.500000000E-01
     1888    -2.500000000E-02    -5.000000000E-02    -6.625000000E-01
     1889    -1.250000000E-02    -5.000000000E-02    -6.500000000E-01
     1890    -2.500000000E-02    -7.500000000E-02    -6.625000000E-01
     1891    -2.500000000E-02    -8.750000000E-02    -6.500000000E-01
     1892    -1.250000000E-02    -7.500000000E-02    -6.500000000E-01
     1893    -7.500000000E-02    -3.750000000E-02    -6.750000000E-01
     1894    -6.250000000E-02    -2.500000000E-02    -6.750000000E-01
     1895    -7.500000000E-02    -2.500000000E-02    -6.875000000E-01
     1896    -7.500000000E-02    -1.250000000E-02    -6.750000000E-01
     1897    -8.750000000E-02    -2.500000000E-02    -6.750000000E-01
     1898    -7.500000000E-02    -6.250000000E-02    -6.750000000E-01
     1899    -6.250000000E-02    -5.000000000E-02    -6.750000000E-01
     1900    -7.500000000E-02    -5.000000000E-02    -6.875000000E-01
     1901    -8.750000000E-02    -5.000000000E-02    -6.750000000E-01
     1902    -6.250000000E-02    -7.500000000E-02    -6.750000000E-01
     1903    -7.500000000E-02    -7.500000000E-02    -6.875000000E-01
     1904    -7.500000000E-02    -8.750000000E-02    -6.750000000E-01
     1905    -8.750000000E-02    -7.500000000E-02    -6.750000000E-01
     1906    -5.000000000E-02    -3.750000000E-02    -6.750000000E-01
     1907    -3.750000000E-02    -2.500000000E-02    -6.750000000E-01
     1908    -5.000000000E-02    -2.500000000E-02    -6.875000000E-01
     1909    -5.000000000E-02    -1.250000000E-02    -6.750000000E-01
     1910    -5.000000000E-02    -6.250000000E-02    -6.750000000E-01
     1911    -3.750000000E-02    -5.000000000E-02    -6.750000000E-01
     1912    -5.000000000E-02    -5.000000000E-02    -6.875000000E-01
     1913    -3.750000000E-02    -7.500000000E-02    -6.750000000E-01
     1914    -5.000000000E-02    -7.500000000E-02    -6.875000000E-01
     1915    -5.000000000E-02    -8.750000000E-02    -6.750000000E-01
     1916    -2.500000000E-02    -3.750000000E-02    -6.750000000E-01
     1917    -2.500000000E-02    -2.500000000E-02    -6.875000000E-01
     1918    -2.500000000E-02    -1.250000000E-02    -6.750000000E-01
     1919    -1.250000000E-02    -2.500000000E-02    -6.750000000E-01
     1920    -2.500000000E-02    -6.250000000E-02    -6.750000000E-01
     1921    -2.500000000E-02    -5.000000000E-02    -6.875000000E-01
     1922    -1.250000000E-02    -5.000000000E-02    -6.750000000E-01
     1923    -2.500000000E-02    -7.500000000E-02    -6.875000000E-01
     1924    -2.500000000E-02    -8.750000000E-02    -6.750000000E-01
     1925    -1.250000000E-02    -7.500000000E-02    -6.750000000E-01
     1926    -7.500000000E-02    -3.750000000E-02    -7.000000000E-01
     1927    -6.250000000E-02    -2.500000000E-02    -7.000000000E-01
     1928    -7.500000000E-02    -2.500000000E-02    -7.125000000E-01
     1929    -7.500000000E-02    -1.250000000E-02    -7.000000000E-01
     1930    -8.750000000E-02    -2.500000000E-02    -7.000000000E-01
     1931    -7.500000000E-02    -6.250000000E-02    -7.000000000E-01
     1932    -6.250000000E-02    -5.000000000E-02    -7.000000000E-01
     1933    -7.500000000E-02    -5.000000000E-02    -7.125000000E-01
     1934    -8.750000000E-02    -5.000000000E-02    -7.000000000E-01
     1935    -6.250000000E-02    -7.500000000E-02    -7.000000000E-01
     1936    -7.500000000E-02    -7.500000000E-02    -7.125000000E-01
     1937    -7.500000000E-02    -8.750000000E-02    -7.000000000E-01
     1938    -8.750000000E-02    -7.500000000E-02    -7.000000000E-01
     1939    -5.000000000E-02    -3.750000000E-02    -7.000000000E-01
     1940    -3.750000000E-02    -2.500000000E-02    -7.000000000E-01
     1941    -5.000000000E-02    -2.500000000E-02    -7.125000000E-01
     1942    -5.000000000E-02    -1.250000000E-02    -7.000000000E-01
     1943    -5.000000000E-02    -6.250000000E-02    -7.000000000E-01
     1944    -3.750000000E-02    -5.000000000E-02    -7.000000000E-01
     1945    -5.000000000E-02    -5.000000000E-02    -7.125000000E-01
     1946    -3.750000000E-02    -7.500000000E-02    -7.000000000E-01
     1947    -5.000000000E-02    -7.500000000E-02    -7.125000000E-01
     1948    -5.000000000E-02    -8.750000000E-02    -7.000000000E-01
     1949    -2.500000000E-02    -3.750000000E-02    -7.000000000E-01
     1950    -2.500000000E-02    -2.500000000E-02    -7.125000000E-01
     1951    -2.500000000E-02    -1.250000000E-02    -7.000000000E-01
     1952    -1.250000000E-02    -2.500000000E-02    -7.000000000E-01
     1953    -2.500000000E-02    -6.250000000E-02    -7.000000000E-01
     1954    -2.500000000E-02    -5.000000000E-02    -7.125000000E-01
     1955    -1.250000000E-02    -5.000000000E-02    -7.000000000E-01
     1956    -2.500000000E-02    -7.500000000E-02    -7.125000000E-01
     1957    -2.500000000E-02    -8.750000000E-02    -7.000000000E-01
     1958    -1.250000000E-02    -7.500000000E-02    -7.000000000E-01
     1959    -7.500000000E-02    -3.750000000E-02    -7.250000000E-01
     1960    -6.250000000E-02    -2.500000000E-02    -7.250000000E-01
     1961    -7.500000000E-02    -2.500000000E-02    -7.375000000E-01
     1962    -7.500000000E-02    -1.250000000E-02    -7.250000000E-01
     1963    -8.750000000E-02    -2.500000000E-02    -7.250000000E-01
     1964    -7.500000000E-02    -6.250000000E-02    -7.250000000E-01
     1965    -6.250000000E-02    -5.000000000E-02    -7.250000000E-01
     1966    -7.500000000E-02    -5.000000000E-02    -7.375000000E-01
     1967    -8.750000000E-02    -5.000000000E-02    -7.250000000E-01
     1968    -6.250000000E-02    -7.500000000E-02    -7.250000000E-01
     1969    -7.500000000E-02    -7.500000000E-02    -7.375000000E-01
     1970    -7.500000000E-02    -8.750000000E-02    -7.250000000E-01
     1971    -8.750000000E-02    -7.500000000E-02    -7.250000000E-01
     1972    -5.000000000E-02    -3.750000000E-02    -7.250000000E-01
     1973    -3.750000000E-02    -2.500000000E-02    -7.250000000E-01
     1974    -5.000000000E-02    -2.500000000E-02    -7.375000000E-01
     1975    -5.000000000E-02    -1.250000000E-02    -7.250000000E-01
     1976    -5.000000000E-02    -6.250000000E-02    -7.250000000E-01
     1977    -3.750000000E-02    -5.000000000E-02    -7.250000000E-01
     1978    -5.000000000E-02    -5.000000000E-02    -7.375000000E-01
     1979    -3.750000000E-02    -7.500000000E-02    -7.250000000E-01
     1980    -5.000000000E-02    -7.500000000E-02    -7.375000000E-01
     1981    -5.000000000E-02    -8.750000000E-02    -7.250000000E-01
     1982    -2.500000000E-02    -3.750000000E-02    -7.250000000E-01
     1983    -2.500000000E-02    -2.500000000E-02    -7.375000000E-01
     1984    -2.500000000E-02    -1.250000000E-02    -7.250000000E-01
     1985    -1.250000000E-02    -2.500000000E-02    -7.250000000E-01
     1986    -2.500000000E-02    -6.250000000E-02    -7.250000000E-01
     1987    -2.500000000E-02    -5.000000000E-02    -7.375000000E-01
     1988    -1.250000000E-02    -5.000000000E-02    -7.250000000E-01
     1989    -2.500000000E-02    -7.500000000E-02    -7.375000000E-01
     1990    -2.500000000E-02    -8.750000000E-02    -7.250000000E-01
     1991    -1.250000000E-02    -7.500000000E-02    -7.250000000E-01
     1992    -7.500000000E-02    -3.750000000E-02    -7.500000000E-01
     1993    -6.250000000E-02    -2.500000000E-02    -7.500000000E-01
     1994    -7.500000000E-02    -2.500000000E-02    -7.625000000E-01
     1995    -7.500000000E-02    -1.250000000E-02    -7.500000000E-01
     1996    -8.750000000E-02    -2.500000000E-02    -7.500000000E-01
     1997    -7.500000000E-02    -6.250000000E-02    -7.500000000E-01
     1998    -6.250000000E-02    -5.000000000E-02    -7.500000000E-01
     1999    -7.500000000E-02    -5.000000000E-02    -7.625000000E-01
     2000    -8.750000000E-02    -5.000000000E-02    -7.500000000E-01
     2001    -6.250000000E-02    -7.500000000E-02    -7.500000000E-01
     2002    -7.500000000E-02    -7.500000000E-02    -7.625000000E-01
     2003    -7.500000000E-02    -8.750000000E-02    -7.500000000E-01
     2004    -8.750000000E-02    -7.500000000E-02    -7.500000000E-01
     2005    -5.000000000E-02    -3.750000000E-02    -7.500000000E-01
     2006    -3.750000000E-02    -2.500000000E-02    -7.500000000E-01
     2007    -5.000000000E-02    -2.500000000E-02    -7.625000000E-01
     2008    -5.000000000E-02    -1.250000000E-02    -7.500000000E-01
     2009    -5.000000000E-02    -6.250000000E-02    -7.500000000E-01
     2010    -3.750000000E-02    -5.000000000E-02    -7.500000000E-01
     2011    -5.000000000E-02    -5.000000000E-02    -7.625000000E-01
     2012    -3.750000000E-02    -7.500000000E-02    -7.500000000E-01
     2013    -5.000000000E-02    -7.500000000E-02    -7.625000000E-01
     2014    -5.000000000E-02    -8.750000000E-02    -7.500000000E-01
     2015    -2.500000000E-02    -3.750000000E-02    -7.500000000E-01
     2016    -2.500000000E-02    -2.500000000E-02    -7.625000000E-01
     2017    -2.500000000E-02    -1.250000000E-02    -7.500000000E-01
     2018    -1.250000000E-02    -2.500000000E-02    -7.500000000E-01
     2019    -2.500000000E-02    -6.250000000E-02    -7.500000000E-01
     2020    -2.500000000E-02    -5.000000000E-02    -7.625000000E-01
     2021    -1.250000000E-02    -5.000000000E-02    -7.500000000E-01
     2022    -2.500000000E-02    -7.500000000E-02    -7.625000000E-01
     2023    -2.500000000E-02    -8.750000000E-02    -7.500000000E-01
     2024    -1.250000000E-02    -7.500000000E-02    -7.500000000E-01
     2025    -7.500000000E-02    -3.750000000E-02    -7.750000000E-01
     2026    -6.250000000E-02    -2.500000000E-02    -7.750000000E-01
     2027    -7.500000000E-02    -2.500000000E-02    -7.875000000E-01
     2028    -7.500000000E-02    -1.250000000E-02    -7.750000000E-01
     2029    -8.750000000E-02    -2.500000000E-02    -7.750000000E-01
     2030    -7.500000000E-02    -6.250000000E-02    -7.750000000E-01
     2031    -6.250000000E-02    -5.000000000E-02    -7.750000000E-01
     2032    -7.500000000E-02    -5.000000000E-02    -7.875000000E-01
     2033    -8.750000000E-02    -5.000000000E-02    -7.750000000E-01
     2034    -6.250000000E-02    -7.500000000E-02    -7.750000000E-01
     2035    -7.500000000E-02    -7.500000000E-02    -7.875000000E-01
     2036    -7.500000000E-02    -8.750000000E-02    -7.750000000E-01
     2037    -8.750000000E-02    -7.500000000E-02    -7.750000000E-01
     2038    -5.000000000E-02    -3.750000000E-02    -7.750000000E-01
     2039    -3.750000000E-02    -2.500000000E-02    -7.750000000E-01
     2040    -5.000000000E-02    -2.500000000E-02    -7.875000000E-01
     2041    -5.000000000E-02    -1.250000000E-02    -7.750000000E-01
     2042    -5.000000000E-02    -6.250000000E-02    -7.750000000E-01
     2043    -3.750000000E-02    -5.000000000E-02    -7.750000000E-01
     2044    -5.000000000E-02    -5.000000000E-02    -7.875000000E-01
     2045    -3.750000000E-02    -7.500000000E-02    -7.750000000E-01
     2046    -5.000000000E-02    -7.500000000E-02    -7.875000000E-01
     2047    -5.000000000E-02    -8.750000000E-02    -7.750000000E-01
     2048    -2.500000000E-02    -3.750000000E-02    -7.750000000E-01
     2049    -2.500000000E-02    -2.500000000E-02    -7.875000000E-01
     2050    -2.500000000E-02    -1.250000000E-02    -7.750000000E-01
     2051    -1.250000000E-02    -2.500000000E-02    -7.750000000E-01
     2052    -2.500000000E-02    -6.250000000E-02    -7.750000000E-01
     2053    -2.500000000E-02    -5.000000000E-02    -7.875000000E-01
     2054    -1.250000000E-02    -5.000000000E-02    -7.750000000E-01
     2055    -2.500000000E-02    -7.500000000E-02    -7.875000000E-01
     2056    -2.500000000E-02    -8.750000000E-02    -7.750000000E-01
     2057    -1.250000000E-02    -7.500000000E-02    -7.750000000E-01
     2058    -7.500000000E-02    -3.750000000E-02    -8.000000000E-01
     2059    -6.250000000E-02    -2.500000000E-02    -8.000000000E-01
     2060    -7.500000000E-02    -2.500000000E-02    -8.125000000E-01
     2061    -7.500000000E-02    -1.250000000E-02    -8.000000000E-01
     2062    -8.750000000E-02    -2.500000000E-02    -8.000000000E-01
     2063    -7.500000000E-02    -6.250000000E-02    -8.000000000E-01
     2064    -6.250000000E-02    -5.000000000E-02    -8.000000000E-01
     2065    -7.500000000E-02    -5.000000000E-02    -8.125000000E-01
     2066    -8.750000000E-02    -5.000000000E-02    -8.000000000E-01
     2067    -6.250000000E-02    -7.500000000E-02    -8.000000000E-01
     2068    -7.500000000E-02    -7.500000000E-02    -8.125000000E-01
     2069    -7.500000000E-02    -8.750000000E-02    -8.000000000E-01
     2070    -8.750000000E-02    -7.500000000E-02    -8.000000000E-01
     2071    -5.000000000E-02    -3.750000000E-02    -8.000000000E-01
     2072    -3.750000000E-02    -2.500000000E-02    -8.000000000E-01
     2073    -5.000000000E-02    -2.500000000E-02    -8.125000000E-01
     2074    -5.000000000E-02    -1.250000000E-02    -8.000000000E-01
     2075    -5.000000000E-02    -6.250000000E-02    -8.000000000E-01
     2076    -3.750000000E-02    -5.000000000E-02    -8.000000000E-01
     2077    -5.000000000E-02    -5.000000000E-02    -8.125000000E-01
     2078    -3.750000000E-02    -7.500000000E-02    -8.000000000E-01
     2079    -5.000000000E-02    -7.500000000E-02    -8.125000000E-01
     2080    -5.000000000E-02    -8.750000000E-02    -8.000000000E-01
     2081    -2.500000000E-02    -3.750000000E-02    -8.000000000E-01
     2082    -2.500000000E-02    -2.500000000E-02    -8.125000000E-01
     2083    -2.500000000E-02    -1.250000000E-02    -8.000000000E-01
     2084    -1.250000000E-02    -2.500000000E-02    -8.000000000E-01
     2085    -2.500000000E-02    -6.250000000E-02    -8.000000000E-01
     2086    -2.500000000E-02    -5.000000000E-02    -8.125000000E-01
     2087    -1.250000000E-02    -5.000000000E-02    -8.000000000E-01
     2088    -2.500000000E-02    -7.500000000E-02    -8.125000000E-01
     2089    -2.500000000E-02    -8.750000000E-02    -8.000000000E-01
     2090    -1.250000000E-02    -7.500000000E-02    -8.000000000E-01
     2091    -7.500000000E-02    -3.750000000E-02    -8.250000000E-01
     2092    -6.250000000E-02    -2.500000000E-02    -8.250000000E-01
     2093    -7.500000000E-02    -2.500000000E-02    -8.375000000E-01
     2094    -7.500000000E-02    -1.250000000E-02    -8.250000000E-01
     2095    -8.750000000E-02    -2.500000000E-02    -8.250000000E-01
     2096    -7.500000000E-02    -6.250000000E-02    -8.250000000E-01
     2097    -6.250000000E-02    -5.000000000E-02    -8.250000000E-01
     2098    -7.500000000E-02    -5.000000000E-02    -8.375000000E-01
     2099    -8.750000000E-02    -5.000000000E-02    -8.250000000E-01
     2100    -6.250000000E-02    -7.500000000E-02    -8.250000000E-01
     2101    -7.500000000E-02    -7.500000000E-02    -8.375000000E-01
     2102    -7.500000000E-02    -8.750000000E-02    -8.250000000E-01
     2103    -8.750000000E-02    -7.500000000E-02    -8.250000000E-01
     2104    -5.000000000E-02    -3.750000000E-02    -8.250000000E-01
     2105    -3.750000000E-02    -2.500000000E-02    -8.250000000E-01
     2106    -5.000000000E-02    -2.500000000E-02    -8.375000000E-01
     2107    -5.000000000E-02    -1.250000000E-02    -8.250000000E-01
     2108    -5.000000000E-02    -6.250000000E-02    -8.250000000E-01
     2109    -3.750000000E-02    -5.000000000E-02    -8.250000000E-01
     2110    -5.000000000E-02    -5.000000000E-02    -8.375000000E-01
     2111    -3.750000000E-02    -7.500000000E-02    -8.250000000E-01
     2112    -5.000000000E-02    -7.500000000E-02    -8.375000000E-01
     2113    -5.000000000E-02    -8.750000000E-02    -8.250000000E-01
     2114    -2.500000000E-02    -3.750000000E-02    -8.250000000E-01
     2115    -2.500000000E-02    -2.500000000E-02    -8.375000000E-01
     2116    -2.500000000E-02    -1.250000000E-02    -8.250000000E-01
     2117    -1.250000000E-02    -2.500000000E-02    -8.250000000E-01
     2118    -2.500000000E-02    -6.250000000E-02    -8.250000000E-01
     2119    -2.500000000E-02    -5.000000000E-02    -8.375000000E-01
     2120    -1.250000000E-02    -5.000000000E-02    -8.250000000E-01
     2121    -2.500000000E-02    -7.500000000E-02    -8.375000000E-01
     2122    -2.500000000E-02    -8.750000000E-02    -8.250000000E-01
     2123    -1.250000000E-02    -7.500000000E-02    -8.250000000E-01
     2124    -7.500000000E-02    -3.750000000E-02    -8.500000000E-01
     2125    -6.250000000E-02    -2.500000000E-02    -8.500000000E-01
     2126    -7.500000000E-02    -2.500000000E-02    -8.625000000E-01
     2127    -7.500000000E-02    -1.250000000E-02    -8.500000000E-01
     2128    -8.750000000E-02    -2.500000000E-02    -8.500000000E-01
     2129    -7.500000000E-02    -6.250000000E-02    -8.500000000E-01
     2130    -6.250000000E-02    -5.000000000E-02    -8.500000000E-01
     2131    -7.500000000E-02    -5.000000000E-02    -8.625000000E-01
     2132    -8.750000000E-02    -5.000000000E-02    -8.500000000E-01
     2133    -6.250000000E-02    -7.500000000E-02    -8.500000000E-01
     2134    -7.500000000E-02    -7.500000000E-02    -8.625000000E-01
     2135    -7.500000000E-02    -8.750000000E-02    -8.500000000E-01
     2136    -8.750000000E-02    -7.500000000E-02    -8.500000000E-01
     2137    -5.000000000E-02    -3.750000000E-02    -8.500000000E-01
     2138    -3.750000000E-02    -2.500000000E-02    -8.500000000E-01
     2139    -5.000000000E-02    -2.500000000E-02    -8.625000000E-01
     2140    -5.000000000E-02    -1.250000000E-02    -8.500000000E-01
     2141    -5.000000000E-02    -6.250000000E-02    -8.500000000E-01
     2142    -3.750000000E-02    -5.000000000E-02    -8.500000000E-01
     2143    -5.000000000E-02    -5.000000000E-02    -8.625000000E-01
     2144    -3.750000000E-02    -7.500000000E-02    -8.500000000E-01
     2145    -5.000000000E-02    -7.500000000E-02    -8.625000000E-01
     2146    -5.000000000E-02    -8.750000000E-02    -8.500000000E-01
     2147    -2.500000000E-02    -3.750000000E-02    -8.500000000E-01
     2148    -2.500000000E-02    -2.500000000E-02    -8.625000000E-01
     2149    -2.500000000E-02    -1.250000000E-02    -8.500000000E-01
     2150    -1.250000000E-02    -2.500000000E-02    -8.500000000E-01
     2151    -2.500000000E-02    -6.250000000E-02    -8.500000000E-01
     2152    -2.500000000E-02    -5.000000000E-02    -8.625000000E-01
     2153    -1.250000000E-02    -5.000000000E-02    -8.500000000E-01
     2154    -2.500000000E-02    -7.500000000E-02    -8.625000000E-01
     2155    -2.500000000E-02    -8.750000000E-02    -8.500000000E-01
     2156    -1.250000000E-02    -7.500000000E-02    -8.500000000E-01
     2157    -7.500000000E-02    -3.750000000E-02    -8.750000000E-01
     2158    -6.250000000E-02    -2.500000000E-02    -8.750000000E-01
     2159    -7.500000000E-02    -2.500000000E-02    -8.875000000E-01
     2160    -7.500000000E-02    -1.250000000E-02    -8.750000000E-01
     2161    -8.750000000E-02    -2.500000000E-02    -8.750000000E-01
     2162    -7.500000000E-02    -6.250000000E-02    -8.750000000E-01
     2163    -6.250000000E-02    -5.000000000E-02    -8.750000000E-01
     2164    -7.500000000E-02    -5.000000000E-02    -8.875000000E-01
     2165    -8.750000000E-02    -5.000000000E-02    -8.750000000E-01
     2166    -6.250000000E-02    -7.500000000E-02    -8.750000000E-01
     2167    -7.500000000E-02    -7.500000000E-02    -8.875000000E-01
     2168    -7.500000000E-02    -8.750000000E-02    -8.750000000E-01
     2169    -8.750000000E-02    -7.500000000E-02    -8.750000000E-01
     2170    -5.000000000E-02    -3.750000000E-02    -8.750000000E-01
     2171    -3.750000000E-02    -2.500000000E-02    -8.750000000E-01
     2172    -5.000000000E-02    -2.500000000E-02    -8.875000000E-01
     2173    -5.000000000E-02    -1.250000000E-02    -8.750000000E-01
     2174    -5.000000000E-02    -6.250000000E-02    -8.750000000E-01
     2175    -3.750000000E-02    -5.000000000E-02    -8.750000000E-01
     2176    -5.000000000E-02    -5.000000000E-02    -8.875000000E-01
     2177    -3.750000000E-02    -7.500000000E-02    -8.750000000E-01
     2178    -5.000000000E-02    -7.500000000E-02    -8.875000000E-01
     2179    -5.000000000E-02    -8.750000000E-02    -8.750000000E-01
     2180    -2.500000000E-02    -3.750000000E-02    -8.750000000E-01
     2181    -2.500000000E-02    -2.500000000E-02    -8.875000000E-01
     2182    -2.500000000E-02    -1.250000000E-02    -8.750000000E-01
     2183    -1.250000000E-02    -2.500000000E-02    -8.750000000E-01
     2184    -2.500000000E-02    -6.250000000E-02    -8.750000000E-01
     2185    -2.500000000E-02    -5.000000000E-02    -8.875000000E-01
     2186    -1.250000000E-02    -5.000000000E-02    -8.750000000E-01
     2187    -2.500000000E-02    -7.500000000E-02    -8.875000000E-01
     2188    -2.500000000E-02    -8.750000000E-02    -8.750000000E-01
     2189    -1.250000000E-02    -7.500000000E-02    -8.750000000E-01
     2190    -7.500000000E-02    -3.750000000E-02    -9.000000000E-01
     2191    -6.250000000E-02    -2.500000000E-02    -9.000000000E-01
     2192    -7.500000000E-02    -2.500000000E-02    -9.125000000E-01
     2193    -7.500000000E-02    -1.250000000E-02    -9.000000000E-01
     2194    -8.750000000E-02    -2.500000000E-02    -9.000000000E-01
     2195    -7.500000000E-02    -6.250000000E-02    -9.000000000E-01
     2196    -6.250000000E-02    -5.000000000E-02    -9.000000000E-01
     2197    -7.500000000E-02    -5.000000000E-02    -9.125000000E-01
     2198    -8.750000000E-02    -5.000000000E-02    -9.000000000E-01
     2199    -6.250000000E-02    -7.500000000E-02    -9.000000000E-01
     2200    -7.500000000E-02    -7.500000000E-02    -9.125000000E-01
     2201    -7.500000000E-02    -8.750000000E-02    -9.000000000E-01
     2202    -8.750000000E-02    -7.500000000E-02    -9.000000000E-01
     2203    -5.000000000E-02    -3.750000000E-02    -9.000000000E-01
     2204    -3.750000000E-02    -2.500000000E-02    -9.000000000E-01
     2205    -5.000000000E-02    -2.500000000E-02    -9.125000000E-01
     2206    -5.000000000E-02    -1.250000000E-02    -9.000000000E-01
     2207    -5.000000000E-02    -6.250000000E-02    -9.000000000E-01
     2208    -3.750000000E-02    -5.000000000E-02    -9.000000000E-01
     2209    -5.000000000E-02    -5.000000000E-02    -9.125000000E-01
     2210    -3.750000000E-02    -7.500000000E-02    -9.000000000E-01
     2211    -5.000000000E-02    -7.500000000E-02    -9.125000000E-01
     2212    -5.000000000E-02    -8.750000000E-02    -9.000000000E-01
     2213    -2.500000000E-02    -3.750000000E-02    -9.000000000E-01
     2214    -2.500000000E-02    -2.500000000E-02    -9.125000000E-01
     2215    -2.500000000E-02    -1.250000000E-02    -9.000000000E-01
     2216    -1.250000000E-02    -2.500000000E-02    -9.000000000E-01
     2217    -2.500000000E-02    -6.250000000E-02    -9.000000000E-01
     2218    -2.500000000E-02    -5.000000000E-02    -9.125000000E-01
     2219    -1.250000000E-02    -5.000000000E-02    -9.000000000E-01
     2220    -2.500000000E-02    -7.500000000E-02    -9.125000000E-01
     2221    -2.500000000E-02    -8.750000000E-02    -9.000000000E-01
     2222    -1.250000000E-02    -7.500000000E-02    -9.000000000E-01
     2223    -7.500000000E-02    -3.750000000E-02    -9.250000000E-01
     2224    -6.250000000E-02    -2.500000000E-02    -9.250000000E-01
     2225    -7.500000000E-02    -2.500000000E-02    -9.375000000E-01
     2226    -7.500000000E-02    -1.250000000E-02    -9.250000000E-01
     2227    -8.750000000E-02    -2.500000000E-02    -9.250000000E-01
     2228    -7.500000000E-02    -6.250000000E-02    -9.250000000E-01
     2229    -6.250000000E-02    -5.000000000E-02    -9.250000000E-01
     2230    -7.500000000E-02    -5.000000000E-02    -9.375000000E-01
     2231    -8.750000000E-02    -5.000000000E-02    -9.250000000E-01
     2232    -6.250000000E-02    -7.500000000E-02    -9.250000000E-01
     2233    -7.500000000E-02    -7.500000000E-02    -9.375000000E-01
     2234    -7.500000000E-02    -8.750000000E-02    -9.250000000E-01
     2235    -8.750000000E-02    -7.500000000E-02    -9.250000000E-01
     2236    -5.000000000E-02    -3.750000000E-02    -9.250000000E-01
     2237    -3.750000000E-02    -2.500000000E-02    -9.250000000E-01
     2238    -5.000000000E-02    -2.500000000E-02    -9.375000000E-01
     2239    -5.000000000E-02    -1.250000000E-02    -9.250000000E-01
     2240    -5.000000000E-02    -6.250000000E-02    -9.250000000E-01
     2241    -3.750000000E-02    -5.000000000E-02    -9.250000000E-01
     2242    -5.000000000E-02    -5.000000000E-02    -9.375000000E-01
     2243    -3.750000000E-02    -7.500000000E-02    -9.250000000E-01
     2244    -5.000000000E-02    -7.500000000E-02    -9.375000000E-01
     2245    -5.000000000E-02    -8.750000000E-02    -9.250000000E-01
     2246    -2.500000000E-02    -3.750000000E-02    -9.250000000E-01
     2247    -2.500000000E-02    -2.500000000E-02    -9.375000000E-01
     2248    -2.500000000E-02    -1.250000000E-02    -9.250000000E-01
     2249    -1.250000000E-02    -2.500000000E-02    -9.250000000E-01
     2250    -2.500000000E-02    -6.250000000E-02    -9.250000000E-01
     2251    -2.500000000E-02    -5.000000000E-02    -9.375000000E-01
     2252    -1.250000000E-02    -5.000000000E-02    -9.250000000E-01
     2253    -2.500000000E-02    -7.500000000E-02    -9.375000000E-01
     2254    -2.500000000E-02    -8.750000000E-02    -9.250000000E-01
     2255    -1.250000000E-02    -7.500000000E-02    -9.250000000E-01
     2256    -7.500000000E-02    -3.750000000E-02    -9.500000000E-01
     2257    -6.250000000E-02    -2.500000000E-02    -9.500000000E-01
     2258    -7.500000000E-02    -2.500000000E-02    -9.625000000E-01
     2259    -7.500000000E-02    -1.250000000E-02    -9.500000000E-01
     2260    -8.750000000E-02    -2.500000000E-02    -9.500000000E-01
     2261    -7.500000000E-02    -6.250000000E-02    -9.500000000E-01
     2262    -6.250000000E-02    -5.000000000E-02    -9.500000000E-01
     2263    -7.500000000E-02    -5.000000000E-02    -9.625000000E-01
     2264    -8.750000000E-02    -5.000000000E-02    -9.500000000E-01
     2265    -6.250000000E-02    -7.500000000E-02    -9.500000000E-01
     2266    -7.500000000E-02    -7.500000000E-02    -9.625000000E-01
     2267    -7.500000000E-02    -8.750000000E-02    -9.500000000E-01
     2268    -8.750000000E-02    -7.500000000E-02    -9.500000000E-01
     2269    -5.000000000E-02    -3.750000000E-02    -9.500000000E-01
     2270    -3.750000000E-02    -2.500000000E-02    -9.500000000E-01
     2271    -5.000000000E-02    -2.500000000E-02    -9.625000000E-01
     2272    -5.000000000E-02    -1.250000000E-02    -9.500000000E-01
     2273    -5.000000000E-02    -6.250000000E-02    -9.500000000E-01
     2274    -3.750000000E-02    -5.000000000E-02    -9.500000000E-01
     2275    -5.000000000E-02    -5.000000000E-02    -9.625000000E-01
     2276    -3.750000000E-02    -7.500000000E-02    -9.500000000E-01
     2277    -5.000000000E-02    -7.500000000E-02    -9.625000000E-01
     2278    -5.000000000E-02    -8.750000000E-02    -9.500000000E-01
     2279    -2.500000000E-02    -3.750000000E-02    -9.500000000E-01
     2280    -2.500000000E-02    -2.500000000E-02    -9.625000000E-01
     2281    -2.500000000E-02    -1.250000000E-02    -9.500000000E-01
     2282    -1.250000000E-02    -2.500000000E-02    -9.500000000E-01
     2283    -2.500000000E-02    -6.250000000E-02    -9.500000000E-01
     2284    -2.500000000E-02    -5.000000000E-02    -9.625000000E-01
     2285    -1.250000000E-02    -5.000000000E-02    -9.500000000E-01
     2286    -2.500000000E-02    -7.500000000E-02    -9.625000000E-01
     2287    -2.500000000E-02    -8.750000000E-02    -9.500000000E-01
     2288    -1.250000000E-02    -7.500000000E-02    -9.500000000E-01
     2289    -7.500000000E-02    -3.750000000E-02    -9.750000000E-01
     2290    -6.250000000E-02    -2.500000000E-02    -9.750000000E-01
     2291    -7.500000000E-02    -1.250000000E-02    -9.750000000E-01
     2292    -7.500000000E-02    -2.500000000E-02    -9.875000000E-01
     2293    -8.750000000E-02    -2.500000000E-02    -9.750000000E-01
     2294    -7.500000000E-02    -6.250000000E-02    -9.750000000E-01
     2295    -6.250000000E-02    -5.000000000E-02    -9.750000000E-01
     2296    -7.500000000E-02    -5.000000000E-02    -9.875000000E-01
     2297    -8.750000000E-02    -5.000000000E-02    -9.750000000E-01
     2298    -6.250000000E-02    -7.500000000E-02    -9.750000000E-01
     2299    -7.500000000E-02    -8.750000000E-02    -9.750000000E-01
     2300    -7.500000000E-02    -7.500000000E-02    -9.875000000E-01
     2301    -8.750000000E-02    -7.500000000E-02    -9.750000000E-01
     2302    -5.000000000E-02    -3.750000000E-02    -9.750000000E-01
     2303    -3.750000000E-02    -2.500000000E-02    -9.750000000E-01
     2304    -5.000000000E-02    -1.250000000E-02    -9.750000000E-01
     2305    -5.000000000E-02    -2.500000000E-02    -9.875000000E-01
     2306    -5.000000000E-02    -6.250000000E-02    -9.750000000E-01
     2307    -3.750000000E-02    -5.000000000E-02    -9.750000000E-01
     2308    -5.000000000E-02    -5.000000000E-02    -9.875000000E-01
     2309    -3.750000000E-02    -7.500000000E-02    -9.750000000E-01
     2310    -5.000000000E-02    -8.750000000E-02    -9.750000000E-01
     2311    -5.000000000E-02    -7.500000000E-02    -9.875000000E-01
     2312    -2.500000000E-02    -3.750000000E-02    -9.750000000E-01
     2313    -2.500000000E-02    -1.250000000E-02    -9.750000000E-01
     2314    -1.250000000E-02    -2.500000000E-02    -9.750000000E-01
     2315    -2.500000000E-02    -2.500000000E-02    -9.875000000E-01
     2316    -2.500000000E-02    -6.250000000E-02    -9.750000000E-01
     2317    -1.250000000E-02    -5.000000000E-02    -9.750000000E-01
     2318    -2.500000000E-02    -5.000000000E-02    -9.875000000E-01
     2319    -2.500000000E-02    -8.750000000E-02    -9.750000000E-01
     2320    -1.250000000E-02    -7.500000000E-02    -9.750000000E-01
     2321    -2.500000000E-02    -7.500000000E-02    -9.875000000E-01
     2322    -3.750000000E-02     0.000000000E+00    -9.750000000E-01
     2323    -2.500000000E-02     0.000000000E+00    -9.625000000E-01
     2324    -1.250000000E-02     0.000000000E+00    -9.750000000E-01
     2325    -2.500000000E-02     0.000000000E+00    -9.875000000E-01
     2326    -6.250000000E-02     0.000000000E+00    -9.750000000E-01
     2327    -5.000000000E-02     0.000000000E+00    -9.625000000E-01
     2328    -5.000000000E-02     0.000000000E+00    -9.875000000E-01
     2329    -7.500000000E-02     0.000000000E+00    -9.625000000E-01
     2330    -7.500000000E-02     0.000000000E+00    -9.875000000E-01
     2331    -8.750000000E-02     0.000000000E+00    -9.750000000E-01
     2332    -3.750000000E-02     0.000000000E+00    -9.500000000E-01
     2333    -2.500000000E-02     0.000000000E+00    -9.375000000E-01
     2334    -1.250000000E-02     0.000000000E+00    -9.500000000E-01
     2335    -6.250000000E-02     0.000000000E+00    -9.500000000E-01
     2336    -5.000000000E-02     0.000000000E+00    -9.375000000E-01
     2337    -7.500000000E-02     0.000000000E+00    -9.375000000E-01
     2338    -8.750000000E-02     0.000000000E+00    -9.500000000E-01
     2339    -3.750000000E-02     0.000000000E+00    -9.250000000E-01
     2340    -2.500000000E-02     0.000000000E+00    -9.125000000E-01
     2341    -1.250000000E-02     0.000000000E+00    -9.250000000E-01
     2342    -6.250000000E-02     0.000000000E+00    -9.250000000E-01
     2343    -5.000000000E-02     0.000000000E+00    -9.125000000E-01
     2344    -7.500000000E-02     0.000000000E+00    -9.125000000E-01
     2345    -8.750000000E-02     0.000000000E+00    -9.250000000E-01
     2346    -3.750000000E-02     0.000000000E+00    -9.000000000E-01
     2347    -2.500000000E-02     0.000000000E+00    -8.875000000E-01
     2348    -1.250000000E-02     0.000000000E+00    -9.000000000E-01
     2349    -6.250000000E-02     0.000000000E+00    -9.000000000E-01
     2350    -5.000000000E-02     0.000000000E+00    -8.875000000E-01
     2351    -7.500000000E-02     0.000000000E+00    -8.875000000E-01
     2352    -8.750000000E-02     0.000000000E+00    -9.000000000E-01
     2353    -3.750000000E-02     0.000000000E+00    -8.750000000E-01
     2354    -2.500000000E-02     0.000000000E+00    -8.625000000E-01
     2355    -1.250000000E-02     0.000000000E+00    -8.750000000E-01
     2356    -6.250000000E-02     0.000000000E+00    -8.750000000E-01
     2357    -5.000000000E-02     0.000000000E+00    -8.625000000E-01
     2358    -7.500000000E-02     0.000000000E+00    -8.625000000E-01
     2359    -8.750000000E-02     0.000000000E+00    -8.750000000E-01
     2360    -3.750000000E-02     0.000000000E+00    -8.500000000E-01
     2361    -2.500000000E-02     0.000000000E+00    -8.375000000E-01
     2362    -1.250000000E-02     0.000000000E+00    -8.500000000E-01
     2363    -6.250000000E-02     0.000000000E+00    -8.500000000E-01
     2364    -5.000000000E-02     0.000000000E+00    -8.375000000E-01
     2365    -7.500000000E-02     0.000000000E+00    -8.375000000E-01
     2366    -8.750000000E-02     0.000000000E+00    -8.500000000E-01
     2367    -3.750000000E-02     0.000000000E+00    -8.250000000E-01
     2368    -2.500000000E-02     0.000000000E+00    -8.125000000E-01
     2369    -1.250000000E-02     0.000000000E+00    -8.250000000E-01
     2370    -6.250000000E-02     0.000000000E+00    -8.250000000E-01
     2371    -5.000000000E-02     0.000000000E+00    -8.125000000E-01
     2372    -7.500000000E-02     0.000000000E+00    -8.125000000E-01
     2373    -8.750000000E-02     0.000000000E+00    -8.250000000E-01
     2374    -3.750000000E-02     0.000000000E+00    -8.000000000E-01
     2375    -2.500000000E-02     0.000000000E+00    -7.875000000E-01
     2376    -1.250000000E-02     0.000000000E+00    -8.000000000E-01
     2377    -6.250000000E-02     0.000000000E+00    -8.000000000E-01
     2378    -5.000000000E-02     0.000000000E+00    -7.875000000E-01
     2379    -7.500000000E-02     0.000000000E+00    -7.875000000E-01
     2380    -8.750000000E-02     0.000000000E+00    -8.000000000E-01
     2381    -3.750000000E-02     0.000000000E+00    -7.750000000E-01
     2382    -2.500000000E-02     0.000000000E+00    -7.625000000E-01
     2383    -1.250000000E-02     0.000000000E+00    -7.750000000E-01
     2384    -6.250000000E-02     0.000000000E+00    -7.750000000E-01
     2385    -5.000000000E-02     0.000000000E+00    -7.625000000E-01
     2386    -7.500000000E-02     0.000000000E+00    -7.625000000E-01
     2387    -8.750000000E-02     0.000000000E+00    -7.750000000E-01
     2388    -3.750000000E-02     0.000000000E+00    -7.500000000E-01
     2389    -2.500000000E-02     0.000000000E+00    -7.375000000E-01
     2390    -1.250000000E-02     0.000000000E+00    -7.500000000E-01
     2391    -6.250000000E-02     0.000000000E+00    -7.500000000E-01
     2392    -5.000000000E-02     0.000000000E+00    -7.375000000E-01
     2393    -7.500000000E-02     0.000000000E+00    -7.375000000E-01
     2394    -8.750000000E-02     0.000000000E+00    -7.500000000E-01
     2395    -3.750000000E-02     0.000000000E+00    -7.250000000E-01
     2396    -2.500000000E-02     0.000000000E+00    -7.125000000E-01
     2397    -1.250000000E-02     0.000000000E+00    -7.250000000E-01
     2398    -6.250000000E-02     0.000000000E+00    -7.250000000E-01
     2399    -5.000000000E-02     0.000000000E+00    -7.125000000E-01
     2400    -7.500000000E-02     0.000000000E+00    -7.125000000E-01
     2401    -8.750000000E-02     0.000000000E+00    -7.250000000E-01
     2402    -3.750000000E-02     0.000000000E+00    -7.000000000E-01
     2403    -2.500000000E-02     0.000000000E+00    -6.875000000E-01
     2404    -1.250000000E-02     0.000000000E+00    -7.000000000E-01
     2405    -6.250000000E-02     0.000000000E+00    -7.000000000E-01
     2406    -5.000000000E-02     0.000000000E+00    -6.875000000E-01
     2407    -7.500000000E-02     0.000000000E+00    -6.875000000E-01
     2408    -8.750000000E-02     0.000000000E+00    -7.000000000E-01
     2409    -3.750000000E-02     0.000000000E+00    -6.750000000E-01
     2410    -2.500000000E-02     0.000000000E+00    -6.625000000E-01
     2411    -1.250000000E-02     0.000000000E+00    -6.750000000E-01
     2412    -6.250000000E-02     0.000000000E+00    -6.750000000E-01
     2413    -5.000000000E-02     0.000000000E+00    -6.625000000E-01
     2414    -7.500000000E-02     0.000000000E+00    -6.625000000E-01
     2415    -8.750000000E-02     0.000000000E+00    -6.750000000E-01
     2416    -3.750000000E-02     0.000000000E+00    -6.500000000E-01
     2417    -2.500000000E-02     0.000000000E+00    -6.375000000E-01
     2418    -1.250000000E-02     0.000000000E+00    -6.500000000E-01
     2419    -6.250000000E-02     0.000000000E+00    -6.500000000E-01
     2420    -5.000000000E-02     0.000000000E+00    -6.375000000E-01
     2421    -7.500000000E-02     0.000000000E+00    -6.375000000E-01
     2422    -8.750000000E-02     0.000000000E+00    -6.500000000E-01
     2423    -3.750000000E-02     0.000000000E+00    -6.250000000E-01
     2424    -2.500000000E-02     0.000000000E+00    -6.125000000E-01
     2425    -1.250000000E-02     0.000000000E+00    -6.250000000E-01
     2426    -6.250000000E-02     0.000000000E+00    -6.250000000E-01
     2427    -5.000000000E-02     0.000000000E+00    -6.125000000E-01
     2428    -7.500000000E-02     0.000000000E+00    -6.125000000E-01
     2429    -8.750000000E-02     0.000000000E+00    -6.250000000E-01
     2430    -3.750000000E-02     0.000000000E+00    -6.000000000E-01
     2431    -2.500000000E-02     0.000000000E+00    -5.875000000E-01
     2432    -1.250000000E-02     0.000000000E+00    -6.000000000E-01
     2433    -6.250000000E-02     0.000000000E+00    -6.000000000E-01
     2434    -5.000000000E-02     0.000000000E+00    -5.875000000E-01
     2435    -7.500000000E-02     0.000000000E+00    -5.875000000E-01
     2436    -8.750000000E-02     0.000000000E+00    -6.000000000E-01
     2437    -3.750000000E-02     0.000000000E+00    -5.750000000E-01
     2438    -2.500000000E-02     0.000000000E+00    -5.625000000E-01
     2439    -1.250000000E-02     0.000000000E+00    -5.750000000E-01
     2440    -6.250000000E-02     0.000000000E+00    -5.750000000E-01
     2441    -5.000000000E-02     0.000000000E+00    -5.625000000E-01
     2442    -7.500000000E-02     0.000000000E+00    -5.625000000E-01
     2443    -8.750000000E-02     0.000000000E+00    -5.750000000E-01
     2444    -3.750000000E-02     0.000000000E+00    -5.500000000E-01
     2445    -2.500000000E-02     0.000000000E+00    -5.375000000E-01
     2446    -1.250000000E-02     0.000000000E+00    -5.500000000E-01
     2447    -6.250000000E-02     0.000000000E+00    -5.500000000E-01
     2448    -5.000000000E-02     0.000000000E+00    -5.375000000E-01
     2449    -7.500000000E-02     0.000000000E+00    -5.375000000E-01
     2450    -8.750000000E-02     0.000000000E+00    -5.500000000E-01
     2451    -3.750000000E-02     0.000000000E+00    -5.250000000E-01
     2452    -2.500000000E-02     0.000000000E+00    -5.125000000E-01
     2453    -1.250000000E-02     0.000000000E+00    -5.250000000E-01
     2454    -6.250000000E-02     0.000000000E+00    -5.250000000E-01
     2455    -5.000000000E-02     0.000000000E+00    -5.125000000E-01
     2456    -7.500000000E-02     0.000000000E+00    -5.125000000E-01
     2457    -8.750000000E-02     0.000000000E+00    -5.250000000E-01
     2458    -3.750000000E-02     0.000000000E+00    -5.000000000E-01
     2459    -2.500000000E-02     0.000000000E+00    -4.875000000E-01
     2460    -1.250000000E-02     0.000000000E+00    -5.000000000E-01
     2461    -6.250000000E-02     0.000000000E+00    -5.000000000E-01
     2462    -5.000000000E-02     0.000000000E+00    -4.875000000E-01
     2463    -7.500000000E-02     0.000000000E+00    -4.875000000E-01
     2464    -8.750000000E-02     0.000000000E+00    -5.000000000E-01
     2465    -3.750000000E-02     0.000000000E+00    -4.750000000E-01
     2466    -2.500000000E-02     0.000000000E+00    -4.625000000E-01
     2467    -1.250000000E-02     0.000000000E+00    -4.750000000E-01
     2468    -6.250000000E-02     0.000000000E+00    -4.750000000E-01
     2469    -5.000000000E-02     0.000000000E+00    -4.625000000E-01
     2470    -7.500000000E-02     0.000000000E+00    -4.625000000E-01
     2471    -8.750000000E-02     0.000000000E+00    -4.750000000E-01
     2472    -3.750000000E-02     0.000000000E+00    -4.500000000E-01
     2473    -2.500000000E-02     0.000000000E+00    -4.375000000E-01
     2474    -1.250000000E-02     0.000000000E+00    -4.500000000E-01
     2475    -6.250000000E-02     0.000000000E+00    -4.500000000E-01
     2476    -5.000000000E-02     0.000000000E+00    -4.375000000E-01
     2477    -7.500000000E-02     0.000000000E+00    -4.375000000E-01
     2478    -8.750000000E-02     0.000000000E+00    -4.500000000E-01
     2479    -3.750000000E-02     0.000000000E+00    -4.250000000E-01
     2480    -2.500000000E-02     0.000000000E+00    -4.125000000E-01
     2481    -1.250000000E-02     0.000000000E+00    -4.250000000E-01
     2482    -6.250000000E-02     0.000000000E+00    -4.250000000E-01
     2483    -5.000000000E-02     0.000000000E+00    -4.125000000E-01
     2484    -7.500000000E-02     0.000000000E+00    -4.125000000E-01
     2485    -8.750000000E-02     0.000000000E+00    -4.250000000E-01
     2486    -3.750000000E-02     0.000000000E+00    -4.000000000E-01
     2487    -2.500000000E-02     0.000000000E+00    -3.875000000E-01
     2488    -1.250000000E-02     0.000000000E+00    -4.000000000E-01
     2489    -6.250000000E-02     0.000000000E+00    -4.000000000E-01
     2490    -5.000000000E-02     0.000000000E+00    -3.875000000E-01
     2491    -7.500000000E-02     0.000000000E+00    -3.875000000E-01
     2492    -8.750000000E-02     0.000000000E+00    -4.000000000E-01
     2493    -3.750000000E-02     0.000000000E+00    -3.750000000E-01
     2494    -2.500000000E-02     0.000000000E+00    -3.625000000E-01
     2495    -1.250000000E-02     0.000000000E+00    -3.750000000E-01
     2496    -6.250000000E-02     0.000000000E+00    -3.750000000E-01
     2497    -5.000000000E-02     0.000000000E+00    -3.625000000E-01
     2498    -7.500000000E-02     0.000000000E+00    -3.625000000E-01
     2499    -8.750000000E-02     0.000000000E+00    -3.750000000E-01
     2500    -3.750000000E-02     0.000000000E+00    -3.500000000E-01
     2501    -2.500000000E-02     0.000000000E+00    -3.375000000E-01
     2502    -1.250000000E-02     0.000000000E+00    -3.500000000E-01
     2503    -6.250000000E-02     0.000000000E+00    -3.500000000E-01
     2504    -5.000000000E-02     0.000000000E+00    -3.375000000E-01
     2505    -7.500000000E-02     0.000000000E+00    -3.375000000E-01
     2506    -8.750000000E-02     0.000000000E+00    -3.500000000E-01
     2507    -3.750000000E-02     0.000000000E+00    -3.250000000E-01
     2508    -2.500000000E-02     0.000000000E+00    -3.125000000E-01
     2509    -1.250000000E-02     0.000000000E+00    -3.250000000E-01
     2510    -6.250000000E-02     0.000000000E+00    -3.250000000E-01
     2511    -5.000000000E-02     0.000000000E+00    -3.125000000E-01
     2512    -7.500000000E-02     0.000000000E+00    -3.125000000E-01
     2513    -8.750000000E-02     0.000000000E+00    -3.250000000E-01
     2514    -3.750000000E-02     0.000000000E+00    -3.000000000E-01
     2515    -2.500000000E-02     0.000000000E+00    -2.875000000E-01
     2516    -1.250000000E-02     0.000000000E+00    -3.000000000E-01
     2517    -6.250000000E-02     0.000000000E+00    -3.000000000E-01
     2518    -5.000000000E-02     0.000000000E+00    -2.875000000E-01
     2519    -7.500000000E-02     0.000000000E+00    -2.875000000E-01
     2520    -8.750000000E-02     0.000000000E+00    -3.000000000E-01
     2521    -3.750000000E-02     0.000000000E+00    -2.750000000E-01
     2522    -2.500000000E-02     0.000000000E+00    -2.625000000E-01
     2523    -1.250000000E-02     0.000000000E+00    -2.750000000E-01
     2524    -6.250000000E-02     0.000000000E+00    -2.750000000E-01
     2525    -5.000000000E-02     0.000000000E+00    -2.625000000E-01
     2526    -7.500000000E-02     0.000000000E+00    -2.625000000E-01
     2527    -8.750000000E-02     0.000000000E+00    -2.750000000E-01
     2528    -3.750000000E-02     0.000000000E+00    -2.500000000E-01
     2529    -2.500000000E-02     0.000000000E+00    -2.375000000E-01
     2530    -1.250000000E-02     0.000000000E+00    -2.500000000E-01
     2531    -6.250000000E-02     0.000000000E+00    -2.500000000E-01
     2532    -5.000000000E-02     0.000000000E+00    -2.375000000E-01
     2533    -7.500000000E-02     0.000000000E+00    -2.375000000E-01
     2534    -8.750000000E-02     0.000000000E+00    -2.500000000E-01
     2535    -3.750000000E-02     0.000000000E+00    -2.250000000E-01
     2536    -2.500000000E-02     0.000000000E+00    -2.125000000E-01
     2537    -1.250000000E-02     0.000000000E+00    -2.250000000E-01
     2538    -6.250000000E-02     0.000000000E+00    -2.250000000E-01
     2539    -5.000000000E-02     0.000000000E+00    -2.125000000E-01
     2540    -7.500000000E-02     0.000000000E+00    -2.125000000E-01
     2541    -8.750000000E-02     0.000000000E+00    -2.250000000E-01
     2542    -3.750000000E-02     0.000000000E+00    -2.000000000E-01
     2543    -2.500000000E-02     0.000000000E+00    -1.875000000E-01
     2544    -1.250000000E-02     0.000000000E+00    -2.000000000E-01
     2545    -6.250000000E-02     0.000000000E+00    -2.000000000E-01
     2546    -5.000000000E-02     0.000000000E+00    -1.875000000E-01
     2547    -7.500000000E-02     0.000000000E+00    -1.875000000E-01
     2548    -8.750000000E-02     0.000000000E+00    -2.000000000E-01
     2549    -3.750000000E-02     0.000000000E+00    -1.750000000E-01
     2550    -2.500000000E-02     0.000000000E+00    -1.625000000E-01
     2551    -1.250000000E-02     0.000000000E+00    -1.750000000E-01
     2552    -6.250000000E-02     0.000000000E+00    -1.750000000E-01
     2553    -5.000000000E-02     0.000000000E+00    -1.625000000E-01
     2554    -7.500000000E-02     0.000000000E+00    -1.625000000E-01
     2555    -8.750000000E-02     0.000000000E+00    -1.750000000E-01
     2556    -3.750000000E-02     0.000000000E+00    -1.500000000E-01
     2557    -2.500000000E-02     0.000000000E+00    -1.375000000E-01
     2558    -1.250000000E-02     0.000000000E+00    -1.500000000E-01
     2559    -6.250000000E-02     0.000000000E+00    -1.500000000E-01
     2560    -5.000000000E-02     0.000000000E+00    -1.375000000E-01
     2561    -7.500000000E-02     0.000000000E+00    -1.375000000E-01
     2562    -8.750000000E-02     0.000000000E+00    -1.500000000E-01
     2563    -3.750000000E-02     0.000000000E+00    -1.250000000E-01
     2564    -2.500000000E-02     0.000000000E+00    -1.125000000E-01
     2565    -1.250000000E-02     0.000000000E+00    -1.250000000E-01
     2566    -6.250000000E-02     0.000000000E+00    -1.250000000E-01
     2567    -5.000000000E-02     0.000000000E+00    -1.125000000E-01
     2568    -7.500000000E-02     0.000000000E+00    -1.125000000E-01
     2569    -8.750000000E-02     0.000000000E+00    -1.250000000E-01
     2570    -3.750000000E-02     0.000000000E+00    -1.000000000E-01
     2571    -2.500000000E-02     0.000000000E+00    -8.750000000E-02
     2572    -1.250000000E-02     0.000000000E+00    -1.000000000E-01
     2573    -6.250000000E-02     0.000000000E+00    -1.000000000E-01
     2574    -5.000000000E-02     0.000000000E+00    -8.750000000E-02
     2575    -7.500000000E-02     0.000000000E+00    -8.750000000E-02
     2576    -8.750000000E-02     0.000000000E+00    -1.000000000E-01
     2577    -3.750000000E-02     0.000000000E+00    -7.500000000E-02
     2578    -2.500000000E-02     0.000000000E+00    -6.250000000E-02
     2579    -1.250000000E-02     0.000000000E+00    -7.500000000E-02
     2580    -6.250000000E-02     0.000000000E+00    -7.500000000E-02
     2581    -5.000000000E-02     0.000000000E+00    -6.250000000E-02
     2582    -7.500000000E-02     0.000000000E+00    -6.250000000E-02
     2583    -8.750000000E-02     0.000000000E+00    -7.500000000E-02
     2584    -3.750000000E-02     0.000000000E+00    -5.000000000E-02
     2585    -2.500000000E-02     0.000000000E+00    -3.750000000E-02
     2586    -1.250000000E-02     0.000000000E+00    -5.000000000E-02
     2587    -6.250000000E-02     0.000000000E+00    -5.000000000E-02
     2588    -5.000000000E-02     0.000000000E+00    -3.750000000E-02
     2589    -7.500000000E-02     0.000000000E+00    -3.750000000E-02
     2590    -8.750000000E-02     0.000000000E+00    -5.000000000E-02
     2591    -3.750000000E-02     0.000000000E+00    -2.500000000E-02
     2592    -2.500000000E-02     0.000000000E+00    -1.250000000E-02
     2593    -1.250000000E-02     0.000000000E+00    -2.500000000E-02
     2594    -6.250000000E-02     0.000000000E+00    -2.500000000E-02
     2595    -5.000000000E-02     0.000000000E+00    -1.250000000E-02
     2596    -7.500000000E-02     0.000000000E+00    -1.250000000E-02
     2597    -8.750000000E-02     0.000000000E+00    -2.500000000E-02
     2598    -6.250000000E-02    -1.000000000E-01    -2.500000000E-02
     2599    -7.500000000E-02    -1.000000000E-01    -3.750000000E-02
     2600    -8.750000000E-02    -1.000000000E-01    -2.500000000E-02
     2601    -7.500000000E-02    -1.000000000E-01    -1.250000000E-02
     2602    -3.750000000E-02    -1.000000000E-01    -2.500000000E-02
     2603    -5.000000000E-02    -1.000000000E-01    -3.750000000E-02
     2604    -5.000000000E-02    -1.000000000E-01    -1.250000000E-02
     2605    -2.500000000E-02    -1.000000000E-01    -3.750000000E-02
     2606    -1.250000000E-02    -1.000000000E-01    -2.500000000E-02
     2607    -2.500000000E-02    -1.000000000E-01    -1.250000000E-02
     2608    -6.250000000E-02    -1.000000000E-01    -5.000000000E-02
     2609    -7.500000000E-02    -1.000000000E-01    -6.250000000E-02
     2610    -8.750000000E-02    -1.000000000E-01    -5.000000000E-02
     2611    -3.750000000E-02    -1.000000000E-01    -5.000000000E-02
     2612    -5.000000000E-02    -1.000000000E-01    -6.250000000E-02
     2613    -2.500000000E-02    -1.000000000E-01    -6.250000000E-02
     2614    -1.250000000E-02    -1.000000000E-01    -5.000000000E-02
     2615    -6.250000000E-02    -1.000000000E-01    -7.500000000E-02
     2616    -7.500000000E-02    -1.000000000E-01    -8.750000000E-02
     2617    -8.750000000E-02    -1.000000000E-01    -7.500000000E-02
     2618    -3.750000000E-02    -1.000000000E-01    -7.500000000E-02
     2619    -5.000000000E-02    -1.000000000E-01    -8.750000000E-02
     2620    -2.500000000E-02    -1.000000000E-01    -8.750000000E-02
     2621    -1.250000000E-02    -1.000000000E-01    -7.500000000E-02
     2622    -6.250000000E-02    -1.000000000E-01    -1.000000000E-01
     2623    -7.500000000E-02    -1.000000000E-01    -1.125000000E-01
     2624    -8.750000000E-02    -1.000000000E-01    -1.000000000E-01
     2625    -3.750000000E-02    -1.000000000E-01    -1.000000000E-01
     2626    -5.000000000E-02    -1.000000000E-01    -1.125000000E-01
     2627    -2.500000000E-02    -1.000000000E-01    -1.125000000E-01
     2628    -1.250000000E-02    -1.000000000E-01    -1.000000000E-01
     2629    -6.250000000E-02    -1.000000000E-01    -1.250000000E-01
     2630    -7.500000000E-02    -1.000000000E-01    -1.375000000E-01
     2631    -8.750000000E-02    -1.000000000E-01    -1.250000000E-01
     2632    -3.750000000E-02    -1.000000000E-01    -1.250000000E-01
     2633    -5.000000000E-02    -1.000000000E-01    -1.375000000E-01
     2634    -2.500000000E-02    -1.000000000E-01    -1.375000000E-01
     2635    -1.250000000E-02    -1.000000000E-01    -1.250000000E-01
     2636    -6.250000000E-02    -1.000000000E-01    -1.500000000E-01
     2637    -7.500000000E-02    -1.000000000E-01    -1.625000000E-01
     2638    -8.750000000E-02    -1.000000000E-01    -1.500000000E-01
     2639    -3.750000000E-02    -1.000000000E-01    -1.500000000E-01
     2640    -5.000000000E-02    -1.000000000E-01    -1.625000000E-01
     2641    -2.500000000E-02    -1.000000000E-01    -1.625000000E-01
     2642    -1.250000000E-02    -1.000000000E-01    -1.500000000E-01
     2643    -6.250000000E-02    -1.000000000E-01    -1.750000000E-01
     2644    -7.500000000E-02    -1.000000000E-01    -1.875000000E-01
     2645    -8.750000000E-02    -1.000000000E-01    -1.750000000E-01
     2646    -3.750000000E-02    -1.000000000E-01    -1.750000000E-01
     2647    -5.000000000E-02    -1.000000000E-01    -1.875000000E-01
     2648    -2.500000000E-02    -1.000000000E-01    -1.875000000E-01
     2649    -1.250000000E-02    -1.000000000E-01    -1.750000000E-01
     2650    -6.250000000E-02    -1.000000000E-01    -2.000000000E-01
     2651    -7.500000000E-02    -1.000000000E-01    -2.125000000E-01
     2652    -8.750000000E-02    -1.000000000E-01    -2.000000000E-01
     2653    -3.750000000E-02    -1.000000000E-01    -2.000000000E-01
     2654    -5.000000000E-02    -1.000000000E-01    -2.125000000E-01
     2655    -2.500000000E-02    -1.000000000E-01    -2.125000000E-01
     2656    -1.250000000E-02    -1.000000000E-01    -2.000000000E-01
     2657    -6.250000000E-02    -1.000000000E-01    -2.250000000E-01
     2658    -7.500000000E-02    -1.000000000E-01    -2.375000000E-01
     2659    -8.750000000E-02    -1.000000000E-01    -2.250000000E-01
     2660    -3.750000000E-02    -1.000000000E-01    -2.250000000E-01
     2661    -5.000000000E-02    -1.000000000E-01    -2.375000000E-01
     2662    -2.500000000E-02    -1.000000000E-01    -2.375000000E-01
     2663    -1.250000000E-02    -1.000000000E-01    -2.250000000E-01
     2664    -6.250000000E-02    -1.000000000E-01    -2.500000000E-01
     2665    -7.500000000E-02    -1.000000000E-01    -2.625000000E-01
     2666    -8.750000000E-02    -1.000000000E-01    -2.500000000E-01
     2667    -3.750000000E-02    -1.000000000E-01    -2.500000000E-01
     2668    -5.000000000E-02    -1.000000000E-01    -2.625000000E-01
     2669    -2.500000000E-02    -1.000000000E-01    -2.625000000E-01
     2670    -1.250000000E-02    -1.000000000E-01    -2.500000000E-01
     2671    -6.250000000E-02    -1.000000000E-01    -2.750000000E-01
     2672    -7.500000000E-02    -1.000000000E-01    -2.875000000E-01
     2673    -8.750000000E-02    -1.000000000E-01    -2.750000000E-01
     2674    -3.750000000E-02    -1.000000000E-01    -2.750000000E-01
     2675    -5.000000000E-02    -1.000000000E-01    -2.875000000E-01
     2676    -2.500000000E-02    -1.000000000E-01    -2.875000000E-01
     2677    -1.250000000E-02    -1.000000000E-01    -2.750000000E-01
     2678    -6.250000000E-02    -1.000000000E-01    -3.000000000E-01
     2679    -7.500000000E-02    -1.000000000E-01    -3.125000000E-01
     2680    -8.750000000E-02    -1.000000000E-01    -3.000000000E-01
     2681    -3.750000000E-02    -1.000000000E-01    -3.000000000E-01
     2682    -5.000000000E-02    -1.000000000E-01    -3.125000000E-01
     2683    -2.500000000E-02    -1.000000000E-01    -3.125000000E-01
     2684    -1.250000000E-02    -1.000000000E-01    -3.000000000E-01
     2685    -6.250000000E-02    -1.000000000E-01    -3.250000000E-01
     2686    -7.500000000E-02    -1.000000000E-01    -3.375000000E-01
     2687    -8.750000000E-02    -1.000000000E-01    -3.250000000E-01
     2688    -3.750000000E-02    -1.000000000E-01    -3.250000000E-01
     2689    -5.000000000E-02    -1.000000000E-01    -3.375000000E-01
     2690    -2.500000000E-02    -1.000000000E-01    -3.375000000E-01
     2691    -1.250000000E-02    -1.000000000E-01    -3.250000000E-01
     2692    -6.250000000E-02    -1.000000000E-01    -3.500000000E-01
     2693    -7.500000000E-02    -1.000000000E-01    -3.625000000E-01
     2694    -8.750000000E-02    -1.000000000E-01    -3.500000000E-01
     2695    -3.750000000E-02    -1.000000000E-01    -3.500000000E-01
     2696    -5.000000000E-02    -1.000000000E-01    -3.625000000E-01
     2697    -2.500000000E-02    -1.000000000E-01    -3.625000000E-01
     2698    -1.250000000E-02    -1.000000000E-01    -3.500000000E-01
     2699    -6.250000000E-02    -1.000000000E-01    -3.750000000E-01
     2700    -7.500000000E-02    -1.000000000E-01    -3.875000000E-01
     2701    -8.750000000E-02    -1.000000000E-01    -3.750000000E-01
     2702    -3.750000000E-02    -1.000000000E-01    -3.750000000E-01
     2703    -5.000000000E-02    -1.000000000E-01    -3.875000000E-01
     2704    -2.500000000E-02    -1.000000000E-01    -3.875000000E-01
     2705    -1.250000000E-02    -1.000000000E-01    -3.750000000E-01
     2706    -6.250000000E-02    -1.000000000E-01    -4.000000000E-01
     2707    -7.500000000E-02    -1.000000000E-01    -4.125000000E-01
     2708    -8.750000000E-02    -1.000000000E-01    -4.000000000E-01
     2709    -3.750000000E-02    -1.000000000E-01    -4.000000000E-01
     2710    -5.000000000E-02    -1.000000000E-01    -4.125000000E-01
     2711    -2.500000000E-02    -1.000000000E-01    -4.125000000E-01
     2712    -1.250000000E-02    -1.000000000E-01    -4.000000000E-01
     2713    -6.250000000E-02    -1.000000000E-01    -4.250000000E-01
     2714    -7.500000000E-02    -1.000000000E-01    -4.375000000E-01
     2715    -8.750000000E-02    -1.000000000E-01    -4.250000000E-01
     2716    -3.750000000E-02    -1.000000000E-01    -4.250000000E-01
     2717    -5.000000000E-02    -1.000000000E-01    -4.375000000E-01
     2718    -2.500000000E-02    -1.000000000E-01    -4.375000000E-01
     2719    -1.250000000E-02    -1.000000000E-01    -4.250000000E-01
     2720    -6.250000000E-02    -1.000000000E-01    -4.500000000E-01
     2721    -7.500000000E-02    -1.000000000E-01    -4.625000000E-01
     2722    -8.750000000E-02    -1.000000000E-01    -4.500000000E-01
     2723    -3.750000000E-02    -1.000000000E-01    -4.500000000E-01
     2724    -5.000000000E-02    -1.000000000E-01    -4.625000000E-01
     2725    -2.500000000E-02    -1.000000000E-01    -4.625000000E-01
     2726    -1.250000000E-02    -1.000000000E-01    -4.500000000E-01
     2727    -6.250000000E-02    -1.000000000E-01    -4.750000000E-01
     2728    -7.500000000E-02    -1.000000000E-01    -4.875000000E-01
     2729    -8.750000000E-02    -1.000000000E-01    -4.750000000E-01
     2730    -3.750000000E-02    -1.000000000E-01    -4.750000000E-01
     2731    -5.000000000E-02    -1.000000000E-01    -4.875000000E-01
     2732    -2.500000000E-02    -1.000000000E-01    -4.875000000E-01
     2733    -1.250000000E-02    -1.000000000E-01    -4.750000000E-01
     2734    -6.250000000E-02    -1.000000000E-01    -5.000000000E-01
     2735    -7.500000000E-02    -1.000000000E-01    -5.125000000E-01
     2736    -8.750000000E-02    -1.000000000E-01    -5.000000000E-01
     2737    -3.750000000E-02    -1.000000000E-01    -5.000000000E-01
     2738    -5.000000000E-02    -1.000000000E-01    -5.125000000E-01
     2739    -2.500000000E-02    -1.000000000E-01    -5.125000000E-01
     2740    -1.250000000E-02    -1.000000000E-01    -5.000000000E-01
     2741    -6.250000000E-02    -1.000000000E-01    -5.250000000E-01
     2742    -7.500000000E-02    -1.000000000E-01    -5.375000000E-01
     2743    -8.750000000E-02    -1.000000000E-01    -5.250000000E-01
     2744    -3.750000000E-02    -1.000000000E-01    -5.250000000E-01
     2745    -5.000000000E-02    -1.000000000E-01    -5.375000000E-01
     2746    -2.500000000E-02    -1.000000000E-01    -5.375000000E-01
     2747    -1.250000000E-02    -1.000000000E-01    -5.250000000E-01
     2748    -6.250000000E-02    -1.000000000E-01    -5.500000000E-01
     2749    -7.500000000E-02    -1.000000000E-01    -5.625000000E-01
     2750    -8.750000000E-02    -1.000000000E-01    -5.500000000E-01
     2751    -3.750000000E-02    -1.000000000E-01    -5.500000000E-01
     2752    -5.000000000E-02    -1.000000000E-01    -5.625000000E-01
     2753    -2.500000000E-02    -1.000000000E-01    -5.625000000E-01
     2754    -1.250000000E-02    -1.000000000E-01    -5.500000000E-01
     2755    -6.250000000E-02    -1.000000000E-01    -5.750000000E-01
     2756    -7.500000000E-02    -1.000000000E-01    -5.875000000E-01
     2757    -8.750000000E-02    -1.000000000E-01    -5.750000000E-01
     2758    -3.750000000E-02    -1.000000000E-01    -5.750000000E-01
     2759    -5.000000000E-02    -1.000000000E-01    -5.875000000E-01
     2760    -2.500000000E-02    -1.000000000E-01    -5.875000000E-01
     2761    -1.250000000E-02    -1.000000000E-01    -5.750000000E-01
     2762    -6.250000000E-02    -1.000000000E-01    -6.000000000E-01
     2763    -7.500000000E-02    -1.000000000E-01    -6.125000000E-01
     2764    -8.750000000E-02    -1.000000000E-01    -6.000000000E-01
     2765    -3.750000000E-02    -1.000000000E-01    -6.000000000E-01
     2766    -5.000000000E-02    -1.000000000E-01    -6.125000000E-01
     2767    -2.500000000E-02    -1.000000000E-01    -6.125000000E-01
     2768    -1.250000000E-02    -1.000000000E-01    -6.000000000E-01
     2769    -6.250000000E-02    -1.000000000E-01    -6.250000000E-01
     2770    -7.500000000E-02    -1.000000000E-01    -6.375000000E-01
     2771    -8.750000000E-02    -1.000000000E-01    -6.250000000E-01
     2772    -3.750000000E-02    -1.000000000E-01    -6.250000000E-01
     2773    -5.000000000E-02    -1.000000000E-01    -6.375000000E-01
     2774    -2.500000000E-02    -1.000000000E-01    -6.375000000E-01
     2775    -1.250000000E-02    -1.000000000E-01    -6.250000000E-01
     2776    -6.250000000E-02    -1.000000000E-01    -6.500000000E-01
     2777    -7.500000000E-02    -1.000000000E-01    -6.625000000E-01
     2778    -8.750000000E-02    -1.000000000E-01    -6.500000000E-01
     2779    -3.750000000E-02    -1.000000000E-01    -6.500000000E-01
     2780    -5.000000000E-02    -1.000000000E-01    -6.625000000E-01
     2781    -2.500000000E-02    -1.000000000E-01    -6.625000000E-01
     2782    -1.250000000E-02    -1.000000000E-01    -6.500000000E-01
     2783    -6.250000000E-02    -1.000000000E-01    -6.750000000E-01
     2784    -7.500000000E-02    -1.000000000E-01    -6.875000000E-01
     2785    -8.750000000E-02    -1.000000000E-01    -6.750000000E-01
     2786    -3.750000000E-02    -1.000000000E-01    -6.750000000E-01
     2787    -5.000000000E-02    -1.000000000E-01    -6.875000000E-01
     2788    -2.500000000E-02    -1.000000000E-01    -6.875000000E-01
     2789    -1.250000000E-02    -1.000000000E-01    -6.750000000E-01
     2790    -6.250000000E-02    -1.000000000E-01    -7.000000000E-01
     2791    -7.500000000E-02    -1.000000000E-01    -7.125000000E-01
     2792    -8.750000000E-02    -1.000000000E-01    -7.000000000E-01
     2793    -3.750000000E-02    -1.000000000E-01    -7.000000000E-01
     2794    -5.000000000E-02    -1.000000000E-01    -7.125000000E-01
     2795    -2.500000000E-02    -1.000000000E-01    -7.125000000E-01
     2796    -1.250000000E-02    -1.000000000E-01    -7.000000000E-01
     2797    -6.250000000E-02    -1.000000000E-01    -7.250000000E-01
     2798    -7.500000000E-02    -1.000000000E-01    -7.375000000E-01
     2799    -8.750000000E-02    -1.000000000E-01    -7.250000000E-01
     2800    -3.750000000E-02    -1.000000000E-01    -7.250000000E-01
     2801    -5.000000000E-02    -1.000000000E-01    -7.375000000E-01
     2802    -2.500000000E-02    -1.000000000E-01    -7.375000000E-01
     2803    -1.250000000E-02    -1.000000000E-01    -7.250000000E-01
     2804    -6.250000000E-02    -1.000000000E-01    -7.500000000E-01
     2805    -7.500000000E-02    -1.000000000E-01    -7.625000000E-01
     2806    -8.750000000E-02    -1.000000000E-01    -7.500000000E-01
     2807    -3.750000000E-02    -1.000000000E-01    -7.500000000E-01
     2808    -5.000000000E-02    -1.000000000E-01    -7.625000000E-01
     2809    -2.500000000E-02    -1.000000000E-01    -7.625000000E-01
     2810    -1.250000000E-02    -1.000000000E-01    -7.500000000E-01
     2811    -6.250000000E-02    -1.000000000E-01    -7.750000000E-01
     2812    -7.500000000E-02    -1.000000000E-01    -7.875000000E-01
     2813    -8.750000000E-02    -1.000000000E-01    -7.750000000E-01
     2814    -3.750000000E-02    -1.000000000E-01    -7.750000000E-01
     2815    -5.000000000E-02    -1.000000000E-01    -7.875000000E-01
     2816    -2.500000000E-02    -1.000000000E-01    -7.875000000E-01
     2817    -1.250000000E-02    -1.000000000E-01    -7.750000000E-01
     2818    -6.250000000E-02    -1.000000000E-01    -8.000000000E-01
     2819    -7.500000000E-02    -1.000000000E-01    -8.125000000E-01
     2820    -8.750000000E-02    -1.000000000E-01    -8.000000000E-01
     2821    -3.750000000E-02    -1.000000000E-01    -8.000000000E-01
     2822    -5.000000000E-02    -1.000000000E-01    -8.125000000E-01
     2823    -2.500000000E-02    -1.000000000E-01    -8.125000000E-01
     2824    -1.250000000E-02    -1.000000000E-01    -8.000000000E-01
     2825    -6.250000000E-02    -1.000000000E-01    -8.250000000E-01
     2826    -7.500000000E-02    -1.000000000E-01    -8.375000000E-01
     2827    -8.750000000E-02    -1.000000000E-01    -8.250000000E-01
     2828    -3.750000000E-02    -1.000000000E-01    -8.250000000E-01
     2829    -5.000000000E-02    -1.000000000E-01    -8.375000000E-01
     2830    -2.500000000E-02    -1.000000000E-01    -8.375000000E-01
     2831    -1.250000000E-02    -1.000000000E-01    -8.250000000E-01
     2832    -6.250000000E-02    -1.000000000E-01    -8.500000000E-01
     2833    -7.500000000E-02    -1.000000000E-01    -8.625000000E-01
     2834    -8.750000000E-02    -1.000000000E-01    -8.500000000E-01
     2835    -3.750000000E-02    -1.000000000E-01    -8.500000000E-01
     2836    -5.000000000E-02    -1.000000000E-01    -8.625000000E-01
     2837    -2.500000000E-02    -1.000000000E-01    -8.625000000E-01
     2838    -1.250000000E-02    -1.000000000E-01    -8.500000000E-01
     2839    -6.250000000E-02    -1.000000000E-01    -8.750000000E-01
     2840    -7.500000000E-02    -1.000000000E-01    -8.875000000E-01
     2841    -8.750000000E-02    -1.000000000E-01    -8.750000000E-01
     2842    -3.750000000E-02    -1.000000000E-01    -8.750000000E-01
     2843    -5.000000000E-02    -1.000000000E-01    -8.875000000E-01
     2844    -2.500000000E-02    -1.000000000E-01    -8.875000000E-01
     2845    -1.250000000E-02    -1.000000000E-01    -8.750000000E-01
     2846    -6.250000000E-02    -1.000000000E-01    -9.000000000E-01
     2847    -7.500000000E-02    -1.000000000E-01    -9.125000000E-01
     2848    -8.750000000E-02    -1.000000000E-01    -9.000000000E-01
     2849    -3.750000000E-02    -1.000000000E-01    -9.000000000E-01
     2850    -5.000000000E-02    -1.000000000E-01    -9.125000000E-01
     2851    -2.500000000E-02    -1.000000000E-01    -9.125000000E-01
     2852    -1.250000000E-02    -1.000000000E-01    -9.000000000E-01
     2853    -6.250000000E-02    -1.000000000E-01    -9.250000000E-01
     2854    -7.500000000E-02    -1.000000000E-01    -9.375000000E-01
     2855    -8.750000000E-02    -1.000000000E-01    -9.250000000E-01
     2856    -3.750000000E-02    -1.000000000E-01    -9.250000000E-01
     2857    -5.000000000E-02    -1.000000000E-01    -9.375000000E-01
     2858    -2.500000000E-02    -1.000000000E-01    -9.375000000E-01
     2859    -1.250000000E-02    -1.000000000E-01    -9.250000000E-01
     2860    -6.250000000E-02    -1.000000000E-01    -9.500000000E-01
     2861    -7.500000000E-02    -1.000000000E-01    -9.625000000E-01
     2862    -8.750000000E-02    -1.000000000E-01    -9.500000000E-01
     2863    -3.750000000E-02    -1.000000000E-01    -9.500000000E-01
     2864    -5.000000000E-02    -1.000000000E-01    -9.625000000E-01
     2865    -2.500000000E-02    -1.000000000E-01    -9.625000000E-01
     2866    -1.250000000E-02    -1.000000000E-01    -9.500000000E-01
     2867    -6.250000000E-02    -1.000000000E-01    -9.750000000E-01
     2868    -8.750000000E-02    -1.000000000E-01    -9.750000000E-01
     2869    -7.500000000E-02    -1.000000000E-01    -9.875000000E-01
     2870    -3.750000000E-02    -1.000000000E-01    -9.750000000E-01
     2871    -5.000000000E-02    -1.000000000E-01    -9.875000000E-01
     2872    -2.500000000E-02    -1.000000000E-01    -9.875000000E-01
     2873    -1.250000000E-02    -1.000000000E-01    -9.750000000E-01
     2874    -1.000000000E-01    -1.000000000E-01    -9.625000000E-01
     2875    -1.000000000E-01    -1.000000000E-01    -9.875000000E-01
     2876    -1.000000000E-01    -8.750000000E-02    -9.750000000E-01
     2877    -1.000000000E-01    -1.000000000E-01    -9.375000000E-01
     2878    -1.000000000E-01    -8.750000000E-02    -9.500000000E-01
     2879    -1.000000000E-01    -1.000000000E-01    -9.125000000E-01
     2880    -1.000000000E-01    -8.750000000E-02    -9.250000000E-01
     2881    -1.000000000E-01    -1.000000000E-01    -8.875000000E-01
     2882    -1.000000000E-01    -8.750000000E-02    -9.000000000E-01
     2883    -1.000000000E-01    -1.000000000E-01    -8.625000000E-01
     2884    -1.000000000E-01    -8.750000000E-02    -8.750000000E-01
     2885    -1.000000000E-01    -1.000000000E-01    -8.375000000E-01
     2886    -1.000000000E-01    -8.750000000E-02    -8.500000000E-01
     2887    -1.000000000E-01    -1.000000000E-01    -8.125000000E-01
     2888    -1.000000000E-01    -8.750000000E-02    -8.250000000E-01
     2889    -1.000000000E-01    -1.000000000E-01    -7.875000000E-01
     2890    -1.000000000E-01    -8.750000000E-02    -8.000000000E-01
     2891    -1.000000000E-01    -1.000000000E-01    -7.625000000E-01
     2892    -1.000000000E-01    -8.750000000E-02    -7.750000000E-01
     2893    -1.000000000E-01    -1.000000000E-01    -7.375000000E-01
     2894    -1.000000000E-01    -8.750000000E-02    -7.500000000E-01
     2895    -1.000000000E-01    -1.000000000E-01    -7.125000000E-01
     2896    -1.000000000E-01    -8.750000000E-02    -7.250000000E-01
     2897    -1.000000000E-01    -1.000000000E-01    -6.875000000E-01
     2898    -1.000000000E-01    -8.750000000E-02    -7.000000000E-01
     2899    -1.000000000E-01    -1.000000000E-01    -6.625000000E-01
     2900    -1.000000000E-01    -8.750000000E-02    -6.750000000E-01
     2901    -1.000000000E-01    -1.000000000E-01    -6.375000000E-01
     2902    -1.000000000E-01    -8.750000000E-02    -6.500000000E-01
     2903    -1.000000000E-01    -1.000000000E-01    -6.125000000E-01
     2904    -1.000000000E-01    -8.750000000E-02    -6.250000000E-01
     2905    -1.000000000E-01    -1.000000000E-01    -5.875000000E-01
     2906    -1.000000000E-01    -8.750000000E-02    -6.000000000E-01
     2907    -1.000000000E-01    -1.000000000E-01    -5.625000000E-01
     2908    -1.000000000E-01    -8.750000000E-02    -5.750000000E-01
     2909    -1.000000000E-01    -1.000000000E-01    -5.375000000E-01
     2910    -1.000000000E-01    -8.750000000E-02    -5.500000000E-01
     2911    -1.000000000E-01    -1.000000000E-01    -5.125000000E-01
     2912    -1.000000000E-01    -8.750000000E-02    -5.250000000E-01
     2913    -1.000000000E-01    -1.000000000E-01    -4.875000000E-01
     2914    -1.000000000E-01    -8.750000000E-02    -5.000000000E-01
     2915    -1.000000000E-01    -1.000000000E-01    -4.625000000E-01
     2916    -1.000000000E-01    -8.750000000E-02    -4.750000000E-01
     2917    -1.000000000E-01    -1.000000000E-01    -4.375000000E-01
     2918    -1.000000000E-01    -8.750000000E-02    -4.500000000E-01
     2919    -1.000000000E-01    -1.000000000E-01    -4.125000000E-01
     2920    -1.000000000E-01    -8.750000000E-02    -4.250000000E-01
     2921    -1.000000000E-01    -1.000000000E-01    -3.875000000E-01
     2922    -1.000000000E-01    -8.750000000E-02    -4.000000000E-01
     2923    -1.000000000E-01    -1.000000000E-01    -3.625000000E-01
     2924    -1.000000000E-01    -8.750000000E-02    -3.750000000E-01
     2925    -1.000000000E-01    -1.000000000E-01    -3.375000000E-01
     2926    -1.000000000E-01    -8.750000000E-02    -3.500000000E-01
     2927    -1.000000000E-01    -1.000000000E-01    -3.125000000E-01
     2928    -1.000000000E-01    -8.750000000E-02    -3.250000000E-01
     2929    -1.000000000E-01    -1.000000000E-01    -2.875000000E-01
     2930    -1.000000000E-01    -8.750000000E-02    -3.000000000E-01
     2931    -1.000000000E-01    -1.000000000E-01    -2.625000000E-01
     2932    -1.000000000E-01    -8.750000000E-02    -2.750000000E-01
     2933    -1.000000000E-01    -1.000000000E-01    -2.375000000E-01
     2934    -1.000000000E-01    -8.750000000E-02    -2.500000000E-01
     2935    -1.000000000E-01    -1.000000000E-01    -2.125000000E-01
     2936    -1.000000000E-01    -8.750000000E-02    -2.250000000E-01
     2937    -1.000000000E-01    -1.000000000E-01    -1.875000000E-01
     2938    -1.000000000E-01    -8.750000000E-02    -2.000000000E-01
     2939    -1.000000000E-01    -1.000000000E-01    -1.625000000E-01
     2940    -1.000000000E-01    -8.750000000E-02    -1.750000000E-01
     2941    -1.000000000E-01    -1.000000000E-01    -1.375000000E-01
     2942    -1.000000000E-01    -8.750000000E-02    -1.500000000E-01
     2943    -1.000000000E-01    -1.000000000E-01    -1.125000000E-01
     2944    -1.000000000E-01    -8.750000000E-02    -1.250000000E-01
     2945    -1.000000000E-01    -1.000000000E-01    -8.750000000E-02
     2946    -1.000000000E-01    -8.750000000E-02    -1.000000000E-01
     2947    -1.000000000E-01    -1.000000000E-01    -6.250000000E-02
     2948    -1.000000000E-01    -8.750000000E-02    -7.500000000E-02
     2949    -1.000000000E-01    -1.000000000E-01    -3.750000000E-02
     2950    -1.000000000E-01    -8.750000000E-02    -5.000000000E-02
     2951    -1.000000000E-01    -1.000000000E-01    -1.250000000E-02
     2952    -1.000000000E-01    -8.750000000E-02    -2.500000000E-02
     2953     0.000000000E+00    -1.000000000E-01    -8.625000000E-01
     2954     0.000000000E+00    -1.000000000E-01    -8.875000000E-01
     2955     0.000000000E+00    -8.750000000E-02    -8.750000000E-01
     2956     0.000000000E+00    -1.000000000E-01    -8.375000000E-01
     2957     0.000000000E+00    -8.750000000E-02    -8.500000000E-01
     2958     0.000000000E+00    -1.000000000E-01    -8.125000000E-01
     2959     0.000000000E+00    -8.750000000E-02    -8.250000000E-01
     2960     0.000000000E+00    -1.000000000E-01    -7.875000000E-01
     2961     0.000000000E+00    -8.750000000E-02    -8.000000000E-01
     2962     0.000000000E+00    -1.000000000E-01    -7.625000000E-01
     2963     0.000000000E+00    -8.750000000E-02    -7.750000000E-01
     2964     0.000000000E+00    -1.000000000E-01    -7.375000000E-01
     2965     0.000000000E+00    -8.750000000E-02    -7.500000000E-01
     2966     0.000000000E+00    -1.000000000E-01    -7.125000000E-01
     2967     0.000000000E+00    -8.750000000E-02    -7.250000000E-01
     2968     0.000000000E+00    -1.000000000E-01    -6.875000000E-01
     2969     0.000000000E+00    -8.750000000E-02    -7.000000000E-01
     2970     0.000000000E+00    -1.000000000E-01    -6.625000000E-01
     2971     0.000000000E+00    -8.750000000E-02    -6.750000000E-01
     2972     0.000000000E+00    -1.000000000E-01    -6.375000000E-01
     2973     0.000000000E+00    -8.750000000E-02    -6.500000000E-01
     2974     0.000000000E+00    -1.000000000E-01    -6.125000000E-01
     2975     0.000000000E+00    -8.750000000E-02    -6.250000000E-01
     2976     0.000000000E+00    -1.000000000E-01    -5.875000000E-01
     2977     0.000000000E+00    -8.750000000E-02    -6.000000000E-01
     2978     0.000000000E+00    -1.000000000E-01    -5.625000000E-01
     2979     0.000000000E+00    -8.750000000E-02    -5.750000000E-01
     2980     0.000000000E+00    -1.000000000E-01    -5.375000000E-01
     2981     0.000000000E+00    -8.750000000E-02    -5.500000000E-01
     2982     0.000000000E+00    -1.000000000E-01    -5.125000000E-01
     2983     0.000000000E+00    -8.750000000E-02    -5.250000000E-01
     2984     0.000000000E+00    -1.000000000E-01    -4.875000000E-01
     2985     0.000000000E+00    -8.750000000E-02    -5.000000000E-01
     2986     0.000000000E+00    -1.000000000E-01    -4.625000000E-01
     2987     0.000000000E+00    -8.750000000E-02    -4.750000000E-01
     2988     0.000000000E+00    -1.000000000E-01    -4.375000000E-01
     2989     0.000000000E+00    -8.750000000E-02    -4.500000000E-01
     2990     0.000000000E+00    -1.000000000E-01    -4.125000000E-01
     2991     0.000000000E+00    -8.750000000E-02    -4.250000000E-01
     2992     0.000000000E+00    -1.000000000E-01    -3.875000000E-01
     2993     0.000000000E+00    -8.750000000E-02    -4.000000000E-01
     2994     0.000000000E+00    -1.000000000E-01    -3.625000000E-01
     2995     0.000000000E+00    -8.750000000E-02    -3.750000000E-01
     2996     0.000000000E+00    -1.000000000E-01    -3.375000000E-01
     2997     0.000000000E+00    -8.750000000E-02    -3.500000000E-01
     2998     0.000000000E+00    -1.000000000E-01    -3.125000000E-01
     2999     0.000000000E+00    -8.750000000E-02    -3.250000000E-01
     3000     0.000000000E+00    -1.000000000E-01    -2.875000000E-01
     3001     0.000000000E+00    -8.750000000E-02    -3.000000000E-01
     3002     0.000000000E+00    -1.000000000E-01    -2.625000000E-01
     3003     0.000000000E+00    -8.750000000E-02    -2.750000000E-01
     3004     0.000000000E+00    -1.000000000E-01    -2.375000000E-01
     3005     0.000000000E+00    -8.750000000E-02    -2.500000000E-01
     3006     0.000000000E+00    -1.000000000E-01    -2.125000000E-01
     3007     0.000000000E+00    -8.750000000E-02    -2.250000000E-01
     3008     0.000000000E+00    -1.000000000E-01    -1.875000000E-01
     3009     0.000000000E+00    -8.750000000E-02    -2.000000000E-01
     3010     0.000000000E+00    -1.000000000E-01    -1.625000000E-01
     3011     0.000000000E+00    -8.750000000E-02    -1.750000000E-01
     3012     0.000000000E+00    -1.000000000E-01    -1.375000000E-01
     3013     0.000000000E+00    -8.750000000E-02    -1.500000000E-01
     3014     0.000000000E+00    -1.000000000E-01    -1.125000000E-01
     3015     0.000000000E+00    -8.750000000E-02    -1.250000000E-01
     3016     0.000000000E+00    -1.000000000E-01    -8.750000000E-02
     3017     0.000000000E+00    -8.750000000E-02    -1.000000000E-01
     3018     0.000000000E+00    -1.000000000E-01    -6.250000000E-02
     3019     0.000000000E+00    -8.750000000E-02    -7.500000000E-02
     3020     0.000000000E+00    -1.000000000E-01    -3.750000000E-02
     3021     0.000000000E+00    -8.750000000E-02    -5.000000000E-02
     3022     0.000000000E+00    -1.000000000E-01    -1.250000000E-02
     3023     0.000000000E+00    -8.750000000E-02    -2.500000000E-02
     3024    -3.750000000E-02    -1.000000000E-01    -1.000000000E+00
     3025    -1.250000000E-02    -1.000000000E-01    -1.000000000E+00
     3026    -2.500000000E-02    -8.750000000E-02    -1.000000000E+00
     3027    -6.250000000E-02    -1.000000000E-01    -1.000000000E+00
     3028    -5.000000000E-02    -8.750000000E-02    -1.000000000E+00
     3029    -8.750000000E-02    -1.000000000E-01    -1.000000000E+00
     3030    -7.500000000E-02    -8.750000000E-02    -1.000000000E+00
     3031    -1.000000000E-01    -8.750000000E-02    -1.000000000E+00
     3032    -1.250000000E-02    -1.000000000E-01     0.000000000E+00
     3033     0.000000000E+00    -8.750000000E-02     0.000000000E+00
     3034    -3.750000000E-02    -1.000000000E-01     0.000000000E+00
     3035    -2.500000000E-02    -8.750000000E-02     0.000000000E+00
     3036    -6.250000000E-02    -1.000000000E-01     0.000000000E+00
     3037    -5.000000000E-02    -8.750000000E-02     0.000000000E+00
     3038    -8.750000000E-02    -1.000000000E-01     0.000000000E+00
     3039    -7.500000000E-02    -8.750000000E-02     0.000000000E+00
     3040    -1.000000000E-01    -8.750000000E-02     0.000000000E+00
     3041     0.000000000E+00    -1.000000000E-01    -9.875000000E-01
     3042     0.000000000E+00    -8.750000000E-02    -1.000000000E+00
     3043     0.000000000E+00    -1.000000000E-01    -9.625000000E-01
     3044     0.000000000E+00    -8.750000000E-02    -9.750000000E-01
     3045     0.000000000E+00    -1.000000000E-01    -9.375000000E-01
     3046     0.000000000E+00    -8.750000000E-02    -9.500000000E-01
     3047     0.000000000E+00    -1.000000000E-01    -9.125000000E-01
     3048     0.000000000E+00    -8.750000000E-02    -9.250000000E-01
     3049     0.000000000E+00    -8.750000000E-02    -9.000000000E-01
     3050     0.000000000E+00    -6.250000000E-02    -9.250000000E-01
     3051     0.000000000E+00    -7.500000000E-02    -9.375000000E-01
     3052     0.000000000E+00    -7.500000000E-02    -9.125000000E-01
     3053     0.000000000E+00    -3.750000000E-02    -9.250000000E-01
     3054     0.000000000E+00    -5.000000000E-02    -9.375000000E-01
     3055     0.000000000E+00    -5.000000000E-02    -9.125000000E-01
     3056     0.000000000E+00    -2.500000000E-02    -9.375000000E-01
     3057     0.000000000E+00    -1.250000000E-02    -9.250000000E-01
     3058     0.000000000E+00    -2.500000000E-02    -9.125000000E-01
     3059     0.000000000E+00    -6.250000000E-02    -9.500000000E-01
     3060     0.000000000E+00    -7.500000000E-02    -9.625000000E-01
     3061     0.000000000E+00    -3.750000000E-02    -9.500000000E-01
     3062     0.000000000E+00    -5.000000000E-02    -9.625000000E-01
     3063     0.000000000E+00    -2.500000000E-02    -9.625000000E-01
     3064     0.000000000E+00    -1.250000000E-02    -9.500000000E-01
     3065     0.000000000E+00    -6.250000000E-02    -9.750000000E-01
     3066     0.000000000E+00    -7.500000000E-02    -9.875000000E-01
     3067     0.000000000E+00    -3.750000000E-02    -9.750000000E-01
     3068     0.000000000E+00    -5.000000000E-02    -9.875000000E-01
     3069     0.000000000E+00    -1.250000000E-02    -9.750000000E-01
     3070     0.000000000E+00    -2.500000000E-02    -9.875000000E-01
     3071     0.000000000E+00     0.000000000E+00    -9.375000000E-01
     3072     0.000000000E+00     0.000000000E+00    -9.125000000E-01
     3073     0.000000000E+00     0.000000000E+00    -9.625000000E-01
     3074     0.000000000E+00     0.000000000E+00    -9.875000000E-01
     3075     0.000000000E+00    -6.250000000E-02    -9.000000000E-01
     3076     0.000000000E+00    -7.500000000E-02    -8.875000000E-01
     3077     0.000000000E+00    -3.750000000E-02    -9.000000000E-01
     3078     0.000000000E+00    -5.000000000E-02    -8.875000000E-01
     3079     0.000000000E+00    -1.250000000E-02    -9.000000000E-01
     3080     0.000000000E+00    -2.500000000E-02    -8.875000000E-01
     3081     0.000000000E+00     0.000000000E+00    -8.875000000E-01
     3082     0.000000000E+00    -1.250000000E-02    -1.000000000E+00
     3083    -1.250000000E-02     0.000000000E+00    -1.000000000E+00
     3084     0.000000000E+00    -3.750000000E-02    -1.000000000E+00
     3085    -1.250000000E-02    -2.500000000E-02    -1.000000000E+00
     3086     0.000000000E+00    -6.250000000E-02    -1.000000000E+00
     3087    -1.250000000E-02    -5.000000000E-02    -1.000000000E+00
     3088    -1.250000000E-02    -7.500000000E-02    -1.000000000E+00
     3089    -2.500000000E-02    -3.750000000E-02     0.000000000E+00
     3090    -3.750000000E-02    -2.500000000E-02     0.000000000E+00
     3091    -2.500000000E-02    -1.250000000E-02     0.000000000E+00
     3092    -1.250000000E-02    -2.500000000E-02     0.000000000E+00
     3093    -2.500000000E-02    -6.250000000E-02     0.000000000E+00
     3094    -3.750000000E-02    -5.000000000E-02     0.000000000E+00
     3095    -1.250000000E-02    -5.000000000E-02     0.000000000E+00
     3096    -3.750000000E-02    -7.500000000E-02     0.000000000E+00
     3097    -1.250000000E-02    -7.500000000E-02     0.000000000E+00
     3098    -5.000000000E-02    -3.750000000E-02     0.000000000E+00
     3099    -6.250000000E-02    -2.500000000E-02     0.000000000E+00
     3100    -5.000000000E-02    -1.250000000E-02     0.000000000E+00
     3101    -5.000000000E-02    -6.250000000E-02     0.000000000E+00
     3102    -6.250000000E-02    -5.000000000E-02     0.000000000E+00
     3103    -6.250000000E-02    -7.500000000E-02     0.000000000E+00
     3104    -7.500000000E-02    -3.750000000E-02     0.000000000E+00
     3105    -7.500000000E-02    -1.250000000E-02     0.000000000E+00
     3106    -8.750000000E-02    -2.500000000E-02     0.000000000E+00
     3107    -7.500000000E-02    -6.250000000E-02     0.000000000E+00
     3108    -8.750000000E-02    -5.000000000E-02     0.000000000E+00
     3109    -8.750000000E-02    -7.500000000E-02     0.000000000E+00
     3110    -3.750000000E-02     0.000000000E+00     0.000000000E+00
     3111    -1.250000000E-02     0.000000000E+00     0.000000000E+00
     3112    -6.250000000E-02     0.000000000E+00     0.000000000E+00
     3113    -8.750000000E-02     0.000000000E+00     0.000000000E+00
     3114    -1.000000000E-01    -6.250000000E-02     0.000000000E+00
     3115    -1.000000000E-01    -7.500000000E-02    -1.250000000E-02
     3116    -1.000000000E-01    -3.750000000E-02     0.000000000E+00
     3117    -1.000000000E-01    -5.000000000E-02    -1.250000000E-02
     3118    -1.000000000E-01    -1.250000000E-02     0.000000000E+00
     3119    -1.000000000E-01    -2.500000000E-02    -1.250000000E-02
     3120    -1.000000000E-01     0.000000000E+00    -1.250000000E-02
     3121     0.000000000E+00    -1.250000000E-02     0.000000000E+00
     3122     0.000000000E+00     0.000000000E+00    -1.250000000E-02
     3123     0.000000000E+00    -3.750000000E-02     0.000000000E+00
     3124     0.000000000E+00    -2.500000000E-02    -1.250000000E-02
     3125     0.000000000E+00    -6.250000000E-02     0.000000000E+00
     3126     0.000000000E+00    -5.000000000E-02    -1.250000000E-02
     3127     0.000000000E+00    -7.500000000E-02    -1.250000000E-02
     3128    -6.250000000E-02    -7.500000000E-02    -1.000000000E+00
     3129    -7.500000000E-02    -6.250000000E-02    -1.000000000E+00
     3130    -8.750000000E-02    -7.500000000E-02    -1.000000000E+00
     3131    -3.750000000E-02    -7.500000000E-02    -1.000000000E+00
     3132    -5.000000000E-02    -6.250000000E-02    -1.000000000E+00
     3133    -2.500000000E-02    -6.250000000E-02    -1.000000000E+00
     3134    -6.250000000E-02    -5.000000000E-02    -1.000000000E+00
     3135    -7.500000000E-02    -3.750000000E-02    -1.000000000E+00
     3136    -8.750000000E-02    -5.000000000E-02    -1.000000000E+00
     3137    -3.750000000E-02    -5.000000000E-02    -1.000000000E+00
     3138    -5.000000000E-02    -3.750000000E-02    -1.000000000E+00
     3139    -2.500000000E-02    -3.750000000E-02    -1.000000000E+00
     3140    -6.250000000E-02    -2.500000000E-02    -1.000000000E+00
     3141    -7.500000000E-02    -1.250000000E-02    -1.000000000E+00
     3142    -8.750000000E-02    -2.500000000E-02    -1.000000000E+00
     3143    -3.750000000E-02    -2.500000000E-02    -1.000000000E+00
     3144    -5.000000000E-02    -1.250000000E-02    -1.000000000E+00
     3145    -2.500000000E-02    -1.250000000E-02    -1.000000000E+00
     3146    -3.750000000E-02     0.000000000E+00    -1.000000000E+00
     3147    -6.250000000E-02     0.000000000E+00    -1.000000000E+00
     3148    -8.750000000E-02     0.000000000E+00    -1.000000000E+00
     3149    -1.000000000E-01    -6.250000000E-02    -1.000000000E+00
     3150    -1.000000000E-01    -7.500000000E-02    -9.875000000E-01
     3151    -1.000000000E-01    -3.750000000E-02    -1.000000000E+00
     3152    -1.000000000E-01    -5.000000000E-02    -9.875000000E-01
     3153    -1.000000000E-01    -1.250000000E-02    -1.000000000E+00
     3154    -1.000000000E-01    -2.500000000E-02    -9.875000000E-01
     3155    -1.000000000E-01     0.000000000E+00    -9.875000000E-01
     3156     0.000000000E+00    -3.750000000E-02    -8.750000000E-01
     3157     0.000000000E+00    -2.500000000E-02    -8.625000000E-01
     3158     0.000000000E+00    -1.250000000E-02    -8.750000000E-01
     3159     0.000000000E+00    -6.250000000E-02    -8.750000000E-01
     3160     0.000000000E+00    -5.000000000E-02    -8.625000000E-01
     3161     0.000000000E+00    -7.500000000E-02    -8.625000000E-01
     3162     0.000000000E+00    -3.750000000E-02    -8.500000000E-01
     3163     0.000000000E+00    -2.500000000E-02    -8.375000000E-01
     3164     0.000000000E+00    -1.250000000E-02    -8.500000000E-01
     3165     0.000000000E+00    -6.250000000E-02    -8.500000000E-01
     3166     0.000000000E+00    -5.000000000E-02    -8.375000000E-01
     3167     0.000000000E+00    -7.500000000E-02    -8.375000000E-01
     3168     0.000000000E+00    -3.750000000E-02    -8.250000000E-01
     3169     0.000000000E+00    -2.500000000E-02    -8.125000000E-01
     3170     0.000000000E+00    -1.250000000E-02    -8.250000000E-01
     3171     0.000000000E+00    -6.250000000E-02    -8.250000000E-01
     3172     0.000000000E+00    -5.000000000E-02    -8.125000000E-01
     3173     0.000000000E+00    -7.500000000E-02    -8.125000000E-01
     3174     0.000000000E+00    -3.750000000E-02    -8.000000000E-01
     3175     0.000000000E+00    -2.500000000E-02    -7.875000000E-01
     3176     0.000000000E+00    -1.250000000E-02    -8.000000000E-01
     3177     0.000000000E+00    -6.250000000E-02    -8.000000000E-01
     3178     0.000000000E+00    -5.000000000E-02    -7.875000000E-01
     3179     0.000000000E+00    -7.500000000E-02    -7.875000000E-01
     3180     0.000000000E+00    -3.750000000E-02    -7.750000000E-01
     3181     0.000000000E+00    -2.500000000E-02    -7.625000000E-01
     3182     0.000000000E+00    -1.250000000E-02    -7.750000000E-01
     3183     0.000000000E+00    -6.250000000E-02    -7.750000000E-01
     3184     0.000000000E+00    -5.000000000E-02    -7.625000000E-01
     3185     0.000000000E+00    -7.500000000E-02    -7.625000000E-01
     3186     0.000000000E+00    -3.750000000E-02    -7.500000000E-01
     3187     0.000000000E+00    -2.500000000E-02    -7.375000000E-01
     3188     0.000000000E+00    -1.250000000E-02    -7.500000000E-01
     3189     0.000000000E+00    -6.250000000E-02    -7.500000000E-01
     3190     0.000000000E+00    -5.000000000E-02    -7.375000000E-01
     3191     0.000000000E+00    -7.500000000E-02    -7.375000000E-01
     3192     0.000000000E+00    -3.750000000E-02    -7.250000000E-01
     3193     0.000000000E+00    -2.500000000E-02    -7.125000000E-01
     3194     0.000000000E+00    -1.250000000E-02    -7.250000000E-01
     3195     0.000000000E+00    -6.250000000E-02    -7.250000000E-01
     3196     0.000000000E+00    -5.000000000E-02    -7.125000000E-01
     3197     0.000000000E+00    -7.500000000E-02    -7.125000000E-01
     3198     0.000000000E+00    -3.750000000E-02    -7.000000000E-01
     3199     0.000000000E+00    -2.500000000E-02    -6.875000000E-01
     3200     0.000000000E+00    -1.250000000E-02    -7.000000000E-01
     3201     0.000000000E+00    -6.250000000E-02    -7.000000000E-01
     3202     0.000000000E+00    -5.000000000E-02    -6.875000000E-01
     3203     0.000000000E+00    -7.500000000E-02    -6.875000000E-01
     3204     0.000000000E+00    -3.750000000E-02    -6.750000000E-01
     3205     0.000000000E+00    -2.500000000E-02    -6.625000000E-01
     3206     0.000000000E+00    -1.250000000E-02    -6.750000000E-01
     3207     0.000000000E+00    -6.250000000E-02    -6.750000000E-01
     3208     0.000000000E+00    -5.000000000E-02    -6.625000000E-01
     3209     0.000000000E+00    -7.500000000E-02    -6.625000000E-01
     3210     0.000000000E+00    -3.750000000E-02    -6.500000000E-01
     3211     0.000000000E+00    -2.500000000E-02    -6.375000000E-01
     3212     0.000000000E+00    -1.250000000E-02    -6.500000000E-01
     3213     0.000000000E+00    -6.250000000E-02    -6.500000000E-01
     3214     0.000000000E+00    -5.000000000E-02    -6.375000000E-01
     3215     0.000000000E+00    -7.500000000E-02    -6.375000000E-01
     3216     0.000000000E+00    -3.750000000E-02    -6.250000000E-01
     3217     0.000000000E+00    -2.500000000E-02    -6.125000000E-01
     3218     0.000000000E+00    -1.250000000E-02    -6.250000000E-01
     3219     0.000000000E+00    -6.250000000E-02    -6.250000000E-01
     3220     0.000000000E+00    -5.000000000E-02    -6.125000000E-01
     3221     0.000000000E+00    -7.500000000E-02    -6.125000000E-01
     3222     0.000000000E+00    -3.750000000E-02    -6.000000000E-01
     3223     0.000000000E+00    -2.500000000E-02    -5.875000000E-01
     3224     0.000000000E+00    -1.250000000E-02    -6.000000000E-01
     3225     0.000000000E+00    -6.250000000E-02    -6.000000000E-01
     3226     0.000000000E+00    -5.000000000E-02    -5.875000000E-01
     3227     0.000000000E+00    -7.500000000E-02    -5.875000000E-01
     3228     0.000000000E+00    -3.750000000E-02    -5.750000000E-01
     3229     0.000000000E+00    -2.500000000E-02    -5.625000000E-01
     3230     0.000000000E+00    -1.250000000E-02    -5.750000000E-01
     3231     0.000000000E+00    -6.250000000E-02    -5.750000000E-01
     3232     0.000000000E+00    -5.000000000E-02    -5.625000000E-01
     3233     0.000000000E+00    -7.500000000E-02    -5.625000000E-01
     3234     0.000000000E+00    -3.750000000E-02    -5.500000000E-01
     3235     0.000000000E+00    -2.500000000E-02    -5.375000000E-01
     3236     0.000000000E+00    -1.250000000E-02    -5.500000000E-01
     3237     0.000000000E+00    -6.250000000E-02    -5.500000000E-01
     3238     0.000000000E+00    -5.000000000E-02    -5.375000000E-01
     3239     0.000000000E+00    -7.500000000E-02    -5.375000000E-01
     3240     0.000000000E+00    -3.750000000E-02    -5.250000000E-01
     3241     0.000000000E+00    -2.500000000E-02    -5.125000000E-01
     3242     0.000000000E+00    -1.250000000E-02    -5.250000000E-01
     3243     0.000000000E+00    -6.250000000E-02    -5.250000000E-01
     3244     0.000000000E+00    -5.000000000E-02    -5.125000000E-01
     3245     0.000000000E+00    -7.500000000E-02    -5.125000000E-01
     3246     0.000000000E+00    -3.750000000E-02    -5.000000000E-01
     3247     0.000000000E+00    -2.500000000E-02    -4.875000000E-01
     3248     0.000000000E+00    -1.250000000E-02    -5.000000000E-01
     3249     0.000000000E+00    -6.250000000E-02    -5.000000000E-01
     3250     0.000000000E+00    -5.000000000E-02    -4.875000000E-01
     3251     0.000000000E+00    -7.500000000E-02    -4.875000000E-01
     3252     0.000000000E+00    -3.750000000E-02    -4.750000000E-01
     3253     0.000000000E+00    -2.500000000E-02    -4.625000000E-01
     3254     0.000000000E+00    -1.250000000E-02    -4.750000000E-01
     3255     0.000000000E+00    -6.250000000E-02    -4.750000000E-01
     3256     0.000000000E+00    -5.000000000E-02    -4.625000000E-01
     3257     0.000000000E+00    -7.500000000E-02    -4.625000000E-01
     3258     0.000000000E+00    -3.750000000E-02    -4.500000000E-01
     3259     0.000000000E+00    -2.500000000E-02    -4.375000000E-01
     3260     0.000000000E+00    -1.250000000E-02    -4.500000000E-01
     3261     0.000000000E+00    -6.250000000E-02    -4.500000000E-01
     3262     0.000000000E+00    -5.000000000E-02    -4.375000000E-01
     3263     0.000000000E+00    -7.500000000E-02    -4.375000000E-01
     3264     0.000000000E+00    -3.750000000E-02    -4.250000000E-01
     3265     0.000000000E+00    -2.500000000E-02    -4.125000000E-01
     3266     0.000000000E+00    -1.250000000E-02    -4.250000000E-01
     3267     0.000000000E+00    -6.250000000E-02    -4.250000000E-01
     3268     0.000000000E+00    -5.000000000E-02    -4.125000000E-01
     3269     0.000000000E+00    -7.500000000E-02    -4.125000000E-01
     3270     0.000000000E+00    -3.750000000E-02    -4.000000000E-01
     3271     0.000000000E+00    -2.500000000E-02    -3.875000000E-01
     3272     0.000000000E+00    -1.250000000E-02    -4.000000000E-01
     3273     0.000000000E+00    -6.250000000E-02    -4.000000000E-01
     3274     0.000000000E+00    -5.000000000E-02    -3.875000000E-01
     3275     0.000000000E+00    -7.500000000E-02    -3.875000000E-01
     3276     0.000000000E+00    -3.750000000E-02    -3.750000000E-01
     3277     0.000000000E+00    -2.500000000E-02    -3.625000000E-01
     3278     0.000000000E+00    -1.250000000E-02    -3.750000000E-01
     3279     0.000000000E+00    -6.250000000E-02    -3.750000000E-01
     3280     0.000000000E+00    -5.000000000E-02    -3.625000000E-01
     3281     0.000000000E+00    -7.500000000E-02    -3.625000000E-01
     3282     0.000000000E+00    -3.750000000E-02    -3.500000000E-01
     3283     0.000000000E+00    -2.500000000E-02    -3.375000000E-01
     3284     0.000000000E+00    -1.250000000E-02    -3.500000000E-01
     3285     0.000000000E+00    -6.250000000E-02    -3.500000000E-01
     3286     0.000000000E+00    -5.000000000E-02    -3.375000000E-01
     3287     0.000000000E+00    -7.500000000E-02    -3.375000000E-01
     3288     0.000000000E+00    -3.750000000E-02    -3.250000000E-01
     3289     0.000000000E+00    -2.500000000E-02    -3.125000000E-01
     3290     0.000000000E+00    -1.250000000E-02    -3.250000000E-01
     3291     0.000000000E+00    -6.250000000E-02    -3.250000000E-01
     3292     0.000000000E+00    -5.000000000E-02    -3.125000000E-01
     3293     0.000000000E+00    -7.500000000E-02    -3.125000000E-01
     3294     0.000000000E+00    -3.750000000E-02    -3.000000000E-01
     3295     0.000000000E+00    -2.500000000E-02    -2.875000000E-01
     3296     0.000000000E+00    -1.250000000E-02    -3.000000000E-01
     3297     0.000000000E+00    -6.250000000E-02    -3.000000000E-01
     3298     0.000000000E+00    -5.000000000E-02    -2.875000000E-01
     3299     0.000000000E+00    -7.500000000E-02    -2.875000000E-01
     3300     0.000000000E+00    -3.750000000E-02    -2.750000000E-01
     3301     0.000000000E+00    -2.500000000E-02    -2.625000000E-01
     3302     0.000000000E+00    -1.250000000E-02    -2.750000000E-01
     3303     0.000000000E+00    -6.250000000E-02    -2.750000000E-01
     3304     0.000000000E+00    -5.000000000E-02    -2.625000000E-01
     3305     0.000000000E+00    -7.500000000E-02    -2.625000000E-01
     3306     0.000000000E+00    -3.750000000E-02    -2.500000000E-01
     3307     0.000000000E+00    -2.500000000E-02    -2.375000000E-01
     3308     0.000000000E+00    -1.250000000E-02    -2.500000000E-01
     3309     0.000000000E+00    -6.250000000E-02    -2.500000000E-01
     3310     0.000000000E+00    -5.000000000E-02    -2.375000000E-01
     3311     0.000000000E+00    -7.500000000E-02    -2.375000000E-01
     3312     0.000000000E+00    -3.750000000E-02    -2.250000000E-01
     3313     0.000000000E+00    -2.500000000E-02    -2.125000000E-01
     3314     0.000000000E+00    -1.250000000E-02    -2.250000000E-01
     3315     0.000000000E+00    -6.250000000E-02    -2.250000000E-01
     3316     0.000000000E+00    -5.000000000E-02    -2.125000000E-01
     3317     0.000000000E+00    -7.500000000E-02    -2.125000000E-01
     3318     0.000000000E+00    -3.750000000E-02    -2.000000000E-01
     3319     0.000000000E+00    -2.500000000E-02    -1.875000000E-01
     3320     0.000000000E+00    -1.250000000E-02    -2.000000000E-01
     3321     0.000000000E+00    -6.250000000E-02    -2.000000000E-01
     3322     0.000000000E+00    -5.000000000E-02    -1.875000000E-01
     3323     0.000000000E+00    -7.500000000E-02    -1.875000000E-01
     3324     0.000000000E+00    -3.750000000E-02    -1.750000000E-01
     3325     0.000000000E+00    -2.500000000E-02    -1.625000000E-01
     3326     0.000000000E+00    -1.250000000E-02    -1.750000000E-01
     3327     0.000000000E+00    -6.250000000E-02    -1.750000000E-01
     3328     0.000000000E+00    -5.000000000E-02    -1.625000000E-01
     3329     0.000000000E+00    -7.500000000E-02    -1.625000000E-01
     3330     0.000000000E+00    -3.750000000E-02    -1.500000000E-01
     3331     0.000000000E+00    -2.500000000E-02    -1.375000000E-01
     3332     0.000000000E+00    -1.250000000E-02    -1.500000000E-01
     3333     0.000000000E+00    -6.250000000E-02    -1.500000000E-01
     3334     0.000000000E+00    -5.000000000E-02    -1.375000000E-01
     3335     0.000000000E+00    -7.500000000E-02    -1.375000000E-01
     3336     0.000000000E+00    -3.750000000E-02    -1.250000000E-01
     3337     0.000000000E+00    -2.500000000E-02    -1.125000000E-01
     3338     0.000000000E+00    -1.250000000E-02    -1.250000000E-01
     3339     0.000000000E+00    -6.250000000E-02    -1.250000000E-01
     3340     0.000000000E+00    -5.000000000E-02    -1.125000000E-01
     3341     0.000000000E+00    -7.500000000E-02    -1.125000000E-01
     3342     0.000000000E+00    -3.750000000E-02    -1.000000000E-01
     3343     0.000000000E+00    -2.500000000E-02    -8.750000000E-02
     3344     0.000000000E+00    -1.250000000E-02    -1.000000000E-01
     3345     0.000000000E+00    -6.250000000E-02    -1.000000000E-01
     3346     0.000000000E+00    -5.000000000E-02    -8.750000000E-02
     3347     0.000000000E+00    -7.500000000E-02    -8.750000000E-02
     3348     0.000000000E+00    -3.750000000E-02    -7.500000000E-02
     3349     0.000000000E+00    -2.500000000E-02    -6.250000000E-02
     3350     0.000000000E+00    -1.250000000E-02    -7.500000000E-02
     3351     0.000000000E+00    -6.250000000E-02    -7.500000000E-02
     3352     0.000000000E+00    -5.000000000E-02    -6.250000000E-02
     3353     0.000000000E+00    -7.500000000E-02    -6.250000000E-02
     3354     0.000000000E+00    -3.750000000E-02    -5.000000000E-02
     3355     0.000000000E+00    -2.500000000E-02    -3.750000000E-02
     3356     0.000000000E+00    -1.250000000E-02    -5.000000000E-02
     3357     0.000000000E+00    -6.250000000E-02    -5.000000000E-02
     3358     0.000000000E+00    -5.000000000E-02    -3.750000000E-02
     3359     0.000000000E+00    -7.500000000E-02    -3.750000000E-02
     3360     0.000000000E+00    -3.750000000E-02    -2.500000000E-02
     3361     0.000000000E+00    -1.250000000E-02    -2.500000000E-02
     3362     0.000000000E+00    -6.250000000E-02    -2.500000000E-02
     3363     0.000000000E+00     0.000000000E+00    -3.750000000E-02
     3364     0.000000000E+00     0.000000000E+00    -6.250000000E-02
     3365     0.000000000E+00     0.000000000E+00    -8.750000000E-02
     3366     0.000000000E+00     0.000000000E+00    -1.125000000E-01
     3367     0.000000000E+00     0.000000000E+00    -1.375000000E-01
     3368     0.000000000E+00     0.000000000E+00    -1.625000000E-01
     3369     0.000000000E+00     0.000000000E+00    -1.875000000E-01
     3370     0.000000000E+00     0.000000000E+00    -2.125000000E-01
     3371     0.000000000E+00     0.000000000E+00    -2.375000000E-01
     3372     0.000000000E+00     0.000000000E+00    -2.625000000E-01
     3373     0.000000000E+00     0.000000000E+00    -2.875000000E-01
     3374     0.000000000E+00     0.000000000E+00    -3.125000000E-01
     3375     0.000000000E+00     0.000000000E+00    -3.375000000E-01
     3376     0.000000000E+00     0.000000000E+00    -3.625000000E-01
     3377     0.000000000E+00     0.000000000E+00    -3.875000000E-01
     3378     0.000000000E+00     0.000000000E+00    -4.125000000E-01
     3379     0.000000000E+00     0.000000000E+00    -4.375000000E-01
     3380     0.000000000E+00     0.000000000E+00    -4.625000000E-01
     3381     0.000000000E+00     0.000000000E+00    -4.875000000E-01
     3382     0.000000000E+00     0.000000000E+00    -5.125000000E-01
     3383     0.000000000E+00     0.000000000E+00    -5.375000000E-01
     3384     0.000000000E+00     0.000000000E+00    -5.625000000E-01
     3385     0.000000000E+00     0.000000000E+00    -5.875000000E-01
     3386     0.000000000E+00     0.000000000E+00    -6.125000000E-01
     3387     0.000000000E+00     0.000000000E+00    -6.375000000E-01
     3388     0.000000000E+00     0.000000000E+00    -6.625000000E-01
     3389     0.000000000E+00     0.000000000E+00    -6.875000000E-01
     3390     0.000000000E+00     0.000000000E+00    -7.125000000E-01
     3391     0.000000000E+00     0.000000000E+00    -7.375000000E-01
     3392     0.000000000E+00     0.000000000E+00    -7.625000000E-01
     3393     0.000000000E+00     0.000000000E+00    -7.875000000E-01
     3394     0.000000000E+00     0.000000000E+00    -8.125000000E-01
     3395     0.000000000E+00     0.000000000E+00    -8.375000000E-01
     3396     0.000000000E+00     0.000000000E+00    -8.625000000E-01
     3397    -1.000000000E-01    -3.750000000E-02    -2.500000000E-02
     3398    -1.000000000E-01    -2.500000000E-02    -3.750000000E-02
     3399    -1.000000000E-01    -1.250000000E-02    -2.500000000E-02
     3400    -1.000000000E-01    -6.250000000E-02    -2.500000000E-02
     3401    -1.000000000E-01    -5.000000000E-02    -3.750000000E-02
     3402    -1.000000000E-01    -7.500000000E-02    -3.750000000E-02
     3403    -1.000000000E-01    -3.750000000E-02    -5.000000000E-02
     3404    -1.000000000E-01    -2.500000000E-02    -6.250000000E-02
     3405    -1.000000000E-01    -1.250000000E-02    -5.000000000E-02
     3406    -1.000000000E-01    -6.250000000E-02    -5.000000000E-02
     3407    -1.000000000E-01    -5.000000000E-02    -6.250000000E-02
     3408    -1.000000000E-01    -7.500000000E-02    -6.250000000E-02
     3409    -1.000000000E-01    -3.750000000E-02    -7.500000000E-02
     3410    -1.000000000E-01    -2.500000000E-02    -8.750000000E-02
     3411    -1.000000000E-01    -1.250000000E-02    -7.500000000E-02
     3412    -1.000000000E-01    -6.250000000E-02    -7.500000000E-02
     3413    -1.000000000E-01    -5.000000000E-02    -8.750000000E-02
     3414    -1.000000000E-01    -7.500000000E-02    -8.750000000E-02
     3415    -1.000000000E-01    -3.750000000E-02    -1.000000000E-01
     3416    -1.000000000E-01    -2.500000000E-02    -1.125000000E-01
     3417    -1.000000000E-01    -1.250000000E-02    -1.000000000E-01
     3418    -1.000000000E-01    -6.250000000E-02    -1.000000000E-01
     3419    -1.000000000E-01    -5.000000000E-02    -1.125000000E-01
     3420    -1.000000000E-01    -7.500000000E-02    -1.125000000E-01
     3421    -1.000000000E-01    -3.750000000E-02    -1.250000000E-01
     3422    -1.000000000E-01    -2.500000000E-02    -1.375000000E-01
     3423    -1.000000000E-01    -1.250000000E-02    -1.250000000E-01
     3424    -1.000000000E-01    -6.250000000E-02    -1.250000000E-01
     3425    -1.000000000E-01    -5.000000000E-02    -1.375000000E-01
     3426    -1.000000000E-01    -7.500000000E-02    -1.375000000E-01
     3427    -1.000000000E-01    -3.750000000E-02    -1.500000000E-01
     3428    -1.000000000E-01    -2.500000000E-02    -1.625000000E-01
     3429    -1.000000000E-01    -1.250000000E-02    -1.500000000E-01
     3430    -1.000000000E-01    -6.250000000E-02    -1.500000000E-01
     3431    -1.000000000E-01    -5.000000000E-02    -1.625000000E-01
     3432    -1.000000000E-01    -7.500000000E-02    -1.625000000E-01
     3433    -1.000000000E-01    -3.750000000E-02    -1.750000000E-01
     3434    -1.000000000E-01    -2.500000000E-02    -1.875000000E-01
     3435    -1.000000000E-01    -1.250000000E-02    -1.750000000E-01
     3436    -1.000000000E-01    -6.250000000E-02    -1.750000000E-01
     3437    -1.000000000E-01    -5.000000000E-02    -1.875000000E-01
     3438    -1.000000000E-01    -7.500000000E-02    -1.875000000E-01
     3439    -1.000000000E-01    -3.750000000E-02    -2.000000000E-01
     3440    -1.000000000E-01    -2.500000000E-02    -2.125000000E-01
     3441    -1.000000000E-01    -1.250000000E-02    -2.000000000E-01
     3442    -1.000000000E-01    -6.250000000E-02    -2.000000000E-01
     3443    -1.000000000E-01    -5.000000000E-02    -2.125000000E-01
     3444    -1.000000000E-01    -7.500000000E-02    -2.125000000E-01
     3445    -1.000000000E-01    -3.750000000E-02    -2.250000000E-01
     3446    -1.000000000E-01    -2.500000000E-02    -2.375000000E-01
     3447    -1.000000000E-01    -1.250000000E-02    -2.250000000E-01
     3448    -1.000000000E-01    -6.250000000E-02    -2.250000000E-01
     3449    -1.000000000E-01    -5.000000000E-02    -2.375000000E-01
     3450    -1.000000000E-01    -7.500000000E-02    -2.375000000E-01
     3451    -1.000000000E-01    -3.750000000E-02    -2.500000000E-01
     3452    -1.000000000E-01    -2.500000000E-02    -2.625000000E-01
     3453    -1.000000000E-01    -1.250000000E-02    -2.500000000E-01
     3454    -1.000000000E-01    -6.250000000E-02    -2.500000000E-01
     3455    -1.000000000E-01    -5.000000000E-02    -2.625000000E-01
     3456    -1.000000000E-01    -7.500000000E-02    -2.625000000E-01
     3457    -1.000000000E-01    -3.750000000E-02    -2.750000000E-01
     3458    -1.000000000E-01    -2.500000000E-02    -2.875000000E-01
     3459    -1.000000000E-01    -1.250000000E-02    -2.750000000E-01
     3460    -1.000000000E-01    -6.250000000E-02    -2.750000000E-01
     3461    -1.000000000E-01    -5.000000000E-02    -2.875000000E-01
     3462    -1.000000000E-01    -7.500000000E-02    -2.875000000E-01
     3463    -1.000000000E-01    -3.750000000E-02    -3.000000000E-01
     3464    -1.000000000E-01    -2.500000000E-02    -3.125000000E-01
     3465    -1.000000000E-01    -1.250000000E-02    -3.000000000E-01
     3466    -1.000000000E-01    -6.250000000E-02    -3.000000000E-01
     3467    -1.000000000E-01    -5.000000000E-02    -3.125000000E-01
     3468    -1.000000000E-01    -7.500000000E-02    -3.125000000E-01
     3469    -1.000000000E-01    -3.750000000E-02    -3.250000000E-01
     3470    -1.000000000E-01    -2.500000000E-02    -3.375000000E-01
     3471    -1.000000000E-01    -1.250000000E-02    -3.250000000E-01
     3472    -1.000000000E-01    -6.250000000E-02    -3.250000000E-01
     3473    -1.000000000E-01    -5.000000000E-02    -3.375000000E-01
     3474    -1.000000000E-01    -7.500000000E-02    -3.375000000E-01
     3475    -1.000000000E-01    -3.750000000E-02    -3.500000000E-01
     3476    -1.000000000E-01    -2.500000000E-02    -3.625000000E-01
     3477    -1.000000000E-01    -1.250000000E-02    -3.500000000E-01
     3478    -1.000000000E-01    -6.250000000E-02    -3.500000000E-01
     3479    -1.000000000E-01    -5.000000000E-02    -3.625000000E-01
     3480    -1.000000000E-01    -7.500000000E-02    -3.625000000E-01
     3481    -1.000000000E-01    -3.750000000E-02    -3.750000000E-01
     3482    -1.000000000E-01    -2.500000000E-02    -3.875000000E-01
     3483    -1.000000000E-01    -1.250000000E-02    -3.750000000E-01
     3484    -1.000000000E-01    -6.250000000E-02    -3.750000000E-01
     3485    -1.000000000E-01    -5.000000000E-02    -3.875000000E-01
     3486    -1.000000000E-01    -7.500000000E-02    -3.875000000E-01
     3487    -1.000000000E-01    -3.750000000E-02    -4.000000000E-01
     3488    -1.000000000E-01    -2.500000000E-02    -4.125000000E-01
     3489    -1.000000000E-01    -1.250000000E-02    -4.000000000E-01
     3490    -1.000000000E-01    -6.250000000E-02    -4.000000000E-01
     3491    -1.000000000E-01    -5.000000000E-02    -4.125000000E-01
     3492    -1.000000000E-01    -7.500000000E-02    -4.125000000E-01
     3493    -1.000000000E-01    -3.750000000E-02    -4.250000000E-01
     3494    -1.000000000E-01    -2.500000000E-02    -4.375000000E-01
     3495    -1.000000000E-01    -1.250000000E-02    -4.250000000E-01
     3496    -1.000000000E-01    -6.250000000E-02    -4.250000000E-01
     3497    -1.000000000E-01    -5.000000000E-02    -4.375000000E-01
     3498    -1.000000000E-01    -7.500000000E-02    -4.375000000E-01
     3499    -1.000000000E-01    -3.750000000E-02    -4.500000000E-01
     3500    -1.000000000E-01    -2.500000000E-02    -4.625000000E-01
     3501    -1.000000000E-01    -1.250000000E-02    -4.500000000E-01
     3502    -1.000000000E-01    -6.250000000E-02    -4.500000000E-01
     3503    -1.000000000E-01    -5.000000000E-02    -4.625000000E-01
     3504    -1.000000000E-01    -7.500000000E-02    -4.625000000E-01
     3505    -1.000000000E-01    -3.750000000E-02    -4.750000000E-01
     3506    -1.000000000E-01    -2.500000000E-02    -4.875000000E-01
     3507    -1.000000000E-01    -1.250000000E-02    -4.750000000E-01
     3508    -1.000000000E-01    -6.250000000E-02    -4.750000000E-01
     3509    -1.000000000E-01    -5.000000000E-02    -4.875000000E-01
     3510    -1.000000000E-01    -7.500000000E-02    -4.875000000E-01
     3511    -1.000000000E-01    -3.750000000E-02    -5.000000000E-01
     3512    -1.000000000E-01    -2.500000000E-02    -5.125000000E-01
     3513    -1.000000000E-01    -1.250000000E-02    -5.000000000E-01
     3514    -1.000000000E-01    -6.250000000E-02    -5.000000000E-01
     3515    -1.000000000E-01    -5.000000000E-02    -5.125000000E-01
     3516    -1.000000000E-01    -7.500000000E-02    -5.125000000E-01
     3517    -1.000000000E-01    -3.750000000E-02    -5.250000000E-01
     3518    -1.000000000E-01    -2.500000000E-02    -5.375000000E-01
     3519    -1.000000000E-01    -1.250000000E-02    -5.250000000E-01
     3520    -1.000000000E-01    -6.250000000E-02    -5.250000000E-01
     3521    -1.000000000E-01    -5.000000000E-02    -5.375000000E-01
     3522    -1.000000000E-01    -7.500000000E-02    -5.375000000E-01
     3523    -1.000000000E-01    -3.750000000E-02    -5.500000000E-01
     3524    -1.000000000E-01    -2.500000000E-02    -5.625000000E-01
     3525    -1.000000000E-01    -1.250000000E-02    -5.500000000E-01
     3526    -1.000000000E-01    -6.250000000E-02    -5.500000000E-01
     3527    -1.000000000E-01    -5.000000000E-02    -5.625000000E-01
     3528    -1.000000000E-01    -7.500000000E-02    -5.625000000E-01
     3529    -1.000000000E-01    -3.750000000E-02    -5.750000000E-01
     3530    -1.000000000E-01    -2.500000000E-02    -5.875000000E-01
     3531    -1.000000000E-01    -1.250000000E-02    -5.750000000E-01
     3532    -1.000000000E-01    -6.250000000E-02    -5.750000000E-01
     3533    -1.000000000E-01    -5.000000000E-02    -5.875000000E-01
     3534    -1.000000000E-01    -7.500000000E-02    -5.875000000E-01
     3535    -1.000000000E-01    -3.750000000E-02    -6.000000000E-01
     3536    -1.000000000E-01    -2.500000000E-02    -6.125000000E-01
     3537    -1.000000000E-01    -1.250000000E-02    -6.000000000E-01
     3538    -1.000000000E-01    -6.250000000E-02    -6.000000000E-01
     3539    -1.000000000E-01    -5.000000000E-02    -6.125000000E-01
     3540    -1.000000000E-01    -7.500000000E-02    -6.125000000E-01
     3541    -1.000000000E-01    -3.750000000E-02    -6.250000000E-01
     3542    -1.000000000E-01    -2.500000000E-02    -6.375000000E-01
     3543    -1.000000000E-01    -1.250000000E-02    -6.250000000E-01
     3544    -1.000000000E-01    -6.250000000E-02    -6.250000000E-01
     3545    -1.000000000E-01    -5.000000000E-02    -6.375000000E-01
     3546    -1.000000000E-01    -7.500000000E-02    -6.375000000E-01
     3547    -1.000000000E-01    -3.750000000E-02    -6.500000000E-01
     3548    -1.000000000E-01    -2.500000000E-02    -6.625000000E-01
     3549    -1.000000000E-01    -1.250000000E-02    -6.500000000E-01
     3550    -1.000000000E-01    -6.250000000E-02    -6.500000000E-01
     3551    -1.000000000E-01    -5.000000000E-02    -6.625000000E-01
     3552    -1.000000000E-01    -7.500000000E-02    -6.625000000E-01
     3553    -1.000000000E-01    -3.750000000E-02    -6.750000000E-01
     3554    -1.000000000E-01    -2.500000000E-02    -6.875000000E-01
     3555    -1.000000000E-01    -1.250000000E-02    -6.750000000E-01
     3556    -1.000000000E-01    -6.250000000E-02    -6.750000000E-01
     3557    -1.000000000E-01    -5.000000000E-02    -6.875000000E-01
     3558    -1.000000000E-01    -7.500000000E-02    -6.875000000E-01
     3559    -1.000000000E-01    -3.750000000E-02    -7.000000000E-01
     3560    -1.000000000E-01    -2.500000000E-02    -7.125000000E-01
     3561    -1.000000000E-01    -1.250000000E-02    -7.000000000E-01
     3562    -1.000000000E-01    -6.250000000E-02    -7.000000000E-01
     3563    -1.000000000E-01    -5.000000000E-02    -7.125000000E-01
     3564    -1.000000000E-01    -7.500000000E-02    -7.125000000E-01
     3565    -1.000000000E-01    -3.750000000E-02    -7.250000000E-01
     3566    -1.000000000E-01    -2.500000000E-02    -7.375000000E-01
     3567    -1.000000000E-01    -1.250000000E-02    -7.250000000E-01
     3568    -1.000000000E-01    -6.250000000E-02    -7.250000000E-01
     3569    -1.000000000E-01    -5.000000000E-02    -7.375000000E-01
     3570    -1.000000000E-01    -7.500000000E-02    -7.375000000E-01
     3571    -1.000000000E-01    -3.750000000E-02    -7.500000000E-01
     3572    -1.000000000E-01    -2.500000000E-02    -7.625000000E-01
     3573    -1.000000000E-01    -1.250000000E-02    -7.500000000E-01
     3574    -1.000000000E-01    -6.250000000E-02    -7.500000000E-01
     3575    -1.000000000E-01    -5.000000000E-02    -7.625000000E-01
     3576    -1.000000000E-01    -7.500000000E-02    -7.625000000E-01
     3577    -1.000000000E-01    -3.750000000E-02    -7.750000000E-01
     3578    -1.000000000E-01    -2.500000000E-02    -7.875000000E-01
     3579    -1.000000000E-01    -1.250000000E-02    -7.750000000E-01
     3580    -1.000000000E-01    -6.250000000E-02    -7.750000000E-01
     3581    -1.000000000E-01    -5.000000000E-02    -7.875000000E-01
     3582    -1.000000000E-01    -7.500000000E-02    -7.875000000E-01
     3583    -1.000000000E-01    -3.750000000E-02    -8.000000000E-01
     3584    -1.000000000E-01    -2.500000000E-02    -8.125000000E-01
     3585    -1.000000000E-01    -1.250000000E-02    -8.000000000E-01
     3586    -1.000000000E-01    -6.250000000E-02    -8.000000000E-01
     3587    -1.000000000E-01    -5.000000000E-02    -8.125000000E-01
     3588    -1.000000000E-01    -7.500000000E-02    -8.125000000E-01
     3589    -1.000000000E-01    -3.750000000E-02    -8.250000000E-01
     3590    -1.000000000E-01    -2.500000000E-02    -8.375000000E-01
     3591    -1.000000000E-01    -1.250000000E-02    -8.250000000E-01
     3592    -1.000000000E-01    -6.250000000E-02    -8.250000000E-01
     3593    -1.000000000E-01    -5.000000000E-02    -8.375000000E-01
     3594    -1.000000000E-01    -7.500000000E-02    -8.375000000E-01
     3595    -1.000000000E-01    -3.750000000E-02    -8.500000000E-01
     3596    -1.000000000E-01    -2.500000000E-02    -8.625000000E-01
     3597    -1.000000000E-01    -1.250000000E-02    -8.500000000E-01
     3598    -1.000000000E-01    -6.250000000E-02    -8.500000000E-01
     3599    -1.000000000E-01    -5.000000000E-02    -8.625000000E-01
     3600    -1.000000000E-01    -7.500000000E-02    -8.625000000E-01
     3601    -1.000000000E-01    -3.750000000E-02    -8.750000000E-01
     3602    -1.000000000E-01    -2.500000000E-02    -8.875000000E-01
     3603    -1.000000000E-01    -1.250000000E-02    -8.750000000E-01
     3604    -1.000000000E-01    -6.250000000E-02    -8.750000000E-01
     3605    -1.000000000E-01    -5.000000000E-02    -8.875000000E-01
     3606    -1.000000000E-01    -7.500000000E-02    -8.875000000E-01
     3607    -1.000000000E-01    -3.750000000E-02    -9.000000000E-01
     3608    -1.000000000E-01    -2.500000000E-02    -9.125000000E-01
     3609    -1.000000000E-01    -1.250000000E-02    -9.000000000E-01
     3610    -1.000000000E-01    -6.250000000E-02    -9.000000000E-01
     3611    -1.000000000E-01    -5.000000000E-02    -9.125000000E-01
     3612    -1.000000000E-01    -7.500000000E-02    -9.125000000E-01
     3613    -1.000000000E-01    -3.750000000E-02    -9.250000000E-01
     3614    -1.000000000E-01    -2.500000000E-02    -9.375000000E-01
     3615    -1.000000000E-01    -1.250000000E-02    -9.250000000E-01
     3616    -1.000000000E-01    -6.250000000E-02    -9.250000000E-01
     3617    -1.000000000E-01    -5.000000000E-02    -9.375000000E-01
     3618    -1.000000000E-01    -7.500000000E-02    -9.375000000E-01
     3619    -1.000000000E-01    -3.750000000E-02    -9.500000000E-01
     3620    -1.000000000E-01    -2.500000000E-02    -9.625000000E-01
     3621    -1.000000000E-01    -1.250000000E-02    -9.500000000E-01
     3622    -1.000000000E-01    -6.250000000E-02    -9.500000000E-01
     3623    -1.000000000E-01    -5.000000000E-02    -9.625000000E-01
     3624    -1.000000000E-01    -7.500000000E-02    -9.625000000E-01
     3625    -1.000000000E-01    -3.750000000E-02    -9.750000000E-01
     3626    -1.000000000E-01    -1.250000000E-02    -9.750000000E-01
     3627    -1.000000000E-01    -6.250000000E-02    -9.750000000E-01
     3628    -1.000000000E-01     0.000000000E+00    -3.750000000E-02
     3629    -1.000000000E-01     0.000000000E+00    -6.250000000E-02
     3630    -1.000000000E-01     0.000000000E+00    -8.750000000E-02
     3631    -1.000000000E-01     0.000000000E+00    -1.125000000E-01
     3632    -1.000000000E-01     0.000000000E+00    -1.375000000E-01
     3633    -1.000000000E-01     0.000000000E+00    -1.625000000E-01
     3634    -1.000000000E-01     0.000000000E+00    -1.875000000E-01
     3635    -1.000000000E-01     0.000000000E+00    -2.125000000E-01
     3636    -1.000000000E-01     0.000000000E+00    -2.375000000E-01
     3637    -1.000000000E-01     0.000000000E+00    -2.625000000E-01
     3638    -1.000000000E-01     0.000000000E+00    -2.875000000E-01
     3639    -1.000000000E-01     0.000000000E+00    -3.125000000E-01
     3640    -1.000000000E-01     0.000000000E+00    -3.375000000E-01
     3641    -1.000000000E-01     0.000000000E+00    -3.625000000E-01
     3642    -1.000000000E-01     0.000000000E+00    -3.875000000E-01
     3643    -1.000000000E-01     0.000000000E+00    -4.125000000E-01
     3644    -1.000000000E-01     0.000000000E+00    -4.375000000E-01
     3645    -1.000000000E-01     0.000000000E+00    -4.625000000E-01
     3646    -1.000000000E-01     0.000000000E+00    -4.875000000E-01
     3647    -1.000000000E-01     0.000000000E+00    -5.125000000E-01
     3648    -1.000000000E-01     0.000000000E+00    -5.375000000E-01
     3649    -1.000000000E-01     0.000000000E+00    -5.625000000E-01
     3650    -1.000000000E-01     0.000000000E+00    -5.875000000E-01
     3651    -1.000000000E-01     0.000000000E+00    -6.125000000E-01
     3652    -1.000000000E-01     0.000000000E+00    -6.375000000E-01
     3653    -1.000000000E-01     0.000000000E+00    -6.625000000E-01
     3654    -1.000000000E-01     0.000000000E+00    -6.875000000E-01
     3655    -1.000000000E-01     0.000000000E+00    -7.125000000E-01
     3656    -1.000000000E-01     0.000000000E+00    -7.375000000E-01
     3657    -1.000000000E-01     0.000000000E+00    -7.625000000E-01
     3658    -1.000000000E-01     0.000000000E+00    -7.875000000E-01
     3659    -1.000000000E-01     0.000000000E+00    -8.125000000E-01
     3660    -1.000000000E-01     0.000000000E+00    -8.375000000E-01
     3661    -1.000000000E-01     0.000000000E+00    -8.625000000E-01
     3662    -1.000000000E-01     0.000000000E+00    -8.875000000E-01
     3663    -1.000000000E-01     0.000000000E+00    -9.125000000E-01
     3664    -1.000000000E-01     0.000000000E+00    -9.375000000E-01
     3665    -1.000000000E-01     0.000000000E+00    -9.625000000E-01
-1
/wb,elem,start            !  set before creation of elements
/com,*********** Elements for Body 1 'SYS\Solid' ***********
et,1,186
keyo,1,2,1          ! set full integration on SOLID186
eblock,19,solid,,640
(19i9)
        1        1        1        1        0        0        0        0       20        0        1        1      870      708      700      468      987      709      705
     1031     3119     3106     1030     2597     3120     3113     2596     1029     3399     3118     3105
        1        1        1        1        0        0        0        0       20        0        2        1      700      708      870        2      701      707      871
     1030     3106     3119     1031     1035     3108     3117     1036     1026     3104     3116     3397
        1        1        1        1        0        0        0        0       20        0        3        2      701      707      871        3      702      706      872
     1035     3108     3117     1036     1040     3109     3115     1041     1032     3107     3114     3400
        1        1        1        1        0        0        0        0       20        0        4        3      702      706      872      469      667      668      624
     1040     3109     3115     1041     2601     3038     2951     2600     1039     3039     3040     2952
        1        1        1        1        0        0        0        0       20        0        5        1       10      873      870      468      465      988      987
     1028     1072     3398     1031     2589     2590     3628     2597     1029     1071     3405     3399
        1        1        1        1        0        0        0        0       20        0        6        1      870      873       10        2      871      874       11
     1031     3398     1072     1028     1036     3401     1076     1034     1026     3397     3403     1068
        1        1        1        1        0        0        0        0       20        0        7        2      871      874       11        3      872      875       12
     1036     3401     1076     1034     1041     3402     1080     1038     1032     3400     3406     1073
        1        1        1        1        0        0        0        0       20        0        8        3      872      875       12      469      624      623      472
     1041     3402     1080     1038     2600     2949     2610     2599     1039     2952     2950     1079
        1        1        1        1        0        0        0        0       20        0        9       10       19      876      873      465      462      989      988
     1070     1105     3404     1072     2582     2583     3629     2590     1071     1104     3411     3405
        1        1        1        1        0        0        0        0       20        0       10       10      873      876       19       11      874      877       20
     1072     3404     1105     1070     1076     3407     1109     1075     1068     3403     3409     1101
        1        1        1        1        0        0        0        0       20        0       11       11      874      877       20       12      875      878       21
     1076     3407     1109     1075     1080     3408     1113     1078     1073     3406     3412     1106
        1        1        1        1        0        0        0        0       20        0       12       12      875      878       21      472      623      622      475
     1080     3408     1113     1078     2610     2947     2617     2609     1079     2950     2948     1112
        1        1        1        1        0        0        0        0       20        0       13       19       28      879      876      462      459      990      989
     1103     1138     3410     1105     2575     2576     3630     2583     1104     1137     3417     3411
        1        1        1        1        0        0        0        0       20        0       14       19      876      879       28       20      877      880       29
     1105     3410     1138     1103     1109     3413     1142     1108     1101     3409     3415     1134
        1        1        1        1        0        0        0        0       20        0       15       20      877      880       29       21      878      881       30
     1109     3413     1142     1108     1113     3414     1146     1111     1106     3412     3418     1139
        1        1        1        1        0        0        0        0       20        0       16       21      878      881       30      475      622      621      478
     1113     3414     1146     1111     2617     2945     2624     2616     1112     2948     2946     1145
        1        1        1        1        0        0        0        0       20        0       17       28       37      882      879      459      456      991      990
     1136     1171     3416     1138     2568     2569     3631     2576     1137     1170     3423     3417
        1        1        1        1        0        0        0        0       20        0       18       28      879      882       37       29      880      883       38
     1138     3416     1171     1136     1142     3419     1175     1141     1134     3415     3421     1167
        1        1        1        1        0        0        0        0       20        0       19       29      880      883       38       30      881      884       39
     1142     3419     1175     1141     1146     3420     1179     1144     1139     3418     3424     1172
        1        1        1        1        0        0        0        0       20        0       20       30      881      884       39      478      621      620      481
     1146     3420     1179     1144     2624     2943     2631     2623     1145     2946     2944     1178
        1        1        1        1        0        0        0        0       20        0       21       37       46      885      882      456      453      992      991
     1169     1204     3422     1171     2561     2562     3632     2569     1170     1203     3429     3423
        1        1        1        1        0        0        0        0       20        0       22       37      882      885       46       38      883      886       47
     1171     3422     1204     1169     1175     3425     1208     1174     1167     3421     3427     1200
        1        1        1        1        0        0        0        0       20        0       23       38      883      886       47       39      884      887       48
     1175     3425     1208     1174     1179     3426     1212     1177     1172     3424     3430     1205
        1        1        1        1        0        0        0        0       20        0       24       39      884      887       48      481      620      619      484
     1179     3426     1212     1177     2631     2941     2638     2630     1178     2944     2942     1211
        1        1        1        1        0        0        0        0       20        0       25       46       55      888      885      453      450      993      992
     1202     1237     3428     1204     2554     2555     3633     2562     1203     1236     3435     3429
        1        1        1        1        0        0        0        0       20        0       26       46      885      888       55       47      886      889       56
     1204     3428     1237     1202     1208     3431     1241     1207     1200     3427     3433     1233
        1        1        1        1        0        0        0        0       20        0       27       47      886      889       56       48      887      890       57
     1208     3431     1241     1207     1212     3432     1245     1210     1205     3430     3436     1238
        1        1        1        1        0        0        0        0       20        0       28       48      887      890       57      484      619      618      487
     1212     3432     1245     1210     2638     2939     2645     2637     1211     2942     2940     1244
        1        1        1        1        0        0        0        0       20        0       29       55       64      891      888      450      447      994      993
     1235     1270     3434     1237     2547     2548     3634     2555     1236     1269     3441     3435
        1        1        1        1        0        0        0        0       20        0       30       55      888      891       64       56      889      892       65
     1237     3434     1270     1235     1241     3437     1274     1240     1233     3433     3439     1266
        1        1        1        1        0        0        0        0       20        0       31       56      889      892       65       57      890      893       66
     1241     3437     1274     1240     1245     3438     1278     1243     1238     3436     3442     1271
        1        1        1        1        0        0        0        0       20        0       32       57      890      893       66      487      618      617      490
     1245     3438     1278     1243     2645     2937     2652     2644     1244     2940     2938     1277
        1        1        1        1        0        0        0        0       20        0       33       64       73      894      891      447      444      995      994
     1268     1303     3440     1270     2540     2541     3635     2548     1269     1302     3447     3441
        1        1        1        1        0        0        0        0       20        0       34       64      891      894       73       65      892      895       74
     1270     3440     1303     1268     1274     3443     1307     1273     1266     3439     3445     1299
        1        1        1        1        0        0        0        0       20        0       35       65      892      895       74       66      893      896       75
     1274     3443     1307     1273     1278     3444     1311     1276     1271     3442     3448     1304
        1        1        1        1        0        0        0        0       20        0       36       66      893      896       75      490      617      616      493
     1278     3444     1311     1276     2652     2935     2659     2651     1277     2938     2936     1310
        1        1        1        1        0        0        0        0       20        0       37       73       82      897      894      444      441      996      995
     1301     1336     3446     1303     2533     2534     3636     2541     1302     1335     3453     3447
        1        1        1        1        0        0        0        0       20        0       38       73      894      897       82       74      895      898       83
     1303     3446     1336     1301     1307     3449     1340     1306     1299     3445     3451     1332
        1        1        1        1        0        0        0        0       20        0       39       74      895      898       83       75      896      899       84
     1307     3449     1340     1306     1311     3450     1344     1309     1304     3448     3454     1337
        1        1        1        1        0        0        0        0       20        0       40       75      896      899       84      493      616      615      496
     1311     3450     1344     1309     2659     2933     2666     2658     1310     2936     2934     1343
        1        1        1        1        0        0        0        0       20        0       41       82       91      900      897      441      438      997      996
     1334     1369     3452     1336     2526     2527     3637     2534     1335     1368     3459     3453
        1        1        1        1        0        0        0        0       20        0       42       82      897      900       91       83      898      901       92
     1336     3452     1369     1334     1340     3455     1373     1339     1332     3451     3457     1365
        1        1        1        1        0        0        0        0       20        0       43       83      898      901       92       84      899      902       93
     1340     3455     1373     1339     1344     3456     1377     1342     1337     3454     3460     1370
        1        1        1        1        0        0        0        0       20        0       44       84      899      902       93      496      615      614      499
     1344     3456     1377     1342     2666     2931     2673     2665     1343     2934     2932     1376
        1        1        1        1        0        0        0        0       20        0       45       91      100      903      900      438      435      998      997
     1367     1402     3458     1369     2519     2520     3638     2527     1368     1401     3465     3459
        1        1        1        1        0        0        0        0       20        0       46       91      900      903      100       92      901      904      101
     1369     3458     1402     1367     1373     3461     1406     1372     1365     3457     3463     1398
        1        1        1        1        0        0        0        0       20        0       47       92      901      904      101       93      902      905      102
     1373     3461     1406     1372     1377     3462     1410     1375     1370     3460     3466     1403
        1        1        1        1        0        0        0        0       20        0       48       93      902      905      102      499      614      613      502
     1377     3462     1410     1375     2673     2929     2680     2672     1376     2932     2930     1409
        1        1        1        1        0        0        0        0       20        0       49      100      109      906      903      435      432      999      998
     1400     1435     3464     1402     2512     2513     3639     2520     1401     1434     3471     3465
        1        1        1        1        0        0        0        0       20        0       50      100      903      906      109      101      904      907      110
     1402     3464     1435     1400     1406     3467     1439     1405     1398     3463     3469     1431
        1        1        1        1        0        0        0        0       20        0       51      101      904      907      110      102      905      908      111
     1406     3467     1439     1405     1410     3468     1443     1408     1403     3466     3472     1436
        1        1        1        1        0        0        0        0       20        0       52      102      905      908      111      502      613      612      505
     1410     3468     1443     1408     2680     2927     2687     2679     1409     2930     2928     1442
        1        1        1        1        0        0        0        0       20        0       53      109      118      909      906      432      429     1000      999
     1433     1468     3470     1435     2505     2506     3640     2513     1434     1467     3477     3471
        1        1        1        1        0        0        0        0       20        0       54      109      906      909      118      110      907      910      119
     1435     3470     1468     1433     1439     3473     1472     1438     1431     3469     3475     1464
        1        1        1        1        0        0        0        0       20        0       55      110      907      910      119      111      908      911      120
     1439     3473     1472     1438     1443     3474     1476     1441     1436     3472     3478     1469
        1        1        1        1        0        0        0        0       20        0       56      111      908      911      120      505      612      611      508
     1443     3474     1476     1441     2687     2925     2694     2686     1442     2928     2926     1475
        1        1        1        1        0        0        0        0       20        0       57      118      127      912      909      429      426     1001     1000
     1466     1501     3476     1468     2498     2499     3641     2506     1467     1500     3483     3477
        1        1        1        1        0        0        0        0       20        0       58      118      909      912      127      119      910      913      128
     1468     3476     1501     1466     1472     3479     1505     1471     1464     3475     3481     1497
        1        1        1        1        0        0        0        0       20        0       59      119      910      913      128      120      911      914      129
     1472     3479     1505     1471     1476     3480     1509     1474     1469     3478     3484     1502
        1        1        1        1        0        0        0        0       20        0       60      120      911      914      129      508      611      610      511
     1476     3480     1509     1474     2694     2923     2701     2693     1475     2926     2924     1508
        1        1        1        1        0        0        0        0       20        0       61      127      136      915      912      426      423     1002     1001
     1499     1534     3482     1501     2491     2492     3642     2499     1500     1533     3489     3483
        1        1        1        1        0        0        0        0       20        0       62      127      912      915      136      128      913      916      137
     1501     3482     1534     1499     1505     3485     1538     1504     1497     3481     3487     1530
        1        1        1        1        0        0        0        0       20        0       63      128      913      916      137      129      914      917      138
     1505     3485     1538     1504     1509     3486     1542     1507     1502     3484     3490     1535
        1        1        1        1        0        0        0        0       20        0       64      129      914      917      138      511      610      609      514
     1509     3486     1542     1507     2701     2921     2708     2700     1508     2924     2922     1541
        1        1        1        1        0        0        0        0       20        0       65      136      145      918      915      423      420     1003     1002
     1532     1567     3488     1534     2484     2485     3643     2492     1533     1566     3495     3489
        1        1        1        1        0        0        0        0       20        0       66      136      915      918      145      137      916      919      146
     1534     3488     1567     1532     1538     3491     1571     1537     1530     3487     3493     1563
        1        1        1        1        0        0        0        0       20        0       67      137      916      919      146      138      917      920      147
     1538     3491     1571     1537     1542     3492     1575     1540     1535     3490     3496     1568
        1        1        1        1        0        0        0        0       20        0       68      138      917      920      147      514      609      608      517
     1542     3492     1575     1540     2708     2919     2715     2707     1541     2922     2920     1574
        1        1        1        1        0        0        0        0       20        0       69      145      154      921      918      420      417     1004     1003
     1565     1600     3494     1567     2477     2478     3644     2485     1566     1599     3501     3495
        1        1        1        1        0        0        0        0       20        0       70      145      918      921      154      146      919      922      155
     1567     3494     1600     1565     1571     3497     1604     1570     1563     3493     3499     1596
        1        1        1        1        0        0        0        0       20        0       71      146      919      922      155      147      920      923      156
     1571     3497     1604     1570     1575     3498     1608     1573     1568     3496     3502     1601
        1        1        1        1        0        0        0        0       20        0       72      147      920      923      156      517      608      607      520
     1575     3498     1608     1573     2715     2917     2722     2714     1574     2920     2918     1607
        1        1        1        1        0        0        0        0       20        0       73      154      163      924      921      417      414     1005     1004
     1598     1633     3500     1600     2470     2471     3645     2478     1599     1632     3507     3501
        1        1        1        1        0        0        0        0       20        0       74      154      921      924      163      155      922      925      164
     1600     3500     1633     1598     1604     3503     1637     1603     1596     3499     3505     1629
        1        1        1        1        0        0        0        0       20        0       75      155      922      925      164      156      923      926      165
     1604     3503     1637     1603     1608     3504     1641     1606     1601     3502     3508     1634
        1        1        1        1        0        0        0        0       20        0       76      156      923      926      165      520      607      606      523
     1608     3504     1641     1606     2722     2915     2729     2721     1607     2918     2916     1640
        1        1        1        1        0        0        0        0       20        0       77      163      172      927      924      414      411     1006     1005
     1631     1666     3506     1633     2463     2464     3646     2471     1632     1665     3513     3507
        1        1        1        1        0        0        0        0       20        0       78      163      924      927      172      164      925      928      173
     1633     3506     1666     1631     1637     3509     1670     1636     1629     3505     3511     1662
        1        1        1        1        0        0        0        0       20        0       79      164      925      928      173      165      926      929      174
     1637     3509     1670     1636     1641     3510     1674     1639     1634     3508     3514     1667
        1        1        1        1        0        0        0        0       20        0       80      165      926      929      174      523      606      605      526
     1641     3510     1674     1639     2729     2913     2736     2728     1640     2916     2914     1673
        1        1        1        1        0        0        0        0       20        0       81      172      181      930      927      411      408     1007     1006
     1664     1699     3512     1666     2456     2457     3647     2464     1665     1698     3519     3513
        1        1        1        1        0        0        0        0       20        0       82      172      927      930      181      173      928      931      182
     1666     3512     1699     1664     1670     3515     1703     1669     1662     3511     3517     1695
        1        1        1        1        0        0        0        0       20        0       83      173      928      931      182      174      929      932      183
     1670     3515     1703     1669     1674     3516     1707     1672     1667     3514     3520     1700
        1        1        1        1        0        0        0        0       20        0       84      174      929      932      183      526      605      604      529
     1674     3516     1707     1672     2736     2911     2743     2735     1673     2914     2912     1706
        1        1        1        1        0        0        0        0       20        0       85      181      190      933      930      408      405     1008     1007
     1697     1732     3518     1699     2449     2450     3648     2457     1698     1731     3525     3519
        1        1        1        1        0        0        0        0       20        0       86      181      930      933      190      182      931      934      191
     1699     3518     1732     1697     1703     3521     1736     1702     1695     3517     3523     1728
        1        1        1        1        0        0        0        0       20        0       87      182      931      934      191      183      932      935      192
     1703     3521     1736     1702     1707     3522     1740     1705     1700     3520     3526     1733
        1        1        1        1        0        0        0        0       20        0       88      183      932      935      192      529      604      603      532
     1707     3522     1740     1705     2743     2909     2750     2742     1706     2912     2910     1739
        1        1        1        1        0        0        0        0       20        0       89      190      199      936      933      405      402     1009     1008
     1730     1765     3524     1732     2442     2443     3649     2450     1731     1764     3531     3525
        1        1        1        1        0        0        0        0       20        0       90      190      933      936      199      191      934      937      200
     1732     3524     1765     1730     1736     3527     1769     1735     1728     3523     3529     1761
        1        1        1        1        0        0        0        0       20        0       91      191      934      937      200      192      935      938      201
     1736     3527     1769     1735     1740     3528     1773     1738     1733     3526     3532     1766
        1        1        1        1        0        0        0        0       20        0       92      192      935      938      201      532      603      602      535
     1740     3528     1773     1738     2750     2907     2757     2749     1739     2910     2908     1772
        1        1        1        1        0        0        0        0       20        0       93      199      208      939      936      402      399     1010     1009
     1763     1798     3530     1765     2435     2436     3650     2443     1764     1797     3537     3531
        1        1        1        1        0        0        0        0       20        0       94      199      936      939      208      200      937      940      209
     1765     3530     1798     1763     1769     3533     1802     1768     1761     3529     3535     1794
        1        1        1        1        0        0        0        0       20        0       95      200      937      940      209      201      938      941      210
     1769     3533     1802     1768     1773     3534     1806     1771     1766     3532     3538     1799
        1        1        1        1        0        0        0        0       20        0       96      201      938      941      210      535      602      601      538
     1773     3534     1806     1771     2757     2905     2764     2756     1772     2908     2906     1805
        1        1        1        1        0        0        0        0       20        0       97      208      217      942      939      399      396     1011     1010
     1796     1831     3536     1798     2428     2429     3651     2436     1797     1830     3543     3537
        1        1        1        1        0        0        0        0       20        0       98      208      939      942      217      209      940      943      218
     1798     3536     1831     1796     1802     3539     1835     1801     1794     3535     3541     1827
        1        1        1        1        0        0        0        0       20        0       99      209      940      943      218      210      941      944      219
     1802     3539     1835     1801     1806     3540     1839     1804     1799     3538     3544     1832
        1        1        1        1        0        0        0        0       20        0      100      210      941      944      219      538      601      600      541
     1806     3540     1839     1804     2764     2903     2771     2763     1805     2906     2904     1838
        1        1        1        1        0        0        0        0       20        0      101      217      226      945      942      396      393     1012     1011
     1829     1864     3542     1831     2421     2422     3652     2429     1830     1863     3549     3543
        1        1        1        1        0        0        0        0       20        0      102      217      942      945      226      218      943      946      227
     1831     3542     1864     1829     1835     3545     1868     1834     1827     3541     3547     1860
        1        1        1        1        0        0        0        0       20        0      103      218      943      946      227      219      944      947      228
     1835     3545     1868     1834     1839     3546     1872     1837     1832     3544     3550     1865
        1        1        1        1        0        0        0        0       20        0      104      219      944      947      228      541      600      599      544
     1839     3546     1872     1837     2771     2901     2778     2770     1838     2904     2902     1871
        1        1        1        1        0        0        0        0       20        0      105      226      235      948      945      393      390     1013     1012
     1862     1897     3548     1864     2414     2415     3653     2422     1863     1896     3555     3549
        1        1        1        1        0        0        0        0       20        0      106      226      945      948      235      227      946      949      236
     1864     3548     1897     1862     1868     3551     1901     1867     1860     3547     3553     1893
        1        1        1        1        0        0        0        0       20        0      107      227      946      949      236      228      947      950      237
     1868     3551     1901     1867     1872     3552     1905     1870     1865     3550     3556     1898
        1        1        1        1        0        0        0        0       20        0      108      228      947      950      237      544      599      598      547
     1872     3552     1905     1870     2778     2899     2785     2777     1871     2902     2900     1904
        1        1        1        1        0        0        0        0       20        0      109      235      244      951      948      390      387     1014     1013
     1895     1930     3554     1897     2407     2408     3654     2415     1896     1929     3561     3555
        1        1        1        1        0        0        0        0       20        0      110      235      948      951      244      236      949      952      245
     1897     3554     1930     1895     1901     3557     1934     1900     1893     3553     3559     1926
        1        1        1        1        0        0        0        0       20        0      111      236      949      952      245      237      950      953      246
     1901     3557     1934     1900     1905     3558     1938     1903     1898     3556     3562     1931
        1        1        1        1        0        0        0        0       20        0      112      237      950      953      246      547      598      597      550
     1905     3558     1938     1903     2785     2897     2792     2784     1904     2900     2898     1937
        1        1        1        1        0        0        0        0       20        0      113      244      253      954      951      387      384     1015     1014
     1928     1963     3560     1930     2400     2401     3655     2408     1929     1962     3567     3561
        1        1        1        1        0        0        0        0       20        0      114      244      951      954      253      245      952      955      254
     1930     3560     1963     1928     1934     3563     1967     1933     1926     3559     3565     1959
        1        1        1        1        0        0        0        0       20        0      115      245      952      955      254      246      953      956      255
     1934     3563     1967     1933     1938     3564     1971     1936     1931     3562     3568     1964
        1        1        1        1        0        0        0        0       20        0      116      246      953      956      255      550      597      596      553
     1938     3564     1971     1936     2792     2895     2799     2791     1937     2898     2896     1970
        1        1        1        1        0        0        0        0       20        0      117      253      262      957      954      384      381     1016     1015
     1961     1996     3566     1963     2393     2394     3656     2401     1962     1995     3573     3567
        1        1        1        1        0        0        0        0       20        0      118      253      954      957      262      254      955      958      263
     1963     3566     1996     1961     1967     3569     2000     1966     1959     3565     3571     1992
        1        1        1        1        0        0        0        0       20        0      119      254      955      958      263      255      956      959      264
     1967     3569     2000     1966     1971     3570     2004     1969     1964     3568     3574     1997
        1        1        1        1        0        0        0        0       20        0      120      255      956      959      264      553      596      595      556
     1971     3570     2004     1969     2799     2893     2806     2798     1970     2896     2894     2003
        1        1        1        1        0        0        0        0       20        0      121      262      271      960      957      381      378     1017     1016
     1994     2029     3572     1996     2386     2387     3657     2394     1995     2028     3579     3573
        1        1        1        1        0        0        0        0       20        0      122      262      957      960      271      263      958      961      272
     1996     3572     2029     1994     2000     3575     2033     1999     1992     3571     3577     2025
        1        1        1        1        0        0        0        0       20        0      123      263      958      961      272      264      959      962      273
     2000     3575     2033     1999     2004     3576     2037     2002     1997     3574     3580     2030
        1        1        1        1        0        0        0        0       20        0      124      264      959      962      273      556      595      594      559
     2004     3576     2037     2002     2806     2891     2813     2805     2003     2894     2892     2036
        1        1        1        1        0        0        0        0       20        0      125      271      280      963      960      378      375     1018     1017
     2027     2062     3578     2029     2379     2380     3658     2387     2028     2061     3585     3579
        1        1        1        1        0        0        0        0       20        0      126      271      960      963      280      272      961      964      281
     2029     3578     2062     2027     2033     3581     2066     2032     2025     3577     3583     2058
        1        1        1        1        0        0        0        0       20        0      127      272      961      964      281      273      962      965      282
     2033     3581     2066     2032     2037     3582     2070     2035     2030     3580     3586     2063
        1        1        1        1        0        0        0        0       20        0      128      273      962      965      282      559      594      593      562
     2037     3582     2070     2035     2813     2889     2820     2812     2036     2892     2890     2069
        1        1        1        1        0        0        0        0       20        0      129      280      289      966      963      375      372     1019     1018
     2060     2095     3584     2062     2372     2373     3659     2380     2061     2094     3591     3585
        1        1        1        1        0        0        0        0       20        0      130      280      963      966      289      281      964      967      290
     2062     3584     2095     2060     2066     3587     2099     2065     2058     3583     3589     2091
        1        1        1        1        0        0        0        0       20        0      131      281      964      967      290      282      965      968      291
     2066     3587     2099     2065     2070     3588     2103     2068     2063     3586     3592     2096
        1        1        1        1        0        0        0        0       20        0      132      282      965      968      291      562      593      592      565
     2070     3588     2103     2068     2820     2887     2827     2819     2069     2890     2888     2102
        1        1        1        1        0        0        0        0       20        0      133      289      298      969      966      372      369     1020     1019
     2093     2128     3590     2095     2365     2366     3660     2373     2094     2127     3597     3591
        1        1        1        1        0        0        0        0       20        0      134      289      966      969      298      290      967      970      299
     2095     3590     2128     2093     2099     3593     2132     2098     2091     3589     3595     2124
        1        1        1        1        0        0        0        0       20        0      135      290      967      970      299      291      968      971      300
     2099     3593     2132     2098     2103     3594     2136     2101     2096     3592     3598     2129
        1        1        1        1        0        0        0        0       20        0      136      291      968      971      300      565      592      591      568
     2103     3594     2136     2101     2827     2885     2834     2826     2102     2888     2886     2135
        1        1        1        1        0        0        0        0       20        0      137      298      307      972      969      369      366     1021     1020
     2126     2161     3596     2128     2358     2359     3661     2366     2127     2160     3603     3597
        1        1        1        1        0        0        0        0       20        0      138      298      969      972      307      299      970      973      308
     2128     3596     2161     2126     2132     3599     2165     2131     2124     3595     3601     2157
        1        1        1        1        0        0        0        0       20        0      139      299      970      973      308      300      971      974      309
     2132     3599     2165     2131     2136     3600     2169     2134     2129     3598     3604     2162
        1        1        1        1        0        0        0        0       20        0      140      300      971      974      309      568      591      590      571
     2136     3600     2169     2134     2834     2883     2841     2833     2135     2886     2884     2168
        1        1        1        1        0        0        0        0       20        0      141      307      316      975      972      366      363     1022     1021
     2159     2194     3602     2161     2351     2352     3662     2359     2160     2193     3609     3603
        1        1        1        1        0        0        0        0       20        0      142      307      972      975      316      308      973      976      317
     2161     3602     2194     2159     2165     3605     2198     2164     2157     3601     3607     2190
        1        1        1        1        0        0        0        0       20        0      143      308      973      976      317      309      974      977      318
     2165     3605     2198     2164     2169     3606     2202     2167     2162     3604     3610     2195
        1        1        1        1        0        0        0        0       20        0      144      309      974      977      318      571      590      589      574
     2169     3606     2202     2167     2841     2881     2848     2840     2168     2884     2882     2201
        1        1        1        1        0        0        0        0       20        0      145      316      325      978      975      363      360     1023     1022
     2192     2227     3608     2194     2344     2345     3663     2352     2193     2226     3615     3609
        1        1        1        1        0        0        0        0       20        0      146      316      975      978      325      317      976      979      326
     2194     3608     2227     2192     2198     3611     2231     2197     2190     3607     3613     2223
        1        1        1        1        0        0        0        0       20        0      147      317      976      979      326      318      977      980      327
     2198     3611     2231     2197     2202     3612     2235     2200     2195     3610     3616     2228
        1        1        1        1        0        0        0        0       20        0      148      318      977      980      327      574      589      588      577
     2202     3612     2235     2200     2848     2879     2855     2847     2201     2882     2880     2234
        1        1        1        1        0        0        0        0       20        0      149      325      334      981      978      360      357     1024     1023
     2225     2260     3614     2227     2337     2338     3664     2345     2226     2259     3621     3615
        1        1        1        1        0        0        0        0       20        0      150      325      978      981      334      326      979      982      335
     2227     3614     2260     2225     2231     3617     2264     2230     2223     3613     3619     2256
        1        1        1        1        0        0        0        0       20        0      151      326      979      982      335      327      980      983      336
     2231     3617     2264     2230     2235     3618     2268     2233     2228     3616     3622     2261
        1        1        1        1        0        0        0        0       20        0      152      327      980      983      336      577      588      587      580
     2235     3618     2268     2233     2855     2877     2862     2854     2234     2880     2878     2267
        1        1        1        1        0        0        0        0       20        0      153      334      343      984      981      357      354     1025     1024
     2258     2293     3620     2260     2329     2331     3665     2338     2259     2291     3626     3621
        1        1        1        1        0        0        0        0       20        0      154      334      981      984      343      335      982      985      344
     2260     3620     2293     2258     2264     3623     2297     2263     2256     3619     3625     2289
        1        1        1        1        0        0        0        0       20        0      155      335      982      985      344      336      983      986      345
     2264     3623     2297     2263     2268     3624     2301     2266     2261     3622     3627     2294
        1        1        1        1        0        0        0        0       20        0      156      336      983      986      345      580      587      586      583
     2268     3624     2301     2266     2862     2874     2868     2861     2267     2878     2876     2299
        1        1        1        1        0        0        0        0       20        0      157      343      720      728      984      354      725      729     1025
     2292     3142     3154     2293     2330     3148     3155     2331     2291     3141     3153     3626
        1        1        1        1        0        0        0        0       20        0      158      343      984      728      720      344      985      727      717
     2293     3154     3142     2292     2297     3152     3136     2296     2289     3625     3151     3135
        1        1        1        1        0        0        0        0       20        0      159      344      985      727      717      345      986      726      714
     2297     3152     3136     2296     2301     3150     3130     2300     2294     3627     3149     3129
        1        1        1        1        0        0        0        0       20        0      160      345      986      726      714      583      586      663      662
     2301     3150     3130     2300     2868     2875     3029     2869     2299     2876     3031     3030
        1        1        1        1        0        0        0        0       20        0      161        1      700      697        4      468      705      704      467
     1030     3099     1046     1027     2596     3112     2595     2594     1029     3105     3100     1045
        1        1        1        1        0        0        0        0       20        0      162        1        4      697      700        2        5      698      701
     1027     1046     3099     1030     1033     1050     3102     1035     1026     1042     3098     3104
        1        1        1        1        0        0        0        0       20        0      163        2        5      698      701        3        6      699      702
     1033     1050     3102     1035     1037     1054     3103     1040     1032     1047     3101     3107
        1        1        1        1        0        0        0        0       20        0      164        3        6      699      702      469      470      666      667
     1037     1054     3103     1040     2598     2604     3036     2601     1039     1053     3037     3039
        1        1        1        1        0        0        0        0       20        0      165        1        4       13       10      468      467      464      465
     1027     1044     1069     1028     2594     2588     2587     2589     1029     1045     1084     1071
        1        1        1        1        0        0        0        0       20        0      166        1       10       13        4        2       11       14        5
     1028     1069     1044     1027     1034     1074     1049     1033     1026     1068     1081     1042
        1        1        1        1        0        0        0        0       20        0      167        2       11       14        5        3       12       15        6
     1034     1074     1049     1033     1038     1077     1052     1037     1032     1073     1085     1047
        1        1        1        1        0        0        0        0       20        0      168        3       12       15        6      469      472      473      470
     1038     1077     1052     1037     2599     2608     2603     2598     1039     1079     1090     1053
        1        1        1        1        0        0        0        0       20        0      169       10       13       22       19      465      464      461      462
     1069     1083     1102     1070     2587     2581     2580     2582     1071     1084     1117     1104
        1        1        1        1        0        0        0        0       20        0      170       10       19       22       13       11       20       23       14
     1070     1102     1083     1069     1075     1107     1087     1074     1068     1101     1114     1081
        1        1        1        1        0        0        0        0       20        0      171       11       20       23       14       12       21       24       15
     1075     1107     1087     1074     1078     1110     1089     1077     1073     1106     1118     1085
        1        1        1        1        0        0        0        0       20        0      172       12       21       24       15      472      475      476      473
     1078     1110     1089     1077     2609     2615     2612     2608     1079     1112     1123     1090
        1        1        1        1        0        0        0        0       20        0      173       19       22       31       28      462      461      458      459
     1102     1116     1135     1103     2580     2574     2573     2575     1104     1117     1150     1137
        1        1        1        1        0        0        0        0       20        0      174       19       28       31       22       20       29       32       23
     1103     1135     1116     1102     1108     1140     1120     1107     1101     1134     1147     1114
        1        1        1        1        0        0        0        0       20        0      175       20       29       32       23       21       30       33       24
     1108     1140     1120     1107     1111     1143     1122     1110     1106     1139     1151     1118
        1        1        1        1        0        0        0        0       20        0      176       21       30       33       24      475      478      479      476
     1111     1143     1122     1110     2616     2622     2619     2615     1112     1145     1156     1123
        1        1        1        1        0        0        0        0       20        0      177       28       31       40       37      459      458      455      456
     1135     1149     1168     1136     2573     2567     2566     2568     1137     1150     1183     1170
        1        1        1        1        0        0        0        0       20        0      178       28       37       40       31       29       38       41       32
     1136     1168     1149     1135     1141     1173     1153     1140     1134     1167     1180     1147
        1        1        1        1        0        0        0        0       20        0      179       29       38       41       32       30       39       42       33
     1141     1173     1153     1140     1144     1176     1155     1143     1139     1172     1184     1151
        1        1        1        1        0        0        0        0       20        0      180       30       39       42       33      478      481      482      479
     1144     1176     1155     1143     2623     2629     2626     2622     1145     1178     1189     1156
        1        1        1        1        0        0        0        0       20        0      181       37       40       49       46      456      455      452      453
     1168     1182     1201     1169     2566     2560     2559     2561     1170     1183     1216     1203
        1        1        1        1        0        0        0        0       20        0      182       37       46       49       40       38       47       50       41
     1169     1201     1182     1168     1174     1206     1186     1173     1167     1200     1213     1180
        1        1        1        1        0        0        0        0       20        0      183       38       47       50       41       39       48       51       42
     1174     1206     1186     1173     1177     1209     1188     1176     1172     1205     1217     1184
        1        1        1        1        0        0        0        0       20        0      184       39       48       51       42      481      484      485      482
     1177     1209     1188     1176     2630     2636     2633     2629     1178     1211     1222     1189
        1        1        1        1        0        0        0        0       20        0      185       46       49       58       55      453      452      449      450
     1201     1215     1234     1202     2559     2553     2552     2554     1203     1216     1249     1236
        1        1        1        1        0        0        0        0       20        0      186       46       55       58       49       47       56       59       50
     1202     1234     1215     1201     1207     1239     1219     1206     1200     1233     1246     1213
        1        1        1        1        0        0        0        0       20        0      187       47       56       59       50       48       57       60       51
     1207     1239     1219     1206     1210     1242     1221     1209     1205     1238     1250     1217
        1        1        1        1        0        0        0        0       20        0      188       48       57       60       51      484      487      488      485
     1210     1242     1221     1209     2637     2643     2640     2636     1211     1244     1255     1222
        1        1        1        1        0        0        0        0       20        0      189       55       58       67       64      450      449      446      447
     1234     1248     1267     1235     2552     2546     2545     2547     1236     1249     1282     1269
        1        1        1        1        0        0        0        0       20        0      190       55       64       67       58       56       65       68       59
     1235     1267     1248     1234     1240     1272     1252     1239     1233     1266     1279     1246
        1        1        1        1        0        0        0        0       20        0      191       56       65       68       59       57       66       69       60
     1240     1272     1252     1239     1243     1275     1254     1242     1238     1271     1283     1250
        1        1        1        1        0        0        0        0       20        0      192       57       66       69       60      487      490      491      488
     1243     1275     1254     1242     2644     2650     2647     2643     1244     1277     1288     1255
        1        1        1        1        0        0        0        0       20        0      193       64       67       76       73      447      446      443      444
     1267     1281     1300     1268     2545     2539     2538     2540     1269     1282     1315     1302
        1        1        1        1        0        0        0        0       20        0      194       64       73       76       67       65       74       77       68
     1268     1300     1281     1267     1273     1305     1285     1272     1266     1299     1312     1279
        1        1        1        1        0        0        0        0       20        0      195       65       74       77       68       66       75       78       69
     1273     1305     1285     1272     1276     1308     1287     1275     1271     1304     1316     1283
        1        1        1        1        0        0        0        0       20        0      196       66       75       78       69      490      493      494      491
     1276     1308     1287     1275     2651     2657     2654     2650     1277     1310     1321     1288
        1        1        1        1        0        0        0        0       20        0      197       73       76       85       82      444      443      440      441
     1300     1314     1333     1301     2538     2532     2531     2533     1302     1315     1348     1335
        1        1        1        1        0        0        0        0       20        0      198       73       82       85       76       74       83       86       77
     1301     1333     1314     1300     1306     1338     1318     1305     1299     1332     1345     1312
        1        1        1        1        0        0        0        0       20        0      199       74       83       86       77       75       84       87       78
     1306     1338     1318     1305     1309     1341     1320     1308     1304     1337     1349     1316
        1        1        1        1        0        0        0        0       20        0      200       75       84       87       78      493      496      497      494
     1309     1341     1320     1308     2658     2664     2661     2657     1310     1343     1354     1321
        1        1        1        1        0        0        0        0       20        0      201       82       85       94       91      441      440      437      438
     1333     1347     1366     1334     2531     2525     2524     2526     1335     1348     1381     1368
        1        1        1        1        0        0        0        0       20        0      202       82       91       94       85       83       92       95       86
     1334     1366     1347     1333     1339     1371     1351     1338     1332     1365     1378     1345
        1        1        1        1        0        0        0        0       20        0      203       83       92       95       86       84       93       96       87
     1339     1371     1351     1338     1342     1374     1353     1341     1337     1370     1382     1349
        1        1        1        1        0        0        0        0       20        0      204       84       93       96       87      496      499      500      497
     1342     1374     1353     1341     2665     2671     2668     2664     1343     1376     1387     1354
        1        1        1        1        0        0        0        0       20        0      205       91       94      103      100      438      437      434      435
     1366     1380     1399     1367     2524     2518     2517     2519     1368     1381     1414     1401
        1        1        1        1        0        0        0        0       20        0      206       91      100      103       94       92      101      104       95
     1367     1399     1380     1366     1372     1404     1384     1371     1365     1398     1411     1378
        1        1        1        1        0        0        0        0       20        0      207       92      101      104       95       93      102      105       96
     1372     1404     1384     1371     1375     1407     1386     1374     1370     1403     1415     1382
        1        1        1        1        0        0        0        0       20        0      208       93      102      105       96      499      502      503      500
     1375     1407     1386     1374     2672     2678     2675     2671     1376     1409     1420     1387
        1        1        1        1        0        0        0        0       20        0      209      100      103      112      109      435      434      431      432
     1399     1413     1432     1400     2517     2511     2510     2512     1401     1414     1447     1434
        1        1        1        1        0        0        0        0       20        0      210      100      109      112      103      101      110      113      104
     1400     1432     1413     1399     1405     1437     1417     1404     1398     1431     1444     1411
        1        1        1        1        0        0        0        0       20        0      211      101      110      113      104      102      111      114      105
     1405     1437     1417     1404     1408     1440     1419     1407     1403     1436     1448     1415
        1        1        1        1        0        0        0        0       20        0      212      102      111      114      105      502      505      506      503
     1408     1440     1419     1407     2679     2685     2682     2678     1409     1442     1453     1420
        1        1        1        1        0        0        0        0       20        0      213      109      112      121      118      432      431      428      429
     1432     1446     1465     1433     2510     2504     2503     2505     1434     1447     1480     1467
        1        1        1        1        0        0        0        0       20        0      214      109      118      121      112      110      119      122      113
     1433     1465     1446     1432     1438     1470     1450     1437     1431     1464     1477     1444
        1        1        1        1        0        0        0        0       20        0      215      110      119      122      113      111      120      123      114
     1438     1470     1450     1437     1441     1473     1452     1440     1436     1469     1481     1448
        1        1        1        1        0        0        0        0       20        0      216      111      120      123      114      505      508      509      506
     1441     1473     1452     1440     2686     2692     2689     2685     1442     1475     1486     1453
        1        1        1        1        0        0        0        0       20        0      217      118      121      130      127      429      428      425      426
     1465     1479     1498     1466     2503     2497     2496     2498     1467     1480     1513     1500
        1        1        1        1        0        0        0        0       20        0      218      118      127      130      121      119      128      131      122
     1466     1498     1479     1465     1471     1503     1483     1470     1464     1497     1510     1477
        1        1        1        1        0        0        0        0       20        0      219      119      128      131      122      120      129      132      123
     1471     1503     1483     1470     1474     1506     1485     1473     1469     1502     1514     1481
        1        1        1        1        0        0        0        0       20        0      220      120      129      132      123      508      511      512      509
     1474     1506     1485     1473     2693     2699     2696     2692     1475     1508     1519     1486
        1        1        1        1        0        0        0        0       20        0      221      127      130      139      136      426      425      422      423
     1498     1512     1531     1499     2496     2490     2489     2491     1500     1513     1546     1533
        1        1        1        1        0        0        0        0       20        0      222      127      136      139      130      128      137      140      131
     1499     1531     1512     1498     1504     1536     1516     1503     1497     1530     1543     1510
        1        1        1        1        0        0        0        0       20        0      223      128      137      140      131      129      138      141      132
     1504     1536     1516     1503     1507     1539     1518     1506     1502     1535     1547     1514
        1        1        1        1        0        0        0        0       20        0      224      129      138      141      132      511      514      515      512
     1507     1539     1518     1506     2700     2706     2703     2699     1508     1541     1552     1519
        1        1        1        1        0        0        0        0       20        0      225      136      139      148      145      423      422      419      420
     1531     1545     1564     1532     2489     2483     2482     2484     1533     1546     1579     1566
        1        1        1        1        0        0        0        0       20        0      226      136      145      148      139      137      146      149      140
     1532     1564     1545     1531     1537     1569     1549     1536     1530     1563     1576     1543
        1        1        1        1        0        0        0        0       20        0      227      137      146      149      140      138      147      150      141
     1537     1569     1549     1536     1540     1572     1551     1539     1535     1568     1580     1547
        1        1        1        1        0        0        0        0       20        0      228      138      147      150      141      514      517      518      515
     1540     1572     1551     1539     2707     2713     2710     2706     1541     1574     1585     1552
        1        1        1        1        0        0        0        0       20        0      229      145      148      157      154      420      419      416      417
     1564     1578     1597     1565     2482     2476     2475     2477     1566     1579     1612     1599
        1        1        1        1        0        0        0        0       20        0      230      145      154      157      148      146      155      158      149
     1565     1597     1578     1564     1570     1602     1582     1569     1563     1596     1609     1576
        1        1        1        1        0        0        0        0       20        0      231      146      155      158      149      147      156      159      150
     1570     1602     1582     1569     1573     1605     1584     1572     1568     1601     1613     1580
        1        1        1        1        0        0        0        0       20        0      232      147      156      159      150      517      520      521      518
     1573     1605     1584     1572     2714     2720     2717     2713     1574     1607     1618     1585
        1        1        1        1        0        0        0        0       20        0      233      154      157      166      163      417      416      413      414
     1597     1611     1630     1598     2475     2469     2468     2470     1599     1612     1645     1632
        1        1        1        1        0        0        0        0       20        0      234      154      163      166      157      155      164      167      158
     1598     1630     1611     1597     1603     1635     1615     1602     1596     1629     1642     1609
        1        1        1        1        0        0        0        0       20        0      235      155      164      167      158      156      165      168      159
     1603     1635     1615     1602     1606     1638     1617     1605     1601     1634     1646     1613
        1        1        1        1        0        0        0        0       20        0      236      156      165      168      159      520      523      524      521
     1606     1638     1617     1605     2721     2727     2724     2720     1607     1640     1651     1618
        1        1        1        1        0        0        0        0       20        0      237      163      166      175      172      414      413      410      411
     1630     1644     1663     1631     2468     2462     2461     2463     1632     1645     1678     1665
        1        1        1        1        0        0        0        0       20        0      238      163      172      175      166      164      173      176      167
     1631     1663     1644     1630     1636     1668     1648     1635     1629     1662     1675     1642
        1        1        1        1        0        0        0        0       20        0      239      164      173      176      167      165      174      177      168
     1636     1668     1648     1635     1639     1671     1650     1638     1634     1667     1679     1646
        1        1        1        1        0        0        0        0       20        0      240      165      174      177      168      523      526      527      524
     1639     1671     1650     1638     2728     2734     2731     2727     1640     1673     1684     1651
        1        1        1        1        0        0        0        0       20        0      241      172      175      184      181      411      410      407      408
     1663     1677     1696     1664     2461     2455     2454     2456     1665     1678     1711     1698
        1        1        1        1        0        0        0        0       20        0      242      172      181      184      175      173      182      185      176
     1664     1696     1677     1663     1669     1701     1681     1668     1662     1695     1708     1675
        1        1        1        1        0        0        0        0       20        0      243      173      182      185      176      174      183      186      177
     1669     1701     1681     1668     1672     1704     1683     1671     1667     1700     1712     1679
        1        1        1        1        0        0        0        0       20        0      244      174      183      186      177      526      529      530      527
     1672     1704     1683     1671     2735     2741     2738     2734     1673     1706     1717     1684
        1        1        1        1        0        0        0        0       20        0      245      181      184      193      190      408      407      404      405
     1696     1710     1729     1697     2454     2448     2447     2449     1698     1711     1744     1731
        1        1        1        1        0        0        0        0       20        0      246      181      190      193      184      182      191      194      185
     1697     1729     1710     1696     1702     1734     1714     1701     1695     1728     1741     1708
        1        1        1        1        0        0        0        0       20        0      247      182      191      194      185      183      192      195      186
     1702     1734     1714     1701     1705     1737     1716     1704     1700     1733     1745     1712
        1        1        1        1        0        0        0        0       20        0      248      183      192      195      186      529      532      533      530
     1705     1737     1716     1704     2742     2748     2745     2741     1706     1739     1750     1717
        1        1        1        1        0        0        0        0       20        0      249      190      193      202      199      405      404      401      402
     1729     1743     1762     1730     2447     2441     2440     2442     1731     1744     1777     1764
        1        1        1        1        0        0        0        0       20        0      250      190      199      202      193      191      200      203      194
     1730     1762     1743     1729     1735     1767     1747     1734     1728     1761     1774     1741
        1        1        1        1        0        0        0        0       20        0      251      191      200      203      194      192      201      204      195
     1735     1767     1747     1734     1738     1770     1749     1737     1733     1766     1778     1745
        1        1        1        1        0        0        0        0       20        0      252      192      201      204      195      532      535      536      533
     1738     1770     1749     1737     2749     2755     2752     2748     1739     1772     1783     1750
        1        1        1        1        0        0        0        0       20        0      253      199      202      211      208      402      401      398      399
     1762     1776     1795     1763     2440     2434     2433     2435     1764     1777     1810     1797
        1        1        1        1        0        0        0        0       20        0      254      199      208      211      202      200      209      212      203
     1763     1795     1776     1762     1768     1800     1780     1767     1761     1794     1807     1774
        1        1        1        1        0        0        0        0       20        0      255      200      209      212      203      201      210      213      204
     1768     1800     1780     1767     1771     1803     1782     1770     1766     1799     1811     1778
        1        1        1        1        0        0        0        0       20        0      256      201      210      213      204      535      538      539      536
     1771     1803     1782     1770     2756     2762     2759     2755     1772     1805     1816     1783
        1        1        1        1        0        0        0        0       20        0      257      208      211      220      217      399      398      395      396
     1795     1809     1828     1796     2433     2427     2426     2428     1797     1810     1843     1830
        1        1        1        1        0        0        0        0       20        0      258      208      217      220      211      209      218      221      212
     1796     1828     1809     1795     1801     1833     1813     1800     1794     1827     1840     1807
        1        1        1        1        0        0        0        0       20        0      259      209      218      221      212      210      219      222      213
     1801     1833     1813     1800     1804     1836     1815     1803     1799     1832     1844     1811
        1        1        1        1        0        0        0        0       20        0      260      210      219      222      213      538      541      542      539
     1804     1836     1815     1803     2763     2769     2766     2762     1805     1838     1849     1816
        1        1        1        1        0        0        0        0       20        0      261      217      220      229      226      396      395      392      393
     1828     1842     1861     1829     2426     2420     2419     2421     1830     1843     1876     1863
        1        1        1        1        0        0        0        0       20        0      262      217      226      229      220      218      227      230      221
     1829     1861     1842     1828     1834     1866     1846     1833     1827     1860     1873     1840
        1        1        1        1        0        0        0        0       20        0      263      218      227      230      221      219      228      231      222
     1834     1866     1846     1833     1837     1869     1848     1836     1832     1865     1877     1844
        1        1        1        1        0        0        0        0       20        0      264      219      228      231      222      541      544      545      542
     1837     1869     1848     1836     2770     2776     2773     2769     1838     1871     1882     1849
        1        1        1        1        0        0        0        0       20        0      265      226      229      238      235      393      392      389      390
     1861     1875     1894     1862     2419     2413     2412     2414     1863     1876     1909     1896
        1        1        1        1        0        0        0        0       20        0      266      226      235      238      229      227      236      239      230
     1862     1894     1875     1861     1867     1899     1879     1866     1860     1893     1906     1873
        1        1        1        1        0        0        0        0       20        0      267      227      236      239      230      228      237      240      231
     1867     1899     1879     1866     1870     1902     1881     1869     1865     1898     1910     1877
        1        1        1        1        0        0        0        0       20        0      268      228      237      240      231      544      547      548      545
     1870     1902     1881     1869     2777     2783     2780     2776     1871     1904     1915     1882
        1        1        1        1        0        0        0        0       20        0      269      235      238      247      244      390      389      386      387
     1894     1908     1927     1895     2412     2406     2405     2407     1896     1909     1942     1929
        1        1        1        1        0        0        0        0       20        0      270      235      244      247      238      236      245      248      239
     1895     1927     1908     1894     1900     1932     1912     1899     1893     1926     1939     1906
        1        1        1        1        0        0        0        0       20        0      271      236      245      248      239      237      246      249      240
     1900     1932     1912     1899     1903     1935     1914     1902     1898     1931     1943     1910
        1        1        1        1        0        0        0        0       20        0      272      237      246      249      240      547      550      551      548
     1903     1935     1914     1902     2784     2790     2787     2783     1904     1937     1948     1915
        1        1        1        1        0        0        0        0       20        0      273      244      247      256      253      387      386      383      384
     1927     1941     1960     1928     2405     2399     2398     2400     1929     1942     1975     1962
        1        1        1        1        0        0        0        0       20        0      274      244      253      256      247      245      254      257      248
     1928     1960     1941     1927     1933     1965     1945     1932     1926     1959     1972     1939
        1        1        1        1        0        0        0        0       20        0      275      245      254      257      248      246      255      258      249
     1933     1965     1945     1932     1936     1968     1947     1935     1931     1964     1976     1943
        1        1        1        1        0        0        0        0       20        0      276      246      255      258      249      550      553      554      551
     1936     1968     1947     1935     2791     2797     2794     2790     1937     1970     1981     1948
        1        1        1        1        0        0        0        0       20        0      277      253      256      265      262      384      383      380      381
     1960     1974     1993     1961     2398     2392     2391     2393     1962     1975     2008     1995
        1        1        1        1        0        0        0        0       20        0      278      253      262      265      256      254      263      266      257
     1961     1993     1974     1960     1966     1998     1978     1965     1959     1992     2005     1972
        1        1        1        1        0        0        0        0       20        0      279      254      263      266      257      255      264      267      258
     1966     1998     1978     1965     1969     2001     1980     1968     1964     1997     2009     1976
        1        1        1        1        0        0        0        0       20        0      280      255      264      267      258      553      556      557      554
     1969     2001     1980     1968     2798     2804     2801     2797     1970     2003     2014     1981
        1        1        1        1        0        0        0        0       20        0      281      262      265      274      271      381      380      377      378
     1993     2007     2026     1994     2391     2385     2384     2386     1995     2008     2041     2028
        1        1        1        1        0        0        0        0       20        0      282      262      271      274      265      263      272      275      266
     1994     2026     2007     1993     1999     2031     2011     1998     1992     2025     2038     2005
        1        1        1        1        0        0        0        0       20        0      283      263      272      275      266      264      273      276      267
     1999     2031     2011     1998     2002     2034     2013     2001     1997     2030     2042     2009
        1        1        1        1        0        0        0        0       20        0      284      264      273      276      267      556      559      560      557
     2002     2034     2013     2001     2805     2811     2808     2804     2003     2036     2047     2014
        1        1        1        1        0        0        0        0       20        0      285      271      274      283      280      378      377      374      375
     2026     2040     2059     2027     2384     2378     2377     2379     2028     2041     2074     2061
        1        1        1        1        0        0        0        0       20        0      286      271      280      283      274      272      281      284      275
     2027     2059     2040     2026     2032     2064     2044     2031     2025     2058     2071     2038
        1        1        1        1        0        0        0        0       20        0      287      272      281      284      275      273      282      285      276
     2032     2064     2044     2031     2035     2067     2046     2034     2030     2063     2075     2042
        1        1        1        1        0        0        0        0       20        0      288      273      282      285      276      559      562      563      560
     2035     2067     2046     2034     2812     2818     2815     2811     2036     2069     2080     2047
        1        1        1        1        0        0        0        0       20        0      289      280      283      292      289      375      374      371      372
     2059     2073     2092     2060     2377     2371     2370     2372     2061     2074     2107     2094
        1        1        1        1        0        0        0        0       20        0      290      280      289      292      283      281      290      293      284
     2060     2092     2073     2059     2065     2097     2077     2064     2058     2091     2104     2071
        1        1        1        1        0        0        0        0       20        0      291      281      290      293      284      282      291      294      285
     2065     2097     2077     2064     2068     2100     2079     2067     2063     2096     2108     2075
        1        1        1        1        0        0        0        0       20        0      292      282      291      294      285      562      565      566      563
     2068     2100     2079     2067     2819     2825     2822     2818     2069     2102     2113     2080
        1        1        1        1        0        0        0        0       20        0      293      289      292      301      298      372      371      368      369
     2092     2106     2125     2093     2370     2364     2363     2365     2094     2107     2140     2127
        1        1        1        1        0        0        0        0       20        0      294      289      298      301      292      290      299      302      293
     2093     2125     2106     2092     2098     2130     2110     2097     2091     2124     2137     2104
        1        1        1        1        0        0        0        0       20        0      295      290      299      302      293      291      300      303      294
     2098     2130     2110     2097     2101     2133     2112     2100     2096     2129     2141     2108
        1        1        1        1        0        0        0        0       20        0      296      291      300      303      294      565      568      569      566
     2101     2133     2112     2100     2826     2832     2829     2825     2102     2135     2146     2113
        1        1        1        1        0        0        0        0       20        0      297      298      301      310      307      369      368      365      366
     2125     2139     2158     2126     2363     2357     2356     2358     2127     2140     2173     2160
        1        1        1        1        0        0        0        0       20        0      298      298      307      310      301      299      308      311      302
     2126     2158     2139     2125     2131     2163     2143     2130     2124     2157     2170     2137
        1        1        1        1        0        0        0        0       20        0      299      299      308      311      302      300      309      312      303
     2131     2163     2143     2130     2134     2166     2145     2133     2129     2162     2174     2141
        1        1        1        1        0        0        0        0       20        0      300      300      309      312      303      568      571      572      569
     2134     2166     2145     2133     2833     2839     2836     2832     2135     2168     2179     2146
        1        1        1        1        0        0        0        0       20        0      301      307      310      319      316      366      365      362      363
     2158     2172     2191     2159     2356     2350     2349     2351     2160     2173     2206     2193
        1        1        1        1        0        0        0        0       20        0      302      307      316      319      310      308      317      320      311
     2159     2191     2172     2158     2164     2196     2176     2163     2157     2190     2203     2170
        1        1        1        1        0        0        0        0       20        0      303      308      317      320      311      309      318      321      312
     2164     2196     2176     2163     2167     2199     2178     2166     2162     2195     2207     2174
        1        1        1        1        0        0        0        0       20        0      304      309      318      321      312      571      574      575      572
     2167     2199     2178     2166     2840     2846     2843     2839     2168     2201     2212     2179
        1        1        1        1        0        0        0        0       20        0      305      316      319      328      325      363      362      359      360
     2191     2205     2224     2192     2349     2343     2342     2344     2193     2206     2239     2226
        1        1        1        1        0        0        0        0       20        0      306      316      325      328      319      317      326      329      320
     2192     2224     2205     2191     2197     2229     2209     2196     2190     2223     2236     2203
        1        1        1        1        0        0        0        0       20        0      307      317      326      329      320      318      327      330      321
     2197     2229     2209     2196     2200     2232     2211     2199     2195     2228     2240     2207
        1        1        1        1        0        0        0        0       20        0      308      318      327      330      321      574      577      578      575
     2200     2232     2211     2199     2847     2853     2850     2846     2201     2234     2245     2212
        1        1        1        1        0        0        0        0       20        0      309      325      328      337      334      360      359      356      357
     2224     2238     2257     2225     2342     2336     2335     2337     2226     2239     2272     2259
        1        1        1        1        0        0        0        0       20        0      310      325      334      337      328      326      335      338      329
     2225     2257     2238     2224     2230     2262     2242     2229     2223     2256     2269     2236
        1        1        1        1        0        0        0        0       20        0      311      326      335      338      329      327      336      339      330
     2230     2262     2242     2229     2233     2265     2244     2232     2228     2261     2273     2240
        1        1        1        1        0        0        0        0       20        0      312      327      336      339      330      577      580      581      578
     2233     2265     2244     2232     2854     2860     2857     2853     2234     2267     2278     2245
        1        1        1        1        0        0        0        0       20        0      313      334      337      346      343      357      356      353      354
     2257     2271     2290     2258     2335     2327     2326     2329     2259     2272     2304     2291
        1        1        1        1        0        0        0        0       20        0      314      334      343      346      337      335      344      347      338
     2258     2290     2271     2257     2263     2295     2275     2262     2256     2289     2302     2269
        1        1        1        1        0        0        0        0       20        0      315      335      344      347      338      336      345      348      339
     2263     2295     2275     2262     2266     2298     2277     2265     2261     2294     2306     2273
        1        1        1        1        0        0        0        0       20        0      316      336      345      348      339      580      583      584      581
     2266     2298     2277     2265     2861     2867     2864     2860     2267     2299     2310     2278
        1        1        1        1        0        0        0        0       20        0      317      343      346      721      720      354      353      724      725
     2290     2305     3140     2292     2326     2328     3147     2330     2291     2304     3144     3141
        1        1        1        1        0        0        0        0       20        0      318      343      720      721      346      344      717      718      347
     2292     3140     2305     2290     2296     3134     2308     2295     2289     3135     3138     2302
        1        1        1        1        0        0        0        0       20        0      319      344      717      718      347      345      714      715      348
     2296     3134     2308     2295     2300     3128     2311     2298     2294     3129     3132     2306
        1        1        1        1        0        0        0        0       20        0      320      345      714      715      348      583      662      661      584
     2300     3128     2311     2298     2869     3027     2871     2867     2299     3030     3028     2310
        1        1        1        1        0        0        0        0       20        0      321        4      697      694        7      467      704      703      466
     1046     3090     1058     1043     2595     3110     2592     2591     1045     3100     3091     1057
        1        1        1        1        0        0        0        0       20        0      322        4        7      694      697        5        8      695      698
     1043     1058     3090     1046     1048     1062     3094     1050     1042     1055     3089     3098
        1        1        1        1        0        0        0        0       20        0      323        5        8      695      698        6        9      696      699
     1048     1062     3094     1050     1051     1066     3096     1054     1047     1060     3093     3101
        1        1        1        1        0        0        0        0       20        0      324        6        9      696      699      470      471      665      666
     1051     1066     3096     1054     2602     2607     3034     2604     1053     1065     3035     3037
        1        1        1        1        0        0        0        0       20        0      325        4        7       16       13      467      466      463      464
     1043     1056     1082     1044     2591     2585     2584     2588     1045     1057     1093     1084
        1        1        1        1        0        0        0        0       20        0      326        4       13       16        7        5       14       17        8
     1044     1082     1056     1043     1049     1086     1061     1048     1042     1081     1091     1055
        1        1        1        1        0        0        0        0       20        0      327        5       14       17        8        6       15       18        9
     1049     1086     1061     1048     1052     1088     1064     1051     1047     1085     1095     1060
        1        1        1        1        0        0        0        0       20        0      328        6       15       18        9      470      473      474      471
     1052     1088     1064     1051     2603     2611     2605     2602     1053     1090     1099     1065
        1        1        1        1        0        0        0        0       20        0      329       13       16       25       22      464      463      460      461
     1082     1092     1115     1083     2584     2578     2577     2581     1084     1093     1126     1117
        1        1        1        1        0        0        0        0       20        0      330       13       22       25       16       14       23       26       17
     1083     1115     1092     1082     1087     1119     1096     1086     1081     1114     1124     1091
        1        1        1        1        0        0        0        0       20        0      331       14       23       26       17       15       24       27       18
     1087     1119     1096     1086     1089     1121     1098     1088     1085     1118     1128     1095
        1        1        1        1        0        0        0        0       20        0      332       15       24       27       18      473      476      477      474
     1089     1121     1098     1088     2612     2618     2613     2611     1090     1123     1132     1099
        1        1        1        1        0        0        0        0       20        0      333       22       25       34       31      461      460      457      458
     1115     1125     1148     1116     2577     2571     2570     2574     1117     1126     1159     1150
        1        1        1        1        0        0        0        0       20        0      334       22       31       34       25       23       32       35       26
     1116     1148     1125     1115     1120     1152     1129     1119     1114     1147     1157     1124
        1        1        1        1        0        0        0        0       20        0      335       23       32       35       26       24       33       36       27
     1120     1152     1129     1119     1122     1154     1131     1121     1118     1151     1161     1128
        1        1        1        1        0        0        0        0       20        0      336       24       33       36       27      476      479      480      477
     1122     1154     1131     1121     2619     2625     2620     2618     1123     1156     1165     1132
        1        1        1        1        0        0        0        0       20        0      337       31       34       43       40      458      457      454      455
     1148     1158     1181     1149     2570     2564     2563     2567     1150     1159     1192     1183
        1        1        1        1        0        0        0        0       20        0      338       31       40       43       34       32       41       44       35
     1149     1181     1158     1148     1153     1185     1162     1152     1147     1180     1190     1157
        1        1        1        1        0        0        0        0       20        0      339       32       41       44       35       33       42       45       36
     1153     1185     1162     1152     1155     1187     1164     1154     1151     1184     1194     1161
        1        1        1        1        0        0        0        0       20        0      340       33       42       45       36      479      482      483      480
     1155     1187     1164     1154     2626     2632     2627     2625     1156     1189     1198     1165
        1        1        1        1        0        0        0        0       20        0      341       40       43       52       49      455      454      451      452
     1181     1191     1214     1182     2563     2557     2556     2560     1183     1192     1225     1216
        1        1        1        1        0        0        0        0       20        0      342       40       49       52       43       41       50       53       44
     1182     1214     1191     1181     1186     1218     1195     1185     1180     1213     1223     1190
        1        1        1        1        0        0        0        0       20        0      343       41       50       53       44       42       51       54       45
     1186     1218     1195     1185     1188     1220     1197     1187     1184     1217     1227     1194
        1        1        1        1        0        0        0        0       20        0      344       42       51       54       45      482      485      486      483
     1188     1220     1197     1187     2633     2639     2634     2632     1189     1222     1231     1198
        1        1        1        1        0        0        0        0       20        0      345       49       52       61       58      452      451      448      449
     1214     1224     1247     1215     2556     2550     2549     2553     1216     1225     1258     1249
        1        1        1        1        0        0        0        0       20        0      346       49       58       61       52       50       59       62       53
     1215     1247     1224     1214     1219     1251     1228     1218     1213     1246     1256     1223
        1        1        1        1        0        0        0        0       20        0      347       50       59       62       53       51       60       63       54
     1219     1251     1228     1218     1221     1253     1230     1220     1217     1250     1260     1227
        1        1        1        1        0        0        0        0       20        0      348       51       60       63       54      485      488      489      486
     1221     1253     1230     1220     2640     2646     2641     2639     1222     1255     1264     1231
        1        1        1        1        0        0        0        0       20        0      349       58       61       70       67      449      448      445      446
     1247     1257     1280     1248     2549     2543     2542     2546     1249     1258     1291     1282
        1        1        1        1        0        0        0        0       20        0      350       58       67       70       61       59       68       71       62
     1248     1280     1257     1247     1252     1284     1261     1251     1246     1279     1289     1256
        1        1        1        1        0        0        0        0       20        0      351       59       68       71       62       60       69       72       63
     1252     1284     1261     1251     1254     1286     1263     1253     1250     1283     1293     1260
        1        1        1        1        0        0        0        0       20        0      352       60       69       72       63      488      491      492      489
     1254     1286     1263     1253     2647     2653     2648     2646     1255     1288     1297     1264
        1        1        1        1        0        0        0        0       20        0      353       67       70       79       76      446      445      442      443
     1280     1290     1313     1281     2542     2536     2535     2539     1282     1291     1324     1315
        1        1        1        1        0        0        0        0       20        0      354       67       76       79       70       68       77       80       71
     1281     1313     1290     1280     1285     1317     1294     1284     1279     1312     1322     1289
        1        1        1        1        0        0        0        0       20        0      355       68       77       80       71       69       78       81       72
     1285     1317     1294     1284     1287     1319     1296     1286     1283     1316     1326     1293
        1        1        1        1        0        0        0        0       20        0      356       69       78       81       72      491      494      495      492
     1287     1319     1296     1286     2654     2660     2655     2653     1288     1321     1330     1297
        1        1        1        1        0        0        0        0       20        0      357       76       79       88       85      443      442      439      440
     1313     1323     1346     1314     2535     2529     2528     2532     1315     1324     1357     1348
        1        1        1        1        0        0        0        0       20        0      358       76       85       88       79       77       86       89       80
     1314     1346     1323     1313     1318     1350     1327     1317     1312     1345     1355     1322
        1        1        1        1        0        0        0        0       20        0      359       77       86       89       80       78       87       90       81
     1318     1350     1327     1317     1320     1352     1329     1319     1316     1349     1359     1326
        1        1        1        1        0        0        0        0       20        0      360       78       87       90       81      494      497      498      495
     1320     1352     1329     1319     2661     2667     2662     2660     1321     1354     1363     1330
        1        1        1        1        0        0        0        0       20        0      361       85       88       97       94      440      439      436      437
     1346     1356     1379     1347     2528     2522     2521     2525     1348     1357     1390     1381
        1        1        1        1        0        0        0        0       20        0      362       85       94       97       88       86       95       98       89
     1347     1379     1356     1346     1351     1383     1360     1350     1345     1378     1388     1355
        1        1        1        1        0        0        0        0       20        0      363       86       95       98       89       87       96       99       90
     1351     1383     1360     1350     1353     1385     1362     1352     1349     1382     1392     1359
        1        1        1        1        0        0        0        0       20        0      364       87       96       99       90      497      500      501      498
     1353     1385     1362     1352     2668     2674     2669     2667     1354     1387     1396     1363
        1        1        1        1        0        0        0        0       20        0      365       94       97      106      103      437      436      433      434
     1379     1389     1412     1380     2521     2515     2514     2518     1381     1390     1423     1414
        1        1        1        1        0        0        0        0       20        0      366       94      103      106       97       95      104      107       98
     1380     1412     1389     1379     1384     1416     1393     1383     1378     1411     1421     1388
        1        1        1        1        0        0        0        0       20        0      367       95      104      107       98       96      105      108       99
     1384     1416     1393     1383     1386     1418     1395     1385     1382     1415     1425     1392
        1        1        1        1        0        0        0        0       20        0      368       96      105      108       99      500      503      504      501
     1386     1418     1395     1385     2675     2681     2676     2674     1387     1420     1429     1396
        1        1        1        1        0        0        0        0       20        0      369      103      106      115      112      434      433      430      431
     1412     1422     1445     1413     2514     2508     2507     2511     1414     1423     1456     1447
        1        1        1        1        0        0        0        0       20        0      370      103      112      115      106      104      113      116      107
     1413     1445     1422     1412     1417     1449     1426     1416     1411     1444     1454     1421
        1        1        1        1        0        0        0        0       20        0      371      104      113      116      107      105      114      117      108
     1417     1449     1426     1416     1419     1451     1428     1418     1415     1448     1458     1425
        1        1        1        1        0        0        0        0       20        0      372      105      114      117      108      503      506      507      504
     1419     1451     1428     1418     2682     2688     2683     2681     1420     1453     1462     1429
        1        1        1        1        0        0        0        0       20        0      373      112      115      124      121      431      430      427      428
     1445     1455     1478     1446     2507     2501     2500     2504     1447     1456     1489     1480
        1        1        1        1        0        0        0        0       20        0      374      112      121      124      115      113      122      125      116
     1446     1478     1455     1445     1450     1482     1459     1449     1444     1477     1487     1454
        1        1        1        1        0        0        0        0       20        0      375      113      122      125      116      114      123      126      117
     1450     1482     1459     1449     1452     1484     1461     1451     1448     1481     1491     1458
        1        1        1        1        0        0        0        0       20        0      376      114      123      126      117      506      509      510      507
     1452     1484     1461     1451     2689     2695     2690     2688     1453     1486     1495     1462
        1        1        1        1        0        0        0        0       20        0      377      121      124      133      130      428      427      424      425
     1478     1488     1511     1479     2500     2494     2493     2497     1480     1489     1522     1513
        1        1        1        1        0        0        0        0       20        0      378      121      130      133      124      122      131      134      125
     1479     1511     1488     1478     1483     1515     1492     1482     1477     1510     1520     1487
        1        1        1        1        0        0        0        0       20        0      379      122      131      134      125      123      132      135      126
     1483     1515     1492     1482     1485     1517     1494     1484     1481     1514     1524     1491
        1        1        1        1        0        0        0        0       20        0      380      123      132      135      126      509      512      513      510
     1485     1517     1494     1484     2696     2702     2697     2695     1486     1519     1528     1495
        1        1        1        1        0        0        0        0       20        0      381      130      133      142      139      425      424      421      422
     1511     1521     1544     1512     2493     2487     2486     2490     1513     1522     1555     1546
        1        1        1        1        0        0        0        0       20        0      382      130      139      142      133      131      140      143      134
     1512     1544     1521     1511     1516     1548     1525     1515     1510     1543     1553     1520
        1        1        1        1        0        0        0        0       20        0      383      131      140      143      134      132      141      144      135
     1516     1548     1525     1515     1518     1550     1527     1517     1514     1547     1557     1524
        1        1        1        1        0        0        0        0       20        0      384      132      141      144      135      512      515      516      513
     1518     1550     1527     1517     2703     2709     2704     2702     1519     1552     1561     1528
        1        1        1        1        0        0        0        0       20        0      385      139      142      151      148      422      421      418      419
     1544     1554     1577     1545     2486     2480     2479     2483     1546     1555     1588     1579
        1        1        1        1        0        0        0        0       20        0      386      139      148      151      142      140      149      152      143
     1545     1577     1554     1544     1549     1581     1558     1548     1543     1576     1586     1553
        1        1        1        1        0        0        0        0       20        0      387      140      149      152      143      141      150      153      144
     1549     1581     1558     1548     1551     1583     1560     1550     1547     1580     1590     1557
        1        1        1        1        0        0        0        0       20        0      388      141      150      153      144      515      518      519      516
     1551     1583     1560     1550     2710     2716     2711     2709     1552     1585     1594     1561
        1        1        1        1        0        0        0        0       20        0      389      148      151      160      157      419      418      415      416
     1577     1587     1610     1578     2479     2473     2472     2476     1579     1588     1621     1612
        1        1        1        1        0        0        0        0       20        0      390      148      157      160      151      149      158      161      152
     1578     1610     1587     1577     1582     1614     1591     1581     1576     1609     1619     1586
        1        1        1        1        0        0        0        0       20        0      391      149      158      161      152      150      159      162      153
     1582     1614     1591     1581     1584     1616     1593     1583     1580     1613     1623     1590
        1        1        1        1        0        0        0        0       20        0      392      150      159      162      153      518      521      522      519
     1584     1616     1593     1583     2717     2723     2718     2716     1585     1618     1627     1594
        1        1        1        1        0        0        0        0       20        0      393      157      160      169      166      416      415      412      413
     1610     1620     1643     1611     2472     2466     2465     2469     1612     1621     1654     1645
        1        1        1        1        0        0        0        0       20        0      394      157      166      169      160      158      167      170      161
     1611     1643     1620     1610     1615     1647     1624     1614     1609     1642     1652     1619
        1        1        1        1        0        0        0        0       20        0      395      158      167      170      161      159      168      171      162
     1615     1647     1624     1614     1617     1649     1626     1616     1613     1646     1656     1623
        1        1        1        1        0        0        0        0       20        0      396      159      168      171      162      521      524      525      522
     1617     1649     1626     1616     2724     2730     2725     2723     1618     1651     1660     1627
        1        1        1        1        0        0        0        0       20        0      397      166      169      178      175      413      412      409      410
     1643     1653     1676     1644     2465     2459     2458     2462     1645     1654     1687     1678
        1        1        1        1        0        0        0        0       20        0      398      166      175      178      169      167      176      179      170
     1644     1676     1653     1643     1648     1680     1657     1647     1642     1675     1685     1652
        1        1        1        1        0        0        0        0       20        0      399      167      176      179      170      168      177      180      171
     1648     1680     1657     1647     1650     1682     1659     1649     1646     1679     1689     1656
        1        1        1        1        0        0        0        0       20        0      400      168      177      180      171      524      527      528      525
     1650     1682     1659     1649     2731     2737     2732     2730     1651     1684     1693     1660
        1        1        1        1        0        0        0        0       20        0      401      175      178      187      184      410      409      406      407
     1676     1686     1709     1677     2458     2452     2451     2455     1678     1687     1720     1711
        1        1        1        1        0        0        0        0       20        0      402      175      184      187      178      176      185      188      179
     1677     1709     1686     1676     1681     1713     1690     1680     1675     1708     1718     1685
        1        1        1        1        0        0        0        0       20        0      403      176      185      188      179      177      186      189      180
     1681     1713     1690     1680     1683     1715     1692     1682     1679     1712     1722     1689
        1        1        1        1        0        0        0        0       20        0      404      177      186      189      180      527      530      531      528
     1683     1715     1692     1682     2738     2744     2739     2737     1684     1717     1726     1693
        1        1        1        1        0        0        0        0       20        0      405      184      187      196      193      407      406      403      404
     1709     1719     1742     1710     2451     2445     2444     2448     1711     1720     1753     1744
        1        1        1        1        0        0        0        0       20        0      406      184      193      196      187      185      194      197      188
     1710     1742     1719     1709     1714     1746     1723     1713     1708     1741     1751     1718
        1        1        1        1        0        0        0        0       20        0      407      185      194      197      188      186      195      198      189
     1714     1746     1723     1713     1716     1748     1725     1715     1712     1745     1755     1722
        1        1        1        1        0        0        0        0       20        0      408      186      195      198      189      530      533      534      531
     1716     1748     1725     1715     2745     2751     2746     2744     1717     1750     1759     1726
        1        1        1        1        0        0        0        0       20        0      409      193      196      205      202      404      403      400      401
     1742     1752     1775     1743     2444     2438     2437     2441     1744     1753     1786     1777
        1        1        1        1        0        0        0        0       20        0      410      193      202      205      196      194      203      206      197
     1743     1775     1752     1742     1747     1779     1756     1746     1741     1774     1784     1751
        1        1        1        1        0        0        0        0       20        0      411      194      203      206      197      195      204      207      198
     1747     1779     1756     1746     1749     1781     1758     1748     1745     1778     1788     1755
        1        1        1        1        0        0        0        0       20        0      412      195      204      207      198      533      536      537      534
     1749     1781     1758     1748     2752     2758     2753     2751     1750     1783     1792     1759
        1        1        1        1        0        0        0        0       20        0      413      202      205      214      211      401      400      397      398
     1775     1785     1808     1776     2437     2431     2430     2434     1777     1786     1819     1810
        1        1        1        1        0        0        0        0       20        0      414      202      211      214      205      203      212      215      206
     1776     1808     1785     1775     1780     1812     1789     1779     1774     1807     1817     1784
        1        1        1        1        0        0        0        0       20        0      415      203      212      215      206      204      213      216      207
     1780     1812     1789     1779     1782     1814     1791     1781     1778     1811     1821     1788
        1        1        1        1        0        0        0        0       20        0      416      204      213      216      207      536      539      540      537
     1782     1814     1791     1781     2759     2765     2760     2758     1783     1816     1825     1792
        1        1        1        1        0        0        0        0       20        0      417      211      214      223      220      398      397      394      395
     1808     1818     1841     1809     2430     2424     2423     2427     1810     1819     1852     1843
        1        1        1        1        0        0        0        0       20        0      418      211      220      223      214      212      221      224      215
     1809     1841     1818     1808     1813     1845     1822     1812     1807     1840     1850     1817
        1        1        1        1        0        0        0        0       20        0      419      212      221      224      215      213      222      225      216
     1813     1845     1822     1812     1815     1847     1824     1814     1811     1844     1854     1821
        1        1        1        1        0        0        0        0       20        0      420      213      222      225      216      539      542      543      540
     1815     1847     1824     1814     2766     2772     2767     2765     1816     1849     1858     1825
        1        1        1        1        0        0        0        0       20        0      421      220      223      232      229      395      394      391      392
     1841     1851     1874     1842     2423     2417     2416     2420     1843     1852     1885     1876
        1        1        1        1        0        0        0        0       20        0      422      220      229      232      223      221      230      233      224
     1842     1874     1851     1841     1846     1878     1855     1845     1840     1873     1883     1850
        1        1        1        1        0        0        0        0       20        0      423      221      230      233      224      222      231      234      225
     1846     1878     1855     1845     1848     1880     1857     1847     1844     1877     1887     1854
        1        1        1        1        0        0        0        0       20        0      424      222      231      234      225      542      545      546      543
     1848     1880     1857     1847     2773     2779     2774     2772     1849     1882     1891     1858
        1        1        1        1        0        0        0        0       20        0      425      229      232      241      238      392      391      388      389
     1874     1884     1907     1875     2416     2410     2409     2413     1876     1885     1918     1909
        1        1        1        1        0        0        0        0       20        0      426      229      238      241      232      230      239      242      233
     1875     1907     1884     1874     1879     1911     1888     1878     1873     1906     1916     1883
        1        1        1        1        0        0        0        0       20        0      427      230      239      242      233      231      240      243      234
     1879     1911     1888     1878     1881     1913     1890     1880     1877     1910     1920     1887
        1        1        1        1        0        0        0        0       20        0      428      231      240      243      234      545      548      549      546
     1881     1913     1890     1880     2780     2786     2781     2779     1882     1915     1924     1891
        1        1        1        1        0        0        0        0       20        0      429      238      241      250      247      389      388      385      386
     1907     1917     1940     1908     2409     2403     2402     2406     1909     1918     1951     1942
        1        1        1        1        0        0        0        0       20        0      430      238      247      250      241      239      248      251      242
     1908     1940     1917     1907     1912     1944     1921     1911     1906     1939     1949     1916
        1        1        1        1        0        0        0        0       20        0      431      239      248      251      242      240      249      252      243
     1912     1944     1921     1911     1914     1946     1923     1913     1910     1943     1953     1920
        1        1        1        1        0        0        0        0       20        0      432      240      249      252      243      548      551      552      549
     1914     1946     1923     1913     2787     2793     2788     2786     1915     1948     1957     1924
        1        1        1        1        0        0        0        0       20        0      433      247      250      259      256      386      385      382      383
     1940     1950     1973     1941     2402     2396     2395     2399     1942     1951     1984     1975
        1        1        1        1        0        0        0        0       20        0      434      247      256      259      250      248      257      260      251
     1941     1973     1950     1940     1945     1977     1954     1944     1939     1972     1982     1949
        1        1        1        1        0        0        0        0       20        0      435      248      257      260      251      249      258      261      252
     1945     1977     1954     1944     1947     1979     1956     1946     1943     1976     1986     1953
        1        1        1        1        0        0        0        0       20        0      436      249      258      261      252      551      554      555      552
     1947     1979     1956     1946     2794     2800     2795     2793     1948     1981     1990     1957
        1        1        1        1        0        0        0        0       20        0      437      256      259      268      265      383      382      379      380
     1973     1983     2006     1974     2395     2389     2388     2392     1975     1984     2017     2008
        1        1        1        1        0        0        0        0       20        0      438      256      265      268      259      257      266      269      260
     1974     2006     1983     1973     1978     2010     1987     1977     1972     2005     2015     1982
        1        1        1        1        0        0        0        0       20        0      439      257      266      269      260      258      267      270      261
     1978     2010     1987     1977     1980     2012     1989     1979     1976     2009     2019     1986
        1        1        1        1        0        0        0        0       20        0      440      258      267      270      261      554      557      558      555
     1980     2012     1989     1979     2801     2807     2802     2800     1981     2014     2023     1990
        1        1        1        1        0        0        0        0       20        0      441      265      268      277      274      380      379      376      377
     2006     2016     2039     2007     2388     2382     2381     2385     2008     2017     2050     2041
        1        1        1        1        0        0        0        0       20        0      442      265      274      277      268      266      275      278      269
     2007     2039     2016     2006     2011     2043     2020     2010     2005     2038     2048     2015
        1        1        1        1        0        0        0        0       20        0      443      266      275      278      269      267      276      279      270
     2011     2043     2020     2010     2013     2045     2022     2012     2009     2042     2052     2019
        1        1        1        1        0        0        0        0       20        0      444      267      276      279      270      557      560      561      558
     2013     2045     2022     2012     2808     2814     2809     2807     2014     2047     2056     2023
        1        1        1        1        0        0        0        0       20        0      445      274      277      286      283      377      376      373      374
     2039     2049     2072     2040     2381     2375     2374     2378     2041     2050     2083     2074
        1        1        1        1        0        0        0        0       20        0      446      274      283      286      277      275      284      287      278
     2040     2072     2049     2039     2044     2076     2053     2043     2038     2071     2081     2048
        1        1        1        1        0        0        0        0       20        0      447      275      284      287      278      276      285      288      279
     2044     2076     2053     2043     2046     2078     2055     2045     2042     2075     2085     2052
        1        1        1        1        0        0        0        0       20        0      448      276      285      288      279      560      563      564      561
     2046     2078     2055     2045     2815     2821     2816     2814     2047     2080     2089     2056
        1        1        1        1        0        0        0        0       20        0      449      283      286      295      292      374      373      370      371
     2072     2082     2105     2073     2374     2368     2367     2371     2074     2083     2116     2107
        1        1        1        1        0        0        0        0       20        0      450      283      292      295      286      284      293      296      287
     2073     2105     2082     2072     2077     2109     2086     2076     2071     2104     2114     2081
        1        1        1        1        0        0        0        0       20        0      451      284      293      296      287      285      294      297      288
     2077     2109     2086     2076     2079     2111     2088     2078     2075     2108     2118     2085
        1        1        1        1        0        0        0        0       20        0      452      285      294      297      288      563      566      567      564
     2079     2111     2088     2078     2822     2828     2823     2821     2080     2113     2122     2089
        1        1        1        1        0        0        0        0       20        0      453      292      295      304      301      371      370      367      368
     2105     2115     2138     2106     2367     2361     2360     2364     2107     2116     2149     2140
        1        1        1        1        0        0        0        0       20        0      454      292      301      304      295      293      302      305      296
     2106     2138     2115     2105     2110     2142     2119     2109     2104     2137     2147     2114
        1        1        1        1        0        0        0        0       20        0      455      293      302      305      296      294      303      306      297
     2110     2142     2119     2109     2112     2144     2121     2111     2108     2141     2151     2118
        1        1        1        1        0        0        0        0       20        0      456      294      303      306      297      566      569      570      567
     2112     2144     2121     2111     2829     2835     2830     2828     2113     2146     2155     2122
        1        1        1        1        0        0        0        0       20        0      457      301      304      313      310      368      367      364      365
     2138     2148     2171     2139     2360     2354     2353     2357     2140     2149     2182     2173
        1        1        1        1        0        0        0        0       20        0      458      301      310      313      304      302      311      314      305
     2139     2171     2148     2138     2143     2175     2152     2142     2137     2170     2180     2147
        1        1        1        1        0        0        0        0       20        0      459      302      311      314      305      303      312      315      306
     2143     2175     2152     2142     2145     2177     2154     2144     2141     2174     2184     2151
        1        1        1        1        0        0        0        0       20        0      460      303      312      315      306      569      572      573      570
     2145     2177     2154     2144     2836     2842     2837     2835     2146     2179     2188     2155
        1        1        1        1        0        0        0        0       20        0      461      310      313      322      319      365      364      361      362
     2171     2181     2204     2172     2353     2347     2346     2350     2173     2182     2215     2206
        1        1        1        1        0        0        0        0       20        0      462      310      319      322      313      311      320      323      314
     2172     2204     2181     2171     2176     2208     2185     2175     2170     2203     2213     2180
        1        1        1        1        0        0        0        0       20        0      463      311      320      323      314      312      321      324      315
     2176     2208     2185     2175     2178     2210     2187     2177     2174     2207     2217     2184
        1        1        1        1        0        0        0        0       20        0      464      312      321      324      315      572      575      576      573
     2178     2210     2187     2177     2843     2849     2844     2842     2179     2212     2221     2188
        1        1        1        1        0        0        0        0       20        0      465      319      322      331      328      362      361      358      359
     2204     2214     2237     2205     2346     2340     2339     2343     2206     2215     2248     2239
        1        1        1        1        0        0        0        0       20        0      466      319      328      331      322      320      329      332      323
     2205     2237     2214     2204     2209     2241     2218     2208     2203     2236     2246     2213
        1        1        1        1        0        0        0        0       20        0      467      320      329      332      323      321      330      333      324
     2209     2241     2218     2208     2211     2243     2220     2210     2207     2240     2250     2217
        1        1        1        1        0        0        0        0       20        0      468      321      330      333      324      575      578      579      576
     2211     2243     2220     2210     2850     2856     2851     2849     2212     2245     2254     2221
        1        1        1        1        0        0        0        0       20        0      469      328      331      340      337      359      358      355      356
     2237     2247     2270     2238     2339     2333     2332     2336     2239     2248     2281     2272
        1        1        1        1        0        0        0        0       20        0      470      328      337      340      331      329      338      341      332
     2238     2270     2247     2237     2242     2274     2251     2241     2236     2269     2279     2246
        1        1        1        1        0        0        0        0       20        0      471      329      338      341      332      330      339      342      333
     2242     2274     2251     2241     2244     2276     2253     2243     2240     2273     2283     2250
        1        1        1        1        0        0        0        0       20        0      472      330      339      342      333      578      581      582      579
     2244     2276     2253     2243     2857     2863     2858     2856     2245     2278     2287     2254
        1        1        1        1        0        0        0        0       20        0      473      337      340      349      346      356      355      352      353
     2270     2280     2303     2271     2332     2323     2322     2327     2272     2281     2313     2304
        1        1        1        1        0        0        0        0       20        0      474      337      346      349      340      338      347      350      341
     2271     2303     2280     2270     2275     2307     2284     2274     2269     2302     2312     2279
        1        1        1        1        0        0        0        0       20        0      475      338      347      350      341      339      348      351      342
     2275     2307     2284     2274     2277     2309     2286     2276     2273     2306     2316     2283
        1        1        1        1        0        0        0        0       20        0      476      339      348      351      342      581      584      585      582
     2277     2309     2286     2276     2864     2870     2865     2863     2278     2310     2319     2287
        1        1        1        1        0        0        0        0       20        0      477      346      349      722      721      353      352      723      724
     2303     2315     3143     2305     2322     2325     3146     2328     2304     2313     3145     3144
        1        1        1        1        0        0        0        0       20        0      478      346      721      722      349      347      718      719      350
     2305     3143     2315     2303     2308     3137     2318     2307     2302     3138     3139     2312
        1        1        1        1        0        0        0        0       20        0      479      347      718      719      350      348      715      716      351
     2308     3137     2318     2307     2311     3131     2321     2309     2306     3132     3133     2316
        1        1        1        1        0        0        0        0       20        0      480      348      715      716      351      584      661      660      585
     2311     3131     2321     2309     2871     3024     2872     2870     2310     3028     3026     2319
        1        1        1        1        0        0        0        0       20        0      481        7      694      711      832      466      703      710      835
     1058     3092     3124     1059     2592     3111     3122     2593     1057     3091     3121     3361
        1        1        1        1        0        0        0        0       20        0      482        7      832      711      694        8      833      712      695
     1059     3124     3092     1058     1063     3126     3095     1062     1055     3360     3123     3089
        1        1        1        1        0        0        0        0       20        0      483        8      833      712      695        9      834      713      696
     1063     3126     3095     1062     1067     3127     3097     1066     1060     3362     3125     3093
        1        1        1        1        0        0        0        0       20        0      484        9      834      713      696      471      659      664      665
     1067     3127     3097     1066     2606     3022     3032     2607     1065     3023     3033     3035
        1        1        1        1        0        0        0        0       20        0      485        7      832      829       16      466      835      836      463
     1059     3355     1094     1056     2593     3363     2586     2585     1057     3361     3356     1093
        1        1        1        1        0        0        0        0       20        0      486        7       16      829      832        8       17      830      833
     1056     1094     3355     1059     1061     1097     3358     1063     1055     1091     3354     3360
        1        1        1        1        0        0        0        0       20        0      487        8       17      830      833        9       18      831      834
     1061     1097     3358     1063     1064     1100     3359     1067     1060     1095     3357     3362
        1        1        1        1        0        0        0        0       20        0      488        9       18      831      834      471      474      658      659
     1064     1100     3359     1067     2605     2614     3020     2606     1065     1099     3021     3023
        1        1        1        1        0        0        0        0       20        0      489       16      829      826       25      463      836      837      460
     1094     3349     1127     1092     2586     3364     2579     2578     1093     3356     3350     1126
        1        1        1        1        0        0        0        0       20        0      490       16       25      826      829       17       26      827      830
     1092     1127     3349     1094     1096     1130     3352     1097     1091     1124     3348     3354
        1        1        1        1        0        0        0        0       20        0      491       17       26      827      830       18       27      828      831
     1096     1130     3352     1097     1098     1133     3353     1100     1095     1128     3351     3357
        1        1        1        1        0        0        0        0       20        0      492       18       27      828      831      474      477      657      658
     1098     1133     3353     1100     2613     2621     3018     2614     1099     1132     3019     3021
        1        1        1        1        0        0        0        0       20        0      493       25      826      823       34      460      837      838      457
     1127     3343     1160     1125     2579     3365     2572     2571     1126     3350     3344     1159
        1        1        1        1        0        0        0        0       20        0      494       25       34      823      826       26       35      824      827
     1125     1160     3343     1127     1129     1163     3346     1130     1124     1157     3342     3348
        1        1        1        1        0        0        0        0       20        0      495       26       35      824      827       27       36      825      828
     1129     1163     3346     1130     1131     1166     3347     1133     1128     1161     3345     3351
        1        1        1        1        0        0        0        0       20        0      496       27       36      825      828      477      480      656      657
     1131     1166     3347     1133     2620     2628     3016     2621     1132     1165     3017     3019
        1        1        1        1        0        0        0        0       20        0      497       34      823      820       43      457      838      839      454
     1160     3337     1193     1158     2572     3366     2565     2564     1159     3344     3338     1192
        1        1        1        1        0        0        0        0       20        0      498       34       43      820      823       35       44      821      824
     1158     1193     3337     1160     1162     1196     3340     1163     1157     1190     3336     3342
        1        1        1        1        0        0        0        0       20        0      499       35       44      821      824       36       45      822      825
     1162     1196     3340     1163     1164     1199     3341     1166     1161     1194     3339     3345
        1        1        1        1        0        0        0        0       20        0      500       36       45      822      825      480      483      655      656
     1164     1199     3341     1166     2627     2635     3014     2628     1165     1198     3015     3017
        1        1        1        1        0        0        0        0       20        0      501       43      820      817       52      454      839      840      451
     1193     3331     1226     1191     2565     3367     2558     2557     1192     3338     3332     1225
        1        1        1        1        0        0        0        0       20        0      502       43       52      817      820       44       53      818      821
     1191     1226     3331     1193     1195     1229     3334     1196     1190     1223     3330     3336
        1        1        1        1        0        0        0        0       20        0      503       44       53      818      821       45       54      819      822
     1195     1229     3334     1196     1197     1232     3335     1199     1194     1227     3333     3339
        1        1        1        1        0        0        0        0       20        0      504       45       54      819      822      483      486      654      655
     1197     1232     3335     1199     2634     2642     3012     2635     1198     1231     3013     3015
        1        1        1        1        0        0        0        0       20        0      505       52      817      814       61      451      840      841      448
     1226     3325     1259     1224     2558     3368     2551     2550     1225     3332     3326     1258
        1        1        1        1        0        0        0        0       20        0      506       52       61      814      817       53       62      815      818
     1224     1259     3325     1226     1228     1262     3328     1229     1223     1256     3324     3330
        1        1        1        1        0        0        0        0       20        0      507       53       62      815      818       54       63      816      819
     1228     1262     3328     1229     1230     1265     3329     1232     1227     1260     3327     3333
        1        1        1        1        0        0        0        0       20        0      508       54       63      816      819      486      489      653      654
     1230     1265     3329     1232     2641     2649     3010     2642     1231     1264     3011     3013
        1        1        1        1        0        0        0        0       20        0      509       61      814      811       70      448      841      842      445
     1259     3319     1292     1257     2551     3369     2544     2543     1258     3326     3320     1291
        1        1        1        1        0        0        0        0       20        0      510       61       70      811      814       62       71      812      815
     1257     1292     3319     1259     1261     1295     3322     1262     1256     1289     3318     3324
        1        1        1        1        0        0        0        0       20        0      511       62       71      812      815       63       72      813      816
     1261     1295     3322     1262     1263     1298     3323     1265     1260     1293     3321     3327
        1        1        1        1        0        0        0        0       20        0      512       63       72      813      816      489      492      652      653
     1263     1298     3323     1265     2648     2656     3008     2649     1264     1297     3009     3011
        1        1        1        1        0        0        0        0       20        0      513       70      811      808       79      445      842      843      442
     1292     3313     1325     1290     2544     3370     2537     2536     1291     3320     3314     1324
        1        1        1        1        0        0        0        0       20        0      514       70       79      808      811       71       80      809      812
     1290     1325     3313     1292     1294     1328     3316     1295     1289     1322     3312     3318
        1        1        1        1        0        0        0        0       20        0      515       71       80      809      812       72       81      810      813
     1294     1328     3316     1295     1296     1331     3317     1298     1293     1326     3315     3321
        1        1        1        1        0        0        0        0       20        0      516       72       81      810      813      492      495      651      652
     1296     1331     3317     1298     2655     2663     3006     2656     1297     1330     3007     3009
        1        1        1        1        0        0        0        0       20        0      517       79      808      805       88      442      843      844      439
     1325     3307     1358     1323     2537     3371     2530     2529     1324     3314     3308     1357
        1        1        1        1        0        0        0        0       20        0      518       79       88      805      808       80       89      806      809
     1323     1358     3307     1325     1327     1361     3310     1328     1322     1355     3306     3312
        1        1        1        1        0        0        0        0       20        0      519       80       89      806      809       81       90      807      810
     1327     1361     3310     1328     1329     1364     3311     1331     1326     1359     3309     3315
        1        1        1        1        0        0        0        0       20        0      520       81       90      807      810      495      498      650      651
     1329     1364     3311     1331     2662     2670     3004     2663     1330     1363     3005     3007
        1        1        1        1        0        0        0        0       20        0      521       88      805      802       97      439      844      845      436
     1358     3301     1391     1356     2530     3372     2523     2522     1357     3308     3302     1390
        1        1        1        1        0        0        0        0       20        0      522       88       97      802      805       89       98      803      806
     1356     1391     3301     1358     1360     1394     3304     1361     1355     1388     3300     3306
        1        1        1        1        0        0        0        0       20        0      523       89       98      803      806       90       99      804      807
     1360     1394     3304     1361     1362     1397     3305     1364     1359     1392     3303     3309
        1        1        1        1        0        0        0        0       20        0      524       90       99      804      807      498      501      649      650
     1362     1397     3305     1364     2669     2677     3002     2670     1363     1396     3003     3005
        1        1        1        1        0        0        0        0       20        0      525       97      802      799      106      436      845      846      433
     1391     3295     1424     1389     2523     3373     2516     2515     1390     3302     3296     1423
        1        1        1        1        0        0        0        0       20        0      526       97      106      799      802       98      107      800      803
     1389     1424     3295     1391     1393     1427     3298     1394     1388     1421     3294     3300
        1        1        1        1        0        0        0        0       20        0      527       98      107      800      803       99      108      801      804
     1393     1427     3298     1394     1395     1430     3299     1397     1392     1425     3297     3303
        1        1        1        1        0        0        0        0       20        0      528       99      108      801      804      501      504      648      649
     1395     1430     3299     1397     2676     2684     3000     2677     1396     1429     3001     3003
        1        1        1        1        0        0        0        0       20        0      529      106      799      796      115      433      846      847      430
     1424     3289     1457     1422     2516     3374     2509     2508     1423     3296     3290     1456
        1        1        1        1        0        0        0        0       20        0      530      106      115      796      799      107      116      797      800
     1422     1457     3289     1424     1426     1460     3292     1427     1421     1454     3288     3294
        1        1        1        1        0        0        0        0       20        0      531      107      116      797      800      108      117      798      801
     1426     1460     3292     1427     1428     1463     3293     1430     1425     1458     3291     3297
        1        1        1        1        0        0        0        0       20        0      532      108      117      798      801      504      507      647      648
     1428     1463     3293     1430     2683     2691     2998     2684     1429     1462     2999     3001
        1        1        1        1        0        0        0        0       20        0      533      115      796      793      124      430      847      848      427
     1457     3283     1490     1455     2509     3375     2502     2501     1456     3290     3284     1489
        1        1        1        1        0        0        0        0       20        0      534      115      124      793      796      116      125      794      797
     1455     1490     3283     1457     1459     1493     3286     1460     1454     1487     3282     3288
        1        1        1        1        0        0        0        0       20        0      535      116      125      794      797      117      126      795      798
     1459     1493     3286     1460     1461     1496     3287     1463     1458     1491     3285     3291
        1        1        1        1        0        0        0        0       20        0      536      117      126      795      798      507      510      646      647
     1461     1496     3287     1463     2690     2698     2996     2691     1462     1495     2997     2999
        1        1        1        1        0        0        0        0       20        0      537      124      793      790      133      427      848      849      424
     1490     3277     1523     1488     2502     3376     2495     2494     1489     3284     3278     1522
        1        1        1        1        0        0        0        0       20        0      538      124      133      790      793      125      134      791      794
     1488     1523     3277     1490     1492     1526     3280     1493     1487     1520     3276     3282
        1        1        1        1        0        0        0        0       20        0      539      125      134      791      794      126      135      792      795
     1492     1526     3280     1493     1494     1529     3281     1496     1491     1524     3279     3285
        1        1        1        1        0        0        0        0       20        0      540      126      135      792      795      510      513      645      646
     1494     1529     3281     1496     2697     2705     2994     2698     1495     1528     2995     2997
        1        1        1        1        0        0        0        0       20        0      541      133      790      787      142      424      849      850      421
     1523     3271     1556     1521     2495     3377     2488     2487     1522     3278     3272     1555
        1        1        1        1        0        0        0        0       20        0      542      133      142      787      790      134      143      788      791
     1521     1556     3271     1523     1525     1559     3274     1526     1520     1553     3270     3276
        1        1        1        1        0        0        0        0       20        0      543      134      143      788      791      135      144      789      792
     1525     1559     3274     1526     1527     1562     3275     1529     1524     1557     3273     3279
        1        1        1        1        0        0        0        0       20        0      544      135      144      789      792      513      516      644      645
     1527     1562     3275     1529     2704     2712     2992     2705     1528     1561     2993     2995
        1        1        1        1        0        0        0        0       20        0      545      142      787      784      151      421      850      851      418
     1556     3265     1589     1554     2488     3378     2481     2480     1555     3272     3266     1588
        1        1        1        1        0        0        0        0       20        0      546      142      151      784      787      143      152      785      788
     1554     1589     3265     1556     1558     1592     3268     1559     1553     1586     3264     3270
        1        1        1        1        0        0        0        0       20        0      547      143      152      785      788      144      153      786      789
     1558     1592     3268     1559     1560     1595     3269     1562     1557     1590     3267     3273
        1        1        1        1        0        0        0        0       20        0      548      144      153      786      789      516      519      643      644
     1560     1595     3269     1562     2711     2719     2990     2712     1561     1594     2991     2993
        1        1        1        1        0        0        0        0       20        0      549      151      784      781      160      418      851      852      415
     1589     3259     1622     1587     2481     3379     2474     2473     1588     3266     3260     1621
        1        1        1        1        0        0        0        0       20        0      550      151      160      781      784      152      161      782      785
     1587     1622     3259     1589     1591     1625     3262     1592     1586     1619     3258     3264
        1        1        1        1        0        0        0        0       20        0      551      152      161      782      785      153      162      783      786
     1591     1625     3262     1592     1593     1628     3263     1595     1590     1623     3261     3267
        1        1        1        1        0        0        0        0       20        0      552      153      162      783      786      519      522      642      643
     1593     1628     3263     1595     2718     2726     2988     2719     1594     1627     2989     2991
        1        1        1        1        0        0        0        0       20        0      553      160      781      778      169      415      852      853      412
     1622     3253     1655     1620     2474     3380     2467     2466     1621     3260     3254     1654
        1        1        1        1        0        0        0        0       20        0      554      160      169      778      781      161      170      779      782
     1620     1655     3253     1622     1624     1658     3256     1625     1619     1652     3252     3258
        1        1        1        1        0        0        0        0       20        0      555      161      170      779      782      162      171      780      783
     1624     1658     3256     1625     1626     1661     3257     1628     1623     1656     3255     3261
        1        1        1        1        0        0        0        0       20        0      556      162      171      780      783      522      525      641      642
     1626     1661     3257     1628     2725     2733     2986     2726     1627     1660     2987     2989
        1        1        1        1        0        0        0        0       20        0      557      169      778      775      178      412      853      854      409
     1655     3247     1688     1653     2467     3381     2460     2459     1654     3254     3248     1687
        1        1        1        1        0        0        0        0       20        0      558      169      178      775      778      170      179      776      779
     1653     1688     3247     1655     1657     1691     3250     1658     1652     1685     3246     3252
        1        1        1        1        0        0        0        0       20        0      559      170      179      776      779      171      180      777      780
     1657     1691     3250     1658     1659     1694     3251     1661     1656     1689     3249     3255
        1        1        1        1        0        0        0        0       20        0      560      171      180      777      780      525      528      640      641
     1659     1694     3251     1661     2732     2740     2984     2733     1660     1693     2985     2987
        1        1        1        1        0        0        0        0       20        0      561      178      775      772      187      409      854      855      406
     1688     3241     1721     1686     2460     3382     2453     2452     1687     3248     3242     1720
        1        1        1        1        0        0        0        0       20        0      562      178      187      772      775      179      188      773      776
     1686     1721     3241     1688     1690     1724     3244     1691     1685     1718     3240     3246
        1        1        1        1        0        0        0        0       20        0      563      179      188      773      776      180      189      774      777
     1690     1724     3244     1691     1692     1727     3245     1694     1689     1722     3243     3249
        1        1        1        1        0        0        0        0       20        0      564      180      189      774      777      528      531      639      640
     1692     1727     3245     1694     2739     2747     2982     2740     1693     1726     2983     2985
        1        1        1        1        0        0        0        0       20        0      565      187      772      769      196      406      855      856      403
     1721     3235     1754     1719     2453     3383     2446     2445     1720     3242     3236     1753
        1        1        1        1        0        0        0        0       20        0      566      187      196      769      772      188      197      770      773
     1719     1754     3235     1721     1723     1757     3238     1724     1718     1751     3234     3240
        1        1        1        1        0        0        0        0       20        0      567      188      197      770      773      189      198      771      774
     1723     1757     3238     1724     1725     1760     3239     1727     1722     1755     3237     3243
        1        1        1        1        0        0        0        0       20        0      568      189      198      771      774      531      534      638      639
     1725     1760     3239     1727     2746     2754     2980     2747     1726     1759     2981     2983
        1        1        1        1        0        0        0        0       20        0      569      196      769      766      205      403      856      857      400
     1754     3229     1787     1752     2446     3384     2439     2438     1753     3236     3230     1786
        1        1        1        1        0        0        0        0       20        0      570      196      205      766      769      197      206      767      770
     1752     1787     3229     1754     1756     1790     3232     1757     1751     1784     3228     3234
        1        1        1        1        0        0        0        0       20        0      571      197      206      767      770      198      207      768      771
     1756     1790     3232     1757     1758     1793     3233     1760     1755     1788     3231     3237
        1        1        1        1        0        0        0        0       20        0      572      198      207      768      771      534      537      637      638
     1758     1793     3233     1760     2753     2761     2978     2754     1759     1792     2979     2981
        1        1        1        1        0        0        0        0       20        0      573      205      766      763      214      400      857      858      397
     1787     3223     1820     1785     2439     3385     2432     2431     1786     3230     3224     1819
        1        1        1        1        0        0        0        0       20        0      574      205      214      763      766      206      215      764      767
     1785     1820     3223     1787     1789     1823     3226     1790     1784     1817     3222     3228
        1        1        1        1        0        0        0        0       20        0      575      206      215      764      767      207      216      765      768
     1789     1823     3226     1790     1791     1826     3227     1793     1788     1821     3225     3231
        1        1        1        1        0        0        0        0       20        0      576      207      216      765      768      537      540      636      637
     1791     1826     3227     1793     2760     2768     2976     2761     1792     1825     2977     2979
        1        1        1        1        0        0        0        0       20        0      577      214      763      760      223      397      858      859      394
     1820     3217     1853     1818     2432     3386     2425     2424     1819     3224     3218     1852
        1        1        1        1        0        0        0        0       20        0      578      214      223      760      763      215      224      761      764
     1818     1853     3217     1820     1822     1856     3220     1823     1817     1850     3216     3222
        1        1        1        1        0        0        0        0       20        0      579      215      224      761      764      216      225      762      765
     1822     1856     3220     1823     1824     1859     3221     1826     1821     1854     3219     3225
        1        1        1        1        0        0        0        0       20        0      580      216      225      762      765      540      543      635      636
     1824     1859     3221     1826     2767     2775     2974     2768     1825     1858     2975     2977
        1        1        1        1        0        0        0        0       20        0      581      223      760      757      232      394      859      860      391
     1853     3211     1886     1851     2425     3387     2418     2417     1852     3218     3212     1885
        1        1        1        1        0        0        0        0       20        0      582      223      232      757      760      224      233      758      761
     1851     1886     3211     1853     1855     1889     3214     1856     1850     1883     3210     3216
        1        1        1        1        0        0        0        0       20        0      583      224      233      758      761      225      234      759      762
     1855     1889     3214     1856     1857     1892     3215     1859     1854     1887     3213     3219
        1        1        1        1        0        0        0        0       20        0      584      225      234      759      762      543      546      634      635
     1857     1892     3215     1859     2774     2782     2972     2775     1858     1891     2973     2975
        1        1        1        1        0        0        0        0       20        0      585      232      757      754      241      391      860      861      388
     1886     3205     1919     1884     2418     3388     2411     2410     1885     3212     3206     1918
        1        1        1        1        0        0        0        0       20        0      586      232      241      754      757      233      242      755      758
     1884     1919     3205     1886     1888     1922     3208     1889     1883     1916     3204     3210
        1        1        1        1        0        0        0        0       20        0      587      233      242      755      758      234      243      756      759
     1888     1922     3208     1889     1890     1925     3209     1892     1887     1920     3207     3213
        1        1        1        1        0        0        0        0       20        0      588      234      243      756      759      546      549      633      634
     1890     1925     3209     1892     2781     2789     2970     2782     1891     1924     2971     2973
        1        1        1        1        0        0        0        0       20        0      589      241      754      751      250      388      861      862      385
     1919     3199     1952     1917     2411     3389     2404     2403     1918     3206     3200     1951
        1        1        1        1        0        0        0        0       20        0      590      241      250      751      754      242      251      752      755
     1917     1952     3199     1919     1921     1955     3202     1922     1916     1949     3198     3204
        1        1        1        1        0        0        0        0       20        0      591      242      251      752      755      243      252      753      756
     1921     1955     3202     1922     1923     1958     3203     1925     1920     1953     3201     3207
        1        1        1        1        0        0        0        0       20        0      592      243      252      753      756      549      552      632      633
     1923     1958     3203     1925     2788     2796     2968     2789     1924     1957     2969     2971
        1        1        1        1        0        0        0        0       20        0      593      250      751      748      259      385      862      863      382
     1952     3193     1985     1950     2404     3390     2397     2396     1951     3200     3194     1984
        1        1        1        1        0        0        0        0       20        0      594      250      259      748      751      251      260      749      752
     1950     1985     3193     1952     1954     1988     3196     1955     1949     1982     3192     3198
        1        1        1        1        0        0        0        0       20        0      595      251      260      749      752      252      261      750      753
     1954     1988     3196     1955     1956     1991     3197     1958     1953     1986     3195     3201
        1        1        1        1        0        0        0        0       20        0      596      252      261      750      753      552      555      631      632
     1956     1991     3197     1958     2795     2803     2966     2796     1957     1990     2967     2969
        1        1        1        1        0        0        0        0       20        0      597      259      748      745      268      382      863      864      379
     1985     3187     2018     1983     2397     3391     2390     2389     1984     3194     3188     2017
        1        1        1        1        0        0        0        0       20        0      598      259      268      745      748      260      269      746      749
     1983     2018     3187     1985     1987     2021     3190     1988     1982     2015     3186     3192
        1        1        1        1        0        0        0        0       20        0      599      260      269      746      749      261      270      747      750
     1987     2021     3190     1988     1989     2024     3191     1991     1986     2019     3189     3195
        1        1        1        1        0        0        0        0       20        0      600      261      270      747      750      555      558      630      631
     1989     2024     3191     1991     2802     2810     2964     2803     1990     2023     2965     2967
        1        1        1        1        0        0        0        0       20        0      601      268      745      742      277      379      864      865      376
     2018     3181     2051     2016     2390     3392     2383     2382     2017     3188     3182     2050
        1        1        1        1        0        0        0        0       20        0      602      268      277      742      745      269      278      743      746
     2016     2051     3181     2018     2020     2054     3184     2021     2015     2048     3180     3186
        1        1        1        1        0        0        0        0       20        0      603      269      278      743      746      270      279      744      747
     2020     2054     3184     2021     2022     2057     3185     2024     2019     2052     3183     3189
        1        1        1        1        0        0        0        0       20        0      604      270      279      744      747      558      561      629      630
     2022     2057     3185     2024     2809     2817     2962     2810     2023     2056     2963     2965
        1        1        1        1        0        0        0        0       20        0      605      277      742      739      286      376      865      866      373
     2051     3175     2084     2049     2383     3393     2376     2375     2050     3182     3176     2083
        1        1        1        1        0        0        0        0       20        0      606      277      286      739      742      278      287      740      743
     2049     2084     3175     2051     2053     2087     3178     2054     2048     2081     3174     3180
        1        1        1        1        0        0        0        0       20        0      607      278      287      740      743      279      288      741      744
     2053     2087     3178     2054     2055     2090     3179     2057     2052     2085     3177     3183
        1        1        1        1        0        0        0        0       20        0      608      279      288      741      744      561      564      628      629
     2055     2090     3179     2057     2816     2824     2960     2817     2056     2089     2961     2963
        1        1        1        1        0        0        0        0       20        0      609      286      739      736      295      373      866      867      370
     2084     3169     2117     2082     2376     3394     2369     2368     2083     3176     3170     2116
        1        1        1        1        0        0        0        0       20        0      610      286      295      736      739      287      296      737      740
     2082     2117     3169     2084     2086     2120     3172     2087     2081     2114     3168     3174
        1        1        1        1        0        0        0        0       20        0      611      287      296      737      740      288      297      738      741
     2086     2120     3172     2087     2088     2123     3173     2090     2085     2118     3171     3177
        1        1        1        1        0        0        0        0       20        0      612      288      297      738      741      564      567      627      628
     2088     2123     3173     2090     2823     2831     2958     2824     2089     2122     2959     2961
        1        1        1        1        0        0        0        0       20        0      613      295      736      733      304      370      867      868      367
     2117     3163     2150     2115     2369     3395     2362     2361     2116     3170     3164     2149
        1        1        1        1        0        0        0        0       20        0      614      295      304      733      736      296      305      734      737
     2115     2150     3163     2117     2119     2153     3166     2120     2114     2147     3162     3168
        1        1        1        1        0        0        0        0       20        0      615      296      305      734      737      297      306      735      738
     2119     2153     3166     2120     2121     2156     3167     2123     2118     2151     3165     3171
        1        1        1        1        0        0        0        0       20        0      616      297      306      735      738      567      570      626      627
     2121     2156     3167     2123     2830     2838     2956     2831     2122     2155     2957     2959
        1        1        1        1        0        0        0        0       20        0      617      304      733      730      313      367      868      869      364
     2150     3157     2183     2148     2362     3396     2355     2354     2149     3164     3158     2182
        1        1        1        1        0        0        0        0       20        0      618      304      313      730      733      305      314      731      734
     2148     2183     3157     2150     2152     2186     3160     2153     2147     2180     3156     3162
        1        1        1        1        0        0        0        0       20        0      619      305      314      731      734      306      315      732      735
     2152     2186     3160     2153     2154     2189     3161     2156     2151     2184     3159     3165
        1        1        1        1        0        0        0        0       20        0      620      306      315      732      735      570      573      625      626
     2154     2189     3161     2156     2837     2845     2953     2838     2155     2188     2955     2957
        1        1        1        1        0        0        0        0       20        0      621      313      730      688      322      364      869      689      361
     2183     3080     2216     2181     2355     3081     2348     2347     2182     3158     3079     2215
        1        1        1        1        0        0        0        0       20        0      622      313      322      688      730      314      323      687      731
     2181     2216     3080     2183     2185     2219     3078     2186     2180     2213     3077     3156
        1        1        1        1        0        0        0        0       20        0      623      314      323      687      731      315      324      686      732
     2185     2219     3078     2186     2187     2222     3076     2189     2184     2217     3075     3159
        1        1        1        1        0        0        0        0       20        0      624      315      324      686      732      573      576      673      625
     2187     2222     3076     2189     2844     2852     2954     2845     2188     2221     3049     2955
        1        1        1        1        0        0        0        0       20        0      625      322      688      676      331      361      689      683      358
     2216     3058     2249     2214     2348     3072     2341     2340     2215     3079     3057     2248
        1        1        1        1        0        0        0        0       20        0      626      322      331      676      688      323      332      675      687
     2214     2249     3058     2216     2218     2252     3055     2219     2213     2246     3053     3077
        1        1        1        1        0        0        0        0       20        0      627      323      332      675      687      324      333      674      686
     2218     2252     3055     2219     2220     2255     3052     2222     2217     2250     3050     3075
        1        1        1        1        0        0        0        0       20        0      628      324      333      674      686      576      579      672      673
     2220     2255     3052     2222     2851     2859     3047     2852     2221     2254     3048     3049
        1        1        1        1        0        0        0        0       20        0      629      331      676      679      340      358      683      684      355
     2249     3056     2282     2247     2341     3071     2334     2333     2248     3057     3064     2281
        1        1        1        1        0        0        0        0       20        0      630      331      340      679      676      332      341      678      675
     2247     2282     3056     2249     2251     2285     3054     2252     2246     2279     3061     3053
        1        1        1        1        0        0        0        0       20        0      631      332      341      678      675      333      342      677      674
     2251     2285     3054     2252     2253     2288     3051     2255     2250     2283     3059     3050
        1        1        1        1        0        0        0        0       20        0      632      333      342      677      674      579      582      671      672
     2253     2288     3051     2255     2858     2866     3045     2859     2254     2287     3046     3048
        1        1        1        1        0        0        0        0       20        0      633      340      679      682      349      355      684      685      352
     2282     3063     2314     2280     2334     3073     2324     2323     2281     3064     3069     2313
        1        1        1        1        0        0        0        0       20        0      634      340      349      682      679      341      350      681      678
     2280     2314     3063     2282     2284     2317     3062     2285     2279     2312     3067     3061
        1        1        1        1        0        0        0        0       20        0      635      341      350      681      678      342      351      680      677
     2284     2317     3062     2285     2286     2320     3060     2288     2283     2316     3065     3059
        1        1        1        1        0        0        0        0       20        0      636      342      351      680      677      582      585      670      671
     2286     2320     3060     2288     2865     2873     3043     2866     2287     2319     3044     3046
        1        1        1        1        0        0        0        0       20        0      637      349      682      691      722      352      685      690      723
     2314     3070     3085     2315     2324     3074     3083     2325     2313     3069     3082     3145
        1        1        1        1        0        0        0        0       20        0      638      349      722      691      682      350      719      692      681
     2315     3085     3070     2314     2318     3087     3068     2317     2312     3139     3084     3067
        1        1        1        1        0        0        0        0       20        0      639      350      719      692      681      351      716      693      680
     2318     3087     3068     2317     2321     3088     3066     2320     2316     3133     3086     3065
        1        1        1        1        0        0        0        0       20        0      640      351      716      693      680      585      660      669      670
     2321     3088     3066     2320     2872     3025     3041     2873     2319     3026     3042     3044
-1
! Material Id = {36BD796C-8629-4B61-9EC9-21F13A44FA55}
/wb,elem,end               !  done creating elements
/com,*********** Send User Defined Coordinate System(s) ***********
csys,0
toffst,273.15,      ! Temperature offset from absolute zero
/com,*********** Set Reference Temperature ***********
tref,22.
/wb,mat,start              !  starting to send materials
/com,*********** Send Materials ***********
MP,EX,1,8000000000,	! Pa
MP,NUXY,1,0.3,
MP,UVID,1,f0d6df6f-8265-48c0-ad00-d3db46dc4726

/wb,mat,end                !  done sending materials
!************************* Model Summary ********************
!SYS\Solid,	wood,	matid,	1
!************************* End Model Summary ********************
! get the diagonal of the bounding box. Needed later for other things
*get,_xmin,node,,mnloc,x
*get,_ymin,node,,mnloc,y
*get,_zmin,node,,mnloc,z
*get,_xmax,node,,mxloc,x
*get,_ymax,node,,mxloc,y
*get,_zmax,node,,mxloc,z
_ASMDIAG=(_xmax-_xmin)*(_xmax-_xmin)+(_ymax-_ymin)*(_ymax-_ymin)+(_zmax-_zmin)*(_zmax-_zmin)
_ASMDIAG=SQRT(_ASMDIAG)
/wb,contact,start          !  starting to send contact
/wb,contact,end            !  done creating contacts
/golist
/wb,load,start             !  starting to send loads
/com,*********** Fixed Supports ***********
CMBLOCK,_FIXEDSU,NODE,       65
(8i10)
       664       665       666       667       668       694       695       696
       697       698       699       700       701       702       703       704
       705       706       707       708       709       710       711       712
       713      3032      3033      3034      3035      3036      3037      3038
      3039      3040      3089      3090      3091      3092      3093      3094
      3095      3096      3097      3098      3099      3100      3101      3102
      3103      3104      3105      3106      3107      3108      3109      3110
      3111      3112      3113      3114      3116      3118      3121      3123
      3125
cmsel,s,_FIXEDSU
d,all,all
nsel,all
/com,*********** Define Pressure Using Surface Effect Elements "Pressure" ***********
et,2,154
mat,2
eblock,10,,,16
(15i9)
     1313        2        2        2        0      672      674      686      673     3048     3052     3049     3047
     1314        2        2        2        0      671      677      674      672     3046     3051     3048     3045
     1315        2        2        2        0      670      680      677      671     3044     3060     3046     3043
     1316        2        2        2        0      669      693      680      670     3042     3066     3044     3041
     1317        2        2        2        0      674      675      687      686     3050     3055     3075     3052
     1318        2        2        2        0      677      678      675      674     3059     3054     3050     3051
     1319        2        2        2        0      680      681      678      677     3065     3062     3059     3060
     1320        2        2        2        0      693      692      681      680     3086     3068     3065     3066
     1321        2        2        2        0      675      676      688      687     3053     3058     3077     3055
     1322        2        2        2        0      678      679      676      675     3061     3056     3053     3054
     1323        2        2        2        0      681      682      679      678     3067     3063     3061     3062
     1324        2        2        2        0      692      691      682      681     3084     3070     3067     3068
     1325        2        2        2        0      676      683      689      688     3057     3072     3079     3058
     1326        2        2        2        0      679      684      683      676     3064     3071     3057     3056
     1327        2        2        2        0      682      685      684      679     3069     3073     3064     3063
     1328        2        2        2        0      691      690      685      682     3082     3074     3069     3070
-1
esel,s,type,,2
keyop,2,7,0         ! Use deformed area for application of load
esel,all
esel,all
/gst,on,on
fini
*get,_numnode,node,0,count
*get,_numelem,elem,0,count
*get, _MAXELEMNUM, elem, 0, NUM, MAX
*get, _MAXNODENUM, node, 0, NUM, MAX
*get, _MAXELEMTYPE, etyp, 0, NUM, MAX
*get, _MAXREALCONST, rcon, 0, NUM, MAX
/go
/wb,load,end               !  done creating loads
/com,--- Number of total nodes = %_numnode%
/com,--- Number of contact elements = 16
/com,--- Number of spring elements = 0
/com,--- Number of bearing elements = 0
/com,--- Number of solid elements = 640
/com,--- Number of condensed parts = 0
/com,--- Number of total elements = %_numelem%
*get,_wallbsol,active,,time,wall
/com,****************************************************************************
/com,*************************    SOLUTION       ********************************
/com,****************************************************************************
/solu
antype,0                   ! static analysis
_thickRatio=  1     ! Ratio of thick parts in the model
eqsl,pcg,1e-8,,,,,,1
cntr,print,1               ! print out contact info and also make no initial contact an error
cncheck,dmp		!	Enable program controlled contact splitting for distributed memory parallel run
dmpoption,emat,no             ! Don't combine emat file for DANSYS
dmpoption,esav,no             ! Don't combine esav file for DANSYS
nldiag,cont,iter           ! print out contact info each equilibrium iteration
rescontrol,,none                 ! Do not keep any restart files
/com,****************************************************
/com,******************* SOLVE FOR LS 1 OF 1 ****************
esel,s,type,,2
nsle
sf,all,pres,30000.
nsel,all
esel,all
esel,all
/nopr
/gopr
nsub,1,1,1
time,1.
outres,erase
outres,all,none
outres,nsol,all,
outres,rsol,all
outres,eangl,all
outres,etmp,all
outres,veng,all
outres,strs,all,
outres,epel,all,
outres,eppl,all,
outres,cont,all,
! *********** WB SOLVE COMMAND ***********
! check interactive state
*get,ANSINTER_,active,,int
*if,ANSINTER_,ne,0,then
/eof
*endif
solve
/com *************** Write FE CONNECTORS ********* 
CEWRITE,file,ce,,INTE
/com,****************************************************
/com,*************** FINISHED SOLVE FOR LS 1 *************
*get,_wallasol,active,,time,wall
/nopr
*get,_numnode,node,0,count
*get,_numelem,elem,0,count
*get, _MAXELEMNUM, elem, 0, NUM, MAX
*get, _MAXNODENUM, node, 0, NUM, MAX,,,INTERNAL
*get, _MAXELEMTYPE, etyp, 0, NUM, MAX
*get, _MAXREALCONST, rcon, 0, NUM, MAX
*get,_NSOLTHREADS,active,0,ntfs
*get,_NSOLPROCESSES,active,0,npfs
/gopr
*get,_PCGITER,active,,solu,cgiter
/post1
xmlo,ENCODING,ISO-8859-1
xmlo,parm
/xml,parm,xml
fini
/gopr
*get,_walldone,active,,time,wall
_preptime=(_wallbsol-_wallstrt)*3600
_solvtime=(_wallasol-_wallbsol)*3600
_posttime=(_walldone-_wallasol)*3600
_totaltim=(_walldone-_wallstrt)*3600
*get,_dlbratio,active,0,solu,dlbr
*get,_combtime,active,0,solu,comb
*get,_ssmode,active,0,solu,ssmm
*get,_ndofs,active,0,solu,ndof
*get,_sol_end_time,active,0,set,time
*if,_sol_end_time,eq,1.000000,then
/fclean				!clean distributed files
*endif
/com,--- Total number of nodes = %_numnode%
/com,--- Total number of elements = %_numelem%
/com,--- Element load balance ratio = %_dlbratio%
/com,--- Time to combine distributed files = %_combtime%
/com,--- Sparse memory mode = %_ssmode%
/com,--- Number of DOF = %_ndofs%
/wb,file,end               ! done with WB generated input
